sex_of_respondent_male,adults_who_have_been_told_they_have_high_blood_pressure_by_a_doctor_nurse_or_other_health_professional_yes,have_you_smoked_at_least_100_cigarettes_in_your_entire_life_note_5_packs_100_cigarettes_yes,respondents_that_have_ever_reported_having_coronary_heart_disease_chd_or_myocardial_infarction_mi_reported_having_mi_or_chd,ever_told_you_had_a_heart_attack_also_called_a_myocardial_infarction_yes,ever_told_you_had_angina_or_coronary_heart_disease_yes,have_you_ever_been_told_by_a_doctor_nurse_or_other_health_professional_that_your_cholesterol_is_high_yes,are_you_currently_taking_medicine_prescribed_by_your_doctor_or_other_health_professional_for_your_cholesterol_yes,during_the_past_month_other_than_your_regular_job_did_you_participate_in_any_physical_activities_or_exercises_such_as_running_calisthenics_golf_gardening_or_walking_for_exercise_yes,adults_who_reported_doing_physical_activity_or_exercise_during_the_past_30_days_other_than_their_regular_job_no_physical_activity_or_exercise_in_last_30_days,physical_activity_index_meet_aerobic_recommendations,adults_that_participated_in_greater_than_300_minutes_or_vigorous_equivalent_minutes_of_physical_activity_per_week_2_levels_301_minutes_or_vigorous_equivalent_minutes_of_physical_activity,ever_told_you_had_diabetes_if_yes_and_respondent_is_female_ask_was_this_only_when_you_were_pregnant_if_respondent_says_pre_diabetes_or_borderline_diabetes_use_response_code_4_no,ever_told_you_had_diabetes_if_yes_and_respondent_is_female_ask_was_this_only_when_you_were_pregnant_if_respondent_says_pre_diabetes_or_borderline_diabetes_use_response_code_4_no_pre_diabetes_or_borderline_diabetes,ever_told_you_had_diabetes_if_yes_and_respondent_is_female_ask_was_this_only_when_you_were_pregnant_if_respondent_says_pre_diabetes_or_borderline_diabetes_use_response_code_4_yes,ever_told_you_had_diabetes_if_yes_and_respondent_is_female_ask_was_this_only_when_you_were_pregnant_if_respondent_says_pre_diabetes_or_borderline_diabetes_use_response_code_4_yes_but_female_told_only_during_pregnancy,four_level_smoker_status_everyday_smoker_someday_smoker_former_smoker_non_smoker_current_smoker,four_level_smoker_status_everyday_smoker_someday_smoker_former_smoker_non_smoker_former_smoker,four_level_smoker_status_everyday_smoker_someday_smoker_former_smoker_non_smoker_never_smoked,not_including_kidney_stones_bladder_infection_or_incontinence_were_you_ever_told_you_had_kidney_disease_don_t_know_not_sure,not_including_kidney_stones_bladder_infection_or_incontinence_were_you_ever_told_you_had_kidney_disease_no,not_including_kidney_stones_bladder_infection_or_incontinence_were_you_ever_told_you_had_kidney_disease_yes,has_a_doctor_or_other_health_professional_ever_told_you_that_you_had_prediabetes_or_borderline_diabetes_if_yes_and_respondent_is_female_ask_was_this_only_when_you_were_pregnant_no,has_a_doctor_or_other_health_professional_ever_told_you_that_you_had_prediabetes_or_borderline_diabetes_if_yes_and_respondent_is_female_ask_was_this_only_when_you_were_pregnant_yes,has_a_doctor_or_other_health_professional_ever_told_you_that_you_had_prediabetes_or_borderline_diabetes_if_yes_and_respondent_is_female_ask_was_this_only_when_you_were_pregnant_yes_during_pregnancy,are_you_currently_a_homemaker,are_you_currently_a_student,are_you_currently_employed_for_wages,are_you_currently_out_of_work_for_1_year_or_more,are_you_currently_out_of_work_for_less_than_1_year,are_you_currently_retired,are_you_currently_self_employed,are_you_currently_unable_to_work,are_you_marital_status_a_member_of_an_unmarried_couple,are_you_marital_status_divorced,are_you_marital_status_married,are_you_marital_status_never_married,are_you_marital_status_separated,are_you_marital_status_widowed,would_you_say_that_in_general_your_health_is,what_is_the_highest_grade_or_year_of_school_you_completed,is_your_annual_household_income_from_all_sources_if_respondent_refuses_at_any_income_level_code_refused,imputed_age_value_collapsed_above_80,body_mass_index_bmi,minutes_of_physical_activity_per_week_for_first_activity,now_thinking_about_your_physical_health_which_includes_physical_illness_and_injury_for_how_many_days_during_the_past_30_days_was_your_physical_health_not_good,now_thinking_about_your_mental_health_which_includes_stress_depression_and_problems_with_emotions_for_how_many_days_during_the_past_30_days_was_your_mental_health_not_good
0.003531161844730346,0.0691962588578463,-0.0025699117034674035,0.18472269833087918,0.11292770648375158,-0.002534542679786672,0.0161212703865021,-0.007360067516565372,-0.00039177715778349054,-0.00825052976608276,0.0004460721183568439,0.0050650976155884875,-0.0014044332504272172,0.0,-0.0004878330230712602,0.004677052740007653,-0.0031783324480056385,-0.0008874893188476896,-0.0034242887049913406,0.0,-0.0009275525808334628,-0.0011771780252456399,-0.0009219891764223331,0.0007758799195289323,-0.003621111810207356,-0.0012296414375304598,0.0,0.004815108561888326,0.0,0.0,0.007354608774185145,0.00011248824652287936,-0.0022063851356506625,0.0,-0.0008366762101650327,0.0031090539693832686,-0.0016723584756255239,-0.0021097470819950725,0.007075279355049091,0.10508122344035656,0.005156642172951309,0.01119990006089211,0.016628903001546846,-0.037576036453247086,-0.00022198108956220097,-0.005304573602043117,0.014415871202945685
0.003120542839169488,0.06056890934705733,0.0021405179798603124,-0.016344254612922632,-0.009274830520153099,-0.0023110383749007923,-0.005622928142547612,-0.016701502203941287,-0.00225531689822675,0.018706656098365804,0.0013674061559141026,0.0031733282282948583,0.019495736332610203,0.0,0.024732064381241814,0.0002720000781119003,0.019852249529212773,0.001210573017597194,0.002001735866069776,0.0,-1.7248392105123633e-05,-0.0010183674097060669,-0.001339657828211771,-0.0012107634544372692,0.00043707421049477,-0.00048215040937063525,0.0,-0.00037772685289386154,0.0,0.0,-0.009442036822438216,-0.00011583810672163852,0.16818236492574212,0.0,-0.003177913874387789,0.009589104354381595,-4.001776687800884e-05,0.03066643625497814,-0.0014682167768478305,0.009770768415182818,-0.002197063267231014,0.012772388514131261,0.0358461366593838,0.0013001706451177264,-0.0017561371996998865,-0.001824855208396925,-0.008885853476822358
-0.0022864178102463308,-0.046159483580850064,-0.0012639213632792135,-0.04437184867449105,-0.01357316500507294,-0.003364621726796028,0.019692819286137822,-0.049529688945040104,-0.0006243164697661875,-0.0016875074058771162,0.0011924335826188348,-0.0019235472148284305,-0.0006381245702505138,0.0,-0.003008486032485963,0.0009884247649460838,-0.0035443628579378194,0.0016216386109590454,-0.005685839513316759,0.0,-0.007603634893894207,-0.005131516521796562,-0.001382813425734649,0.00024592515081165063,-0.0007639245316386212,-0.0003691377583891278,0.0,-0.002292251172475508,0.0,0.0,-0.0070196401514112765,3.22663458064143e-05,-0.011832101270556464,0.0,-0.0015434423461556518,-0.00024818385019897624,-0.00022092143073678544,-0.006307374620810151,-0.0027064849436282956,-0.10944276032503694,-0.012930247089825597,-0.016898715279530727,-0.04120976229663936,0.001453747486229992,0.0003771684179082607,-0.0011385853635147358,-0.0023845098260790037
-0.004392441138625164,0.05749663496389981,0.0017564212903380672,-0.017128292620182062,-0.011781113147735583,0.001635308563709248,-0.02110763579607014,0.08668722063302994,-0.0051113137602806225,0.026033312715590035,-0.002524111345410307,0.0031970098614692577,-0.0011760827898979476,0.0,-0.0007634562253951982,0.0008323792368173932,-0.006444966793060336,-0.00839817225933076,0.024959284253418368,0.0,-0.0015336447954177324,-0.0024890130758285778,-0.0023179767839611176,-0.00045281171798708386,-0.0006712829507887208,-0.002195694446563673,0.0,0.003242142796516412,0.0,0.0,0.02088057775050406,-0.0008127528242767024,-0.0037346088886261453,0.0,-0.0030337163805961853,-0.01473311677575112,-0.00019736833870406811,-0.0020126600563526165,-0.00045913815498357935,0.021844448372721703,0.0019680050201714427,-0.014064514264464367,0.09300109184347097,0.017655218457803157,-0.0010385115258395583,0.002013663537800303,-0.0013242068886756275
-0.0068927655369043495,0.0708731417916715,0.0020774364471435602,-0.014251337498426442,-0.008913847208023101,-0.006668964326381671,-0.006792974746786029,0.0508696359209716,0.00021418869495390402,-0.0071122364327311505,2.8747739270335027e-05,0.008032423243857945,0.0064949316531419665,0.0036284248996525936,-0.0010633599758148038,0.002347985394299007,-0.006726331040263156,0.0015390947461128568,-0.004009681493043926,0.0,-0.0038299852609634255,-0.005138868093490567,-0.0025291598588228215,0.002431342303752887,-0.0015493537485599396,-0.0009437458217143868,0.0,0.01004876554012299,0.0,0.0,0.034982154294848467,-0.0017027164995670196,-0.007870261073112478,0.0,-0.003195654302835471,-0.0047411667928099754,0.00011820986866950545,-0.0029745897650718667,-0.002234448492527047,0.012204867694526916,-0.025926951086148647,-0.014223390594124807,0.05288828231394291,-0.02305698528885841,-0.0024260084331035603,-0.010545270666480061,0.029623639732599294
0.00957892683334649,0.06102595671080052,0.00023802354931831693,-0.03779844164848328,-0.01842633932828905,-0.005734561830759072,0.042778312554582976,-0.037285182252526305,-0.0006489501148461974,-0.003707344373688082,0.007182686664164051,-0.00052309512160717,-0.002203858289867633,0.0,-0.004818048626184471,0.0029799686931073766,-0.004841823205351814,0.008219116367399693,-0.006756528578698656,0.0,-0.001673642396926911,-0.003390020132064825,0.07003805881366135,-0.011001414805650728,-0.001769826784729922,-0.0010586662963032456,0.0,-0.0177813874091953,0.0,0.0,-0.02251033999025824,0.003577147293835875,-0.00944280475378037,0.0,-0.002040778938680904,0.025020312415435897,0.0008670054934919041,-0.0020184340327978334,-0.0025923170149326213,-0.04798697616904973,-0.025611912151798588,-0.014491731328889701,-0.037947130752727376,-0.00921239224262535,-0.00011106727644800973,-0.0025814935658127203,-0.00304238922894004
-0.0005801475094631275,-0.042294103801250454,-0.00019821668975056328,-0.04241288289427756,-0.018949437141418453,-0.0053779938817024465,0.011490701260045193,-0.05429101862013341,-0.0008224169723689626,-0.0017871933616697786,0.002535785553045594,-0.004947377773933103,-0.0015146097168326489,0.0,-0.0030072423070669208,0.00139779563993217,-0.0032657553441822317,-0.00013232047203930002,0.008213665066286915,0.0,-0.008461079448461535,-0.006640655994415295,-0.0010950950160622582,0.00039120455272494137,-0.0015415289625525554,-0.0002937419712543323,0.0,-0.01133555993903428,0.0,0.0,-0.01649457976222038,-0.00018048386089503793,-0.008209126070141811,0.0,-0.004726104270666824,-0.0035046652331948355,0.0010851469589397353,-0.003950045127421614,-0.002407165169715869,-0.04109387129545211,-0.008396770628169167,-0.025731931589543823,-0.058962817145511506,0.003998870542272909,-0.0007736606011167213,-0.014231373430229718,-0.006184734683483843
-0.017195453345775602,-0.057602592259645494,0.0015716750547290076,-0.044911966547369946,-0.020553058236837382,-0.002602373659610774,0.011636711284518264,-0.05002911161631346,-5.148466676474506e-05,-0.004555769991129624,0.0017997262440621886,0.013934072572737932,-0.0020544406399130924,0.0,-0.0035973470658064027,0.0020122255384922155,-0.0006306310743093568,0.004736061468720451,-0.004731578063219777,0.0,-0.0022666671872138763,-0.006323594748973857,-0.0007872162759303969,0.0008354494720697325,-0.003178981542587292,-0.0017982349172234596,0.0,0.005346601977944371,0.0,0.0,0.021346560427919048,0.0005727105215191791,-0.006731323599815375,0.0,0.002617922015488147,0.024011203367263076,1.091800630093065e-05,-0.00472948350012304,0.03708362633362412,-0.11023740028962492,-0.01797135572880504,-0.05476064386777581,0.04173108531162144,-0.011301721371710302,0.0007257604878395801,-0.013295316034927979,-0.0023488250374794073
5.127231357617695e-05,-0.04487945726141335,0.004106145305559052,-0.05127127469517291,-0.01984425463713707,-0.0031752703152596873,0.01994553289841862,-0.07157405622303484,-0.001618971005082126,-0.00564627774059772,-0.002771220570430173,-0.0025981441861949867,-0.0046658116485923384,0.0,-0.005452742055058472,0.0008434035256504949,-0.0021106821112334834,0.006252856496721519,-0.018164694760926088,0.0,-0.002599875144660445,-0.006419456303119665,-0.006144413454458122,0.0006550440192222562,-0.000620315251871971,-0.0007823635637760028,0.0,-0.0026734323031269228,0.0,0.0,-0.014219786785542962,0.00011044987477362538,-0.009278878085315231,0.0,0.002662956677377211,-0.0058864571177400585,9.633350651713085e-05,-0.006637076009064907,-0.003045092076063155,-0.07786686938488854,-0.006026145152281966,-0.011543051865883183,-0.005038968834560356,-0.0021370031521655702,-0.0034250662499107545,-0.0036099215969443224,-0.0029603031720034697
0.005458551496267339,0.10227551972493529,-0.01259241133928296,-0.02596271559596064,-0.01918317854404447,0.001675519645214063,0.007092620097100738,-0.03765288695693017,0.0007709557190537786,-0.0043049016594886025,-0.002463822662830295,0.003070058226585348,-0.0006003180146217368,0.0,-0.00030674159526822287,-0.0025327146053313876,-0.011601738035678849,-0.005147667527198807,-0.015848784446716335,0.0,5.0022602081284395e-05,-0.004413617253303526,0.025245536407455832,0.0196933265030384,-0.0040721535682678445,-0.002764039188623474,0.0,0.0019216883555054909,0.0,0.0,0.04405661009252068,0.00465173795819282,-0.0010327643156051725,0.0,0.019090751037001585,0.004950032830238371,-3.016889095264208e-06,-0.005010060071945155,-0.004382831454277036,0.08618623204529288,0.01566150844097136,-0.0008358164783567323,0.06888721879571674,0.031477400884032225,-0.00042641676962379416,-0.03856731250882153,0.01562930345535274
-0.013874983293935633,0.0821124425716698,0.0015079716965556156,-0.024960218071937545,-0.014853906035423275,-0.005047413408756252,-0.016227284837514178,0.05003350637853146,-2.4217069149012893e-05,-0.005085128843784342,0.005070341676473605,-0.009684405438601967,-0.0017856106162071061,0.0,-0.001965547204017648,0.0027483064681291802,-0.004909473322331909,-0.0009797117114067333,-0.01933356903493405,0.0,-0.0030676919221878096,-0.004459111988544484,-0.005504937376827002,-0.0021264389157295283,-0.0033408313989639338,-0.00023520210757849158,0.0,0.006200689589604763,0.0,0.0,0.03050747480243446,-0.0002949818596243714,-0.009218595325946793,0.0,-0.0028049282729625813,-0.0020860955305397333,0.0026778015308081826,-0.0021104243211448603,-0.005114282220602034,-0.059331744518131,-0.025575366187840703,0.00904355963692069,0.037649878468364484,-0.015403009979054305,0.0011565403919666928,0.0071738269552588385,-0.010522626489400888
0.017130493326112634,-0.04454911641776563,-0.008064843807369493,-0.04572207398712634,-0.00983683831989765,-0.0025096595287323054,0.016931601865217097,-0.04556227333843707,0.000339608974754782,-0.0033309533633291977,0.001259575402364141,0.0012720156926661619,-0.0016550749540328868,0.0,-0.0014967009425163186,0.0002736178785562454,0.03472152704373002,-0.00017923474311828946,0.032428214270621536,0.0,-0.0013388775289058796,-0.002097410857677451,-0.0012329531088471346,-0.0014582595229148676,-0.0018323924578726447,-0.0011266230978071445,0.0,-0.01020774262025953,0.0,0.0,-0.014427248463034642,0.0009827051311731283,-0.006728208586573581,0.0,-0.0035233963280916075,0.007877942309714864,0.0004036974534392529,0.09679524687118829,-0.0005119993537664458,-0.04405673041939735,0.0048056093975901715,-0.007151494305580847,-0.10157150202896446,0.004489741120487445,0.002787848189473141,-0.0068968028202653076,-0.007844892591238023
-0.00010634923353790987,-0.06143037005327641,-0.005169448629021647,-0.06079455908387899,-0.016613320522010335,-0.007563862763345239,0.015853904206305752,-0.06242073051631451,-6.727650761603754e-05,-0.0040220517478883056,0.000310168825089923,0.004467876618728078,-0.002092365333810464,0.0,-0.004268042594194402,0.0017361778765916797,0.03777806638740003,0.00048450179398058443,0.01345346290618182,0.0,-0.0030327071249485055,-0.009437991417944411,-0.003380745425820328,0.002984919846057886,-0.0035866436921060396,-0.0019456862565129796,0.0,-0.007156548853963635,0.0,0.0,-0.021748321726918207,0.0006536604277789446,-0.008462902419269086,0.0,-0.0008917336910963247,-0.02584110162220895,0.0001476826705038431,-0.009273288659751439,-0.0006531579792499465,-0.0012194684986025078,0.004317628648132066,-0.008111360101029273,-0.08562732161022722,-0.0009345324710011323,0.0016047167591750552,-0.010649990914389507,-0.0014234755095094281
-0.0008091610856354459,0.08921599828638138,-0.002182669863104808,-0.02732109650969508,-0.01307277336716653,-0.0019232457876205422,-0.02936814820393918,0.07373091620393099,0.0006960146501659992,-0.0023599736392497794,0.004942952580750004,-0.0041714043356478325,3.043547272682523e-05,0.0,-0.001138325780630084,0.0018737355619668772,-0.0041371965408324995,-0.0028157716616988293,-0.014199938774108883,0.0,-0.0016079336404800637,-0.0034694787859916865,0.010371193848550314,-0.000576514992862931,-0.0011636463832110089,-0.001880283281207068,0.0,-0.006431055590510354,0.0,0.0,0.032630359716713464,0.0002553999144583874,-0.007351818680763261,0.0,-0.0023509708046913214,0.009357676636427642,-8.21507722139625e-05,0.00021511450409891775,0.027064980557188423,-0.058234948683530074,-0.016959515213966353,-0.012670063879340915,0.08331626021303234,0.003386411294341085,0.0005860235914587619,-0.009740095846354963,-0.0026417031884193587
0.01554108249023553,0.014357360824942628,-0.0002813789248466425,-0.03427819803357124,-0.00786101981997489,-0.0018372192978858837,0.022442161962389934,-0.04002030208706853,-0.004950318457558722,0.026646727509796603,0.005799677483737442,0.012432031445205216,0.04788310937583448,0.0,0.03710721395909786,0.001961796097457391,-0.004429560750722872,9.977132081984141e-05,-0.011692147739231579,0.0,-0.005798638164997094,-0.003648425042629244,9.676203131675498e-05,0.004164829254150376,-0.002118041496723899,-0.002705506533384333,0.0,0.005919992923736572,0.0,0.0,-0.0148151782900095,-0.011639086697250611,-0.010471812188625335,0.0,-0.00021705001592636775,-0.004964590836316313,0.0033278477843850796,-0.006574370115995376,-0.00023198038339616867,0.01428935825824737,-0.007182805333286524,-0.026023327708244337,0.0005148218758404266,-0.0027726086974144137,0.0036469227634370605,-0.002445178832858802,0.0007462233304977306
0.002417133003473265,-0.02501690757460895,0.0005995535850524814,0.10871396478265527,0.14703711844980716,-0.004114346504211441,-0.015344924777746183,0.052327442169189414,-0.0009630081057548645,-0.0025076464191078895,0.003977774679660817,-0.0014167752093635633,0.02545620582997804,0.0,-0.0008345283567905981,0.005552715510129924,-0.0017663450539112113,-0.004016244495287535,0.012211643755435986,0.0,-0.0007866793870925648,-0.004342580437660198,-0.0011974441632628396,0.001447965800762202,-0.0015004862472415281,-0.00033182859420777255,0.0,0.0015702409297227993,0.0,0.0,0.017346076071262373,-0.005623581111431131,-0.005417895317077703,0.0,-0.009882786273956334,-0.007979025244712834,0.0008708223886788047,-0.0006991410255431929,0.006868640482425692,0.07830169996479527,0.0025879663228988714,0.028298495560884485,0.0009668212383985852,-0.027483040839433676,-0.008161944486200806,0.03654339246451854,0.05871418647002427
-0.015551981907337892,-0.07098533842712643,0.0007219501212239188,-0.02837354347109794,-0.019228454232215905,-0.0017772760987281866,0.025545053901150833,-0.0386339694261551,0.0003141397982835692,-0.0038127594068646242,0.002989554479718215,-0.007080753250047561,-0.0031012943387031533,0.0,4.214510321615128e-05,0.0024730404652655025,-0.006076170653104784,-2.5008097290973863e-05,-0.016225992850959298,0.0,-0.0026707842946052385,-0.0054783919453620655,-0.00044432645663619597,0.0002983731031417636,-0.0017647140379995208,-0.00024379640817642767,0.0,-0.004482478350400887,0.0,0.0,0.02749561811797324,-0.000480894036591073,-0.006190521121025083,0.0,0.013811951172538084,0.006604123185388749,-0.00017466783523559237,-0.003408739790320414,-0.0035076293349265986,-0.0564062864240259,0.0013284157775342587,0.02172652366571126,0.12062442651018503,0.002471931762993318,0.00021763430908322556,0.003366301991045484,-0.008108661770820619
-0.009228224791586408,-0.06418822050094602,-0.006162176318466689,-0.03778613321483135,-0.013253453820943825,-0.006335256509482849,0.010133080417290316,-0.02681491734459994,0.002738570906221885,0.019817944280803204,-0.022338513443246492,-0.005372994672507042,-0.0023023611307144143,0.0,-0.0009938582591712403,0.001773028094321498,-0.002498602978885177,0.0038727629184723,-0.005595196448266476,0.0,-0.004908104836940763,-0.003614202439785011,-0.0016970832552760731,0.0020251141488552005,-0.0025833536311984096,-0.0006229539960622699,0.0,-0.028669601511210223,0.0,0.0,-0.010732238925993454,0.0017546246014535222,-0.012100293040275586,-0.0317707651294768,-0.005477109178900708,0.010002838149666786,0.0005444471910595883,-0.002342181839048857,-0.0005638504773378405,0.010065268296748392,0.020841482249088578,-0.0036994682950899013,-0.08381874639540912,-0.00567168995738028,-0.005773806720972059,-0.004391626566648502,-0.005213891305029389
0.007076608664356165,-0.06091933449264615,0.0011854754388332528,-0.06702267780900001,-0.00566115790978073,-0.01782300297170878,0.028348034946247935,-0.06526183173060418,-0.0011502564698457791,-0.002776880916208046,-0.0007968884985893876,0.000710007683373981,-0.003826012313365934,0.0,-0.005684575289487848,0.002218060903251176,-0.010713885463774192,-0.00038418913260102397,-0.011262780390679836,0.0,-0.007625942453742006,-0.007120766043663018,-1.4617945998898763e-05,-0.0029143132269382477,-0.002107411557808511,-0.001038866341114053,0.0,-0.005264425543136882,0.0,0.0,-0.00820667814463378,0.001578783714212481,-0.0068782810494303626,0.0,-0.0015260078385472275,0.006338428445160402,0.0014037562953308214,-0.006110339574515813,-5.8882422745241275e-05,0.008079507900401933,0.000639593461528417,-0.007271961024962373,-0.10768139668740334,0.0008855230780318302,-0.0003797120787203123,-0.0011611248552799262,-0.001946269404143098
-0.012563759982585881,0.07835460677742956,-0.007945442702621208,-0.03390081964433192,-0.015017220079898835,-0.0007332912087440469,0.027444951757788633,-0.022395322695374476,0.00020720649510622136,-0.0028243988566100386,-0.002718736119568327,-0.00880243162624536,0.0005468156188726536,0.0,-0.0003268958628177554,0.004062291830778136,-0.004396452591754502,0.0007668779790401536,-0.01794489301741123,0.0,-0.002134485542774206,-0.0037170067429542486,0.02912937616929412,0.007784673459827862,-0.0011824548244476207,-0.000566786602139463,0.0,-0.0004913804214447814,0.0,0.0,0.033584069274365885,0.00043889087624846,-0.0087853953242302,0.0,4.126898944376012e-05,-0.01646361723542214,-0.0008908015489578203,-0.0012524931691586805,-0.0006382912397384921,-0.0010343443602323643,-0.018338899314403523,-0.003809468150138856,0.029955163965933035,0.0018511055409908272,-0.0015107330679893505,-0.005295149581506842,-0.0157052603363991
-0.0021026908606290584,-0.035011860383674515,-0.0032387532573193434,-0.05753382970578966,-0.006895719319581994,-0.018856102451682087,0.03590488489251584,-0.08047805504873395,-0.0011999096395447807,-0.005254720165394265,0.0040963326254859385,0.0023751154914498362,-0.0036807737872004524,0.0,-0.0014217595010996027,0.001181158237159273,-0.00540567763149739,0.0012431669421494006,-0.01299221180379391,0.0,-0.006598964501172328,-0.009572540558874583,0.0009647604171186541,0.0015351727232337242,-0.002406027149409044,-0.0011647011677268782,0.0,-0.0101249258511234,0.0,0.0,-0.021992905614897612,-4.029268398880563e-05,-0.010357592850923525,0.0,-0.0020676347613334672,0.010606539454311129,0.0008965394273400158,-0.0030332629941403864,-5.060378462082293e-06,-0.0041640588082373226,-0.0027190439961850494,-0.004786718310788279,-0.1207230559247546,0.00427901609800754,0.0001081050606444589,-0.00589549706317484,-0.002949312673881644
-0.0023263363330625004,-0.04165861927904188,-0.002421154920011756,-0.03382242660038174,-0.01979534447193146,-0.007018267838284381,0.011820911285467433,-0.07126842582598328,0.000326953670009969,-0.002665865041781214,0.001849627681076535,0.00027102645486595193,-0.0015946804173290752,0.0,-0.004462299495935462,0.0010336977220140508,-0.0034871776588261193,0.001272606006823461,-0.011391250803135335,0.0,-0.0015021899342536754,-0.006437648832798001,-0.00011304706567898375,0.00019106181571260637,-0.0010257531702518446,-0.00029677870217711174,0.0,0.0010446572606451934,0.0,0.0,-0.015616660458035767,0.00017520701047032874,-0.00999474983662367,0.0,-0.0038214711844920916,0.006945766722783436,0.00012391307391224245,-0.004211977440863851,-0.0011427142843604132,-0.06568863442633302,-0.009739465243183087,-0.018340367916971412,-0.08273465366335583,0.0014594823424704485,0.0010660791583359253,0.0031887882435694126,-0.0006390700535848781
-0.0005132472515105846,0.036811272604391015,-0.004853171929717043,-0.021515993922948812,-0.006457957029342654,0.0028836178779602095,-0.010227466523647366,0.05361637528985738,0.001999914944171899,0.016593725681304905,-0.0014172038435935619,-0.005428357571363451,0.01535070291720328,0.0,0.02972961880266667,-0.00012135659344492122,-0.003508912324905411,0.00040069699287414995,-0.0024765396118164307,0.0,0.01677120417356487,0.07555231772363186,-0.00022631734609601661,-0.0002611371874809143,0.0005044316034763796,2.4432241916672037e-05,0.0,0.005231480300426472,0.0,0.0,0.02170264780521397,0.00030186265707016213,-0.004031195044517516,0.0,-0.0039466854929923745,0.006959815621376042,-0.00028585493564609044,-0.0028372962027788384,0.0019500693678855818,0.07806710928678512,-0.003385796435177335,0.004121235860511635,0.06476407766342163,0.008438403308391573,1.0943412780795025e-05,-0.0017371575161814756,-0.007167264083400349
-0.0009121339768171088,0.01602596938610079,-0.0025319562852382793,0.12068915510550138,0.06173741286620493,0.06092954903841019,0.003815990472212427,0.02189865142107006,-0.00012908041477205368,-0.001816911026835455,-0.0012836559861898467,0.00042078685015439765,-0.0018759757280349398,0.0,-0.0004944789409637718,0.0016472227871418277,0.001178360879421192,-0.005532865943387144,-0.001955620348453535,0.0,-0.0011103492975234608,-0.0008560836315154585,-7.999181747436745e-05,-0.0003376483917236217,0.003969378620386099,0.0042558854818344205,0.0,0.021613776832818954,0.0,0.0,0.03176748003810648,-0.001288954913616136,-0.00035000681877139783,0.0,-0.0038945791125297724,-0.0011857318878173428,0.0002783049643040325,-0.0034649456292390746,-0.0001935631036758534,0.05068880036473272,0.00395185172557827,-0.029296065866947163,0.02820344686508175,0.00027210460044446716,0.0004544802103191581,0.005303435921669042,0.00024591863155365434
-0.008549930620938548,-0.04435152036603539,0.0017384423036128083,-0.044230162706226095,-0.011082227053120747,-0.008008033856749551,0.01059431437402962,-0.06602690769359469,-0.000729053355753434,-0.003169364957138876,0.0070962564740330095,-0.004006394813768573,-0.002527991645038131,0.0,-0.0033927256613969677,0.001623524166643641,-0.006387690911069527,0.004900822117924697,-0.009984471416100867,0.0,-0.005637979805469508,-0.0010280981659889152,-0.0006696918606758084,-0.0008737125247716832,-0.0020258060563355523,-0.002970525361597545,0.0,0.01040813229978084,0.0,0.0,-0.016667515523731705,-0.005104428753256771,-0.0052806221321225165,0.0,-0.0006447226367891044,-0.0021939991787076063,0.0001791576016694392,-0.0055629414319992125,-0.0035302861407399064,-0.04694697377737611,-0.004849849184975035,-0.0018914896342903387,-0.07985498576890679,0.0038870333041995803,0.0017987334169447255,-0.0004197830986231582,-0.002651902846992002
0.010892435340210782,-0.04389718861319125,-0.0034807699825614435,-0.034651906788349146,-0.020916690230369572,-0.0004015818238257973,0.024141142768785345,-0.030191308334469785,0.0008262747712433627,0.016006505833938728,0.01798778546974064,0.0011939639039337813,0.00012389200739562622,0.0,-0.0006335471570491635,0.0016437741555273555,-0.006300415545701987,-6.275391206148062e-05,0.021011382858268896,0.0,-0.0033893334865570113,-0.005801574289798744,0.005782153774052806,-0.04509877542033788,-0.002210982311517007,-0.0016346579417586549,0.0,0.021790939401835185,0.0,0.0,0.024709145002998423,-0.0005558194778859382,-0.005948186814785039,0.0,-0.0014316713809966741,-0.0043084139004349875,-0.00019441932439809295,-0.0032752455770969358,-0.00029950022697450285,0.006403337651863711,-0.011216623689979305,-0.006330183958634744,0.1153928881697357,0.0024015560373664147,0.0002961969003081044,0.0033026319742202603,-0.002483442351222026
0.000822036890313016,-0.06014017155393958,0.065254847407341,-0.02088482953608034,-0.016374294739216574,0.0006702476739883223,0.007755221007391816,0.07653977528214456,-0.00032763155177234493,-0.005628576418384906,0.003102319836616546,-0.0019958713324740307,-0.0007596050761640161,0.0,-0.0015075223147869299,0.0007441515475511279,-0.0010701934248208977,-0.0003126538172364135,0.0019802439492195845,0.0,0.008772419681772586,0.07503931507468223,-0.00019125431776047253,-0.0011832298338412817,-0.0013593974523246205,-0.0005355069041252242,0.0,0.005999530190601926,0.0,0.0,0.022347851544618602,-0.0005345016997307661,-0.005463239289820204,0.0,-0.001043563485145546,-0.003944835974834887,-4.8439074307654595e-05,-0.001029499787837243,-0.002147534489631661,-0.12028858844190832,-0.010896345628425494,0.0009786618407815473,0.07990826956927775,0.0034494365099817376,-0.0006569021241739081,-0.02112160268705343,0.00030644204467535074
0.0022019896563142682,0.0362254440970719,0.0001442436501383898,-0.05268212061375381,-0.010387759283185014,-0.006037929095327854,0.011656472925096764,-0.03202824324369429,-0.0005590235814451894,-0.002060834839940101,-0.016301619242876764,-0.00243910429999232,-0.0009810118004679458,0.0,-0.006110247820615769,0.0014048661105335036,-0.004303535241633655,0.005475859828293322,0.005734079442918316,0.0,0.00035541653633114345,-0.006330269575119021,0.01770246336236596,-0.011277130236849203,-0.0037643407285213593,-0.0010023215040564325,0.0,-0.025326767843216663,0.0,0.0,-0.013073295336216706,0.00020087034441529372,-0.019312003552913654,0.0,-0.0015375523641705663,0.005527186328545222,0.00010210862383244756,-0.00490475257858633,-0.0026332995295524353,-0.014989285357296461,-0.014507797770202197,-0.02971729416400193,-0.12384902903810145,-0.014333096407353904,0.0034554991405457147,-0.0006894795875996285,-0.006334867402911171
0.00295597749296575,-0.06668033406138418,-0.0018514751177281241,-0.04479560554027555,-0.021785346679389472,0.003843482583761229,-0.0038504468090832175,-0.07632129891775548,-0.0010822607949375895,-0.0044620124436915015,-0.00310826311819256,-0.005542569775134329,-0.0003987598884850896,0.0,-0.002135241366922877,0.0012585194408893524,-0.002417629584670053,0.0022926731407642426,-0.00933215513825417,0.0,-0.00138096734881403,-0.0065484079718589605,0.030890165455639357,0.015880701085552576,-0.0015933000482619003,-0.0044144482165575025,0.0,-0.009270398877561092,0.0,0.0,-0.017967670857906334,0.0014341018069535597,-0.00751144282519816,0.0,-0.0004257241636514558,-0.006348986877128503,0.00045771760866045175,-0.006545529775321468,-0.002755303382873539,-0.03722418718039991,0.0012818924104794766,-0.013025662349537032,-0.004693081108853206,-0.01248504466377201,-7.86170642822874e-05,-0.0054589591920375935,-0.010387222813442343
0.014877232033759374,0.05180171690881255,0.0008196835778654099,-0.021696883738040906,-0.006030337810516345,-0.00175897955894469,-0.008521908931434174,0.05933468827977781,-0.00013645380735402557,-0.0065768170729278985,0.0026383007783442602,0.01117478042840958,0.019771176371723376,0.0,0.03043816361576318,0.0019308012910186911,-0.005494262147694856,0.0006533795595169145,-0.0013165635429322753,0.0,-0.0018463593721389782,-0.006124474704265609,-0.0020641355216503565,0.0001126672327518563,-0.0018800271674990487,-0.0006430820003151538,0.0,-0.0005469055473804607,0.0,0.0,0.02896575449034572,-0.000264456812292313,-0.006022630333900492,0.0,-0.0018471896648406816,-0.001496475934982311,-0.0002794292569160417,-0.0039923338592052215,-0.0010252597928047114,0.008434487227350435,-0.010038179010152831,-0.016585919167846463,0.06545911375433205,-0.0019598924741148493,0.0015565226972102941,-0.005223070951178688,-0.004243184626102431
-0.005799590945243821,-0.07943196480162439,-0.00699041768908501,-0.022836832106113425,-0.02230816029012203,-0.008519342988729459,-0.06349183612037451,0.07940232880413531,0.0008799014985561016,-0.0064742256514727925,-0.005382182598113988,0.012223533377982682,-0.0011296050809323777,0.0,-0.0013534409552812543,0.0025051284953951924,-0.008482745736837383,0.0007559798657893885,-0.01095848649740222,0.0,-0.0033146640658378856,-0.008567046970129014,-0.0012803301587700905,0.003631074577569976,-0.0028573789075016925,-1.467965543269778e-05,0.0,-0.008333259038627139,0.0,0.0,0.024827503841370363,-0.0027718463540077065,-0.00895786702632903,0.0,-0.007635611742734916,-0.0003059652447700567,-0.0002698479685932509,-0.006339673995971684,-0.001967269182205217,-0.05459052413702009,0.00421995077282189,-0.009599903114140024,0.05269107895903288,0.0057644900493323825,0.0004957371950149447,-0.01140656006522478,-0.0039908996224403415
0.00467883944511413,0.04165195926092563,0.00036085665225985,-0.017230529785156212,-0.01129086971282961,0.0008226782083511353,-0.012800343781709744,0.06874973267316822,-0.0038326446106657364,0.03162973172962663,-0.004458923339843768,-0.003436146690510178,0.010621788417920469,0.0,0.024579075854271687,0.0020090001821517767,-0.005499856919050222,-0.0016897867294028146,0.015954299755394474,0.0,0.0006512349843978971,-0.0021837723255157537,0.0009704613685607988,0.001601605415344265,-0.00182219237089154,-0.0005621086806058828,0.0,0.003388959071598946,0.0,0.0,0.03977941729128359,-0.0009195730090141296,-0.0027726489305496538,0.0,0.013973051533102965,0.007658004015684172,-0.00021743297576903853,-0.002399066761136076,-0.0010420510172843844,0.09516808042302724,-0.016438197717070557,-0.007457984238862986,0.03560503780841823,0.004261732678860403,-0.0002470639348030046,0.0017638507485389643,0.019186265543103237
0.007798822391778232,-0.0575938035082072,0.003466408187523501,-0.036232823822647336,-0.018271474335342652,-0.011599393412470821,0.0008475227560847901,-0.056497003100812446,-0.0019318429660051886,-0.003000588715076448,-0.003786043031141148,-0.009325529709458324,-0.0025972335413098346,0.0,-0.0014639402180910005,0.003669016696512706,0.022409624038264152,0.0018523562699556406,0.013578281570225963,0.0,-0.007467351891100399,-0.0025925719738006947,0.002409606482833615,-0.0012438425235450253,-0.002702385317534195,-0.0013027068786323065,0.0,0.025719666015356774,-0.031037842351943276,0.0,-0.013748652320355187,0.0010182425379753057,-0.007995815426111219,0.0,0.0016668866574764407,-0.0745439387857914,-0.0012097401730716065,-0.004394463747739802,-0.00013639282435179423,0.00932357782498,0.003040391979739071,0.0019512449763715266,-0.11261216325685384,0.0037736559286713767,-0.0012929078843444408,0.005468121096491807,-0.00565916931256652
-0.014869409902021291,-0.06342116054147481,-0.0011612505465745937,-0.03807084813714026,-0.017419886589050304,-0.004456740319728869,0.02291786236688495,-0.03192593194544316,0.000286102043464756,-0.004140086472034454,0.007235221238806835,-0.0065378162637352855,-0.002348321042954904,0.0,-0.002687489390373221,0.0025186103582382074,-0.006488373950123777,0.0036056911945343273,-0.003322542011737817,0.0,-0.0030316939949989186,-0.004590383172035195,-0.0028415415808558386,0.0013685828447342063,-0.006060143690556269,-0.0011981307901442195,0.0,-0.00016131011769177084,0.0,0.0,0.017963004466146237,0.0004334237053990331,-0.01516438603401185,0.0,-0.0031478254497051272,-0.007597861280664794,6.202197633684015e-05,-0.004645377248525651,-0.002703695893287658,-0.05803930494934323,0.010143433604389435,-0.014097440773621198,0.05535259669646622,0.0002996272034943015,0.0009010673500597366,-0.01483415873721243,-0.004601334547624
0.020083933472633375,0.05599661075510082,-0.0028738009929656916,-0.0238602116703987,-0.011372938752174405,0.000572924017906179,-0.02186981250531972,0.09902682278305297,0.000469145663082593,-0.005624421965330861,-0.003520026477053767,0.009938894100487233,-0.0008314465917646785,0.0,-0.002468206584453597,0.0012791401147842496,-0.007388696298003206,2.9767006635678106e-05,-0.006809628456830974,0.0,-0.0019358021020889071,-0.0025676858425140447,-0.0015409549325704763,0.001240622103214295,-0.0011761474609374711,-0.0005705938860773863,0.0,0.009469723254442175,0.0,0.0,0.030212312340736347,-0.00013014219701290575,-0.0040789103507995195,0.0,-0.0019371673464775307,-0.0029382641613483473,0.00012241383083164137,-0.002330606784671563,0.01142319050617513,-0.044328556247055534,-0.015169563582167034,-0.007009945437312121,0.1124785046465695,0.01925234287045899,0.0017524145264178337,0.000723179131746271,-0.00036873579025265
-0.0012118013203143985,0.08715556439012284,0.0019639842212199887,-0.019399842172861087,-0.012893310040235556,-0.0017268252372741877,-0.003922395706176751,0.09475131201557815,-0.00010005295276641069,0.019881508350372362,0.0006742401421070132,0.006483139833435403,-0.0015937128663063016,0.0,-0.000741888582706407,0.0014615407027304683,0.017236777180805796,0.0013680511713027588,0.012010244643315654,0.0,-0.0015248030424117875,-0.001752083301544194,-0.0009922084212303228,-0.0007432357966900005,-0.0015705201774835476,-0.0008284563291817704,0.0,0.0020184679515659887,0.0,0.0,-0.007086213231086713,-0.00022415015846491415,0.07302829504013059,0.0,0.006341818608343569,0.014646119177341432,0.00030079230666160695,-0.001735306084156063,-0.0007418978214263627,0.0255481068044901,0.0028637234121561272,-0.0028187206387519648,0.015529414862394342,-0.020570693500339993,-0.00043250245973461277,0.006511031724512589,0.016207270538434376
-0.003875440554693327,-0.04087865525390953,0.0011819625273346915,-0.05057206794619559,-0.025394319593906395,-0.008240481652319442,-0.004600073359906684,-0.054933510050177575,-0.0008409111760556698,-0.004157646801322704,-0.005124947130680055,0.0017018677759915446,-0.00405504073947667,0.0,-0.0042663744091987615,0.0016454781591892335,-0.007364861164242037,0.00406173117458819,-0.006654857117682725,0.0,-0.003549907207489017,-0.0028491470217704568,-0.006308263540267936,-0.0010428439080715085,-0.00021310016512869623,-0.002076250556856382,0.0,0.006805851263925453,0.0,0.0,-0.010233361497521395,-0.012516315998509511,-0.009654467888176449,0.0,-0.0008380281738937026,-0.0052819400932639995,0.00012651010416446506,-0.010367888361215619,-0.0036573264747857825,-0.042020738623105014,-0.0008465440105646649,-0.004723511394113311,-0.0017977433465421258,-0.003123074099421499,-0.007952786181122058,-0.0030564173776656545,0.00030523094348609836
0.0185066238604486,0.033373595885932465,-0.00026633989065885655,-0.055619133785367016,-0.015061428844928754,-0.015470599532127371,-0.01194267505779864,-0.04345256857573987,-0.0006682216376066308,-0.003316354714334002,-0.00023995045572519635,0.004078148491680603,-0.01030638992786409,0.0,-0.0037817481160163924,0.0004988303780555647,-0.005290401577949522,0.005384324267506624,-0.002046622782945623,0.0,-0.003231965303421014,-0.006084146797657022,-0.006293132789433012,-0.0011482469737529588,0.0008190963417291641,-0.002089370228350179,0.0,-0.029111843798309556,0.0,0.0,-0.030685399547219244,0.0012930167466401882,-0.01112179607152941,0.0,0.0013768835365772225,0.005835238993167902,-0.00024894475936888816,0.07633897063322363,0.00034612402319909863,0.06476064733229578,-0.03301322266459464,-0.0028582337871193852,-0.0829846787452698,-0.006510302443057281,-0.0016945851035416182,0.0011616497114300683,-0.013278103619813908
0.003978052288293871,0.03859605729579929,-0.001867624968290349,0.188467468470335,0.10763008047826586,0.010318738222122203,-0.03018948309123512,0.007148533463478074,-0.00045710533857346025,-0.0016817405819892772,-0.0048252852540462965,-0.014318467229604753,0.0011973544955253268,0.0,-0.0021790969371795754,0.0001754567027091869,-0.005836753994226479,-0.011637957077473393,0.004060427397489547,0.0,-0.0024550342559814253,-0.001974181532859831,-0.001328902840614321,4.4496059417753475e-05,-0.0018956421315669825,0.0005955864489078644,0.0,-0.011770227123051868,0.0,0.0,0.038293057689443244,0.0014703775197267566,-0.00881080478429791,0.0,-0.009749152362346636,-0.006280594915151622,0.0007877445966005259,-0.009070482850074751,-0.000629754066467314,-0.08347020879387854,-0.007519883215427431,-0.02116903990507127,0.12124712537042795,0.00045222118496890396,-0.0037954373657703433,-0.003851429522037486,-0.0013604754209518288
0.010245641442015743,0.04612622488290073,-0.0006273420155048226,-0.029919813275337243,-0.014262504577636712,-0.0015719927847385184,-0.003645766247063892,0.05476875734515488,-0.0012983048707247008,-0.0014494459331035603,-0.004015914378687729,-0.0050264368439093265,-0.0014334183186292676,0.0,-0.003316039144992816,0.0006331873685121447,-0.004140421226620644,-0.0018030539155006325,-0.0011957744508981905,0.0,-0.009477182924747474,-0.001442225575447098,-0.0048716605082154,0.005092378407716758,-0.004051047526299936,-0.00011927940882744403,0.0,-0.020945236156694552,0.0,0.0,-0.022031182795763007,0.00044287095777689744,-0.017720850706100466,-0.04122142345644536,-0.00036943845450876367,0.015169938374310715,0.0008009511884301962,-0.003320452198386198,0.0006783919036388447,0.06952114871703084,0.0036695751966908385,-0.013546614786609998,-0.1087803894933313,-0.03896889143623411,0.001238462212495517,-0.005287653524428615,-0.011556053319945928
-0.0012883267737925364,0.044986221212893696,0.000976408720016475,0.17341339012607931,0.08549918919801713,-0.0074566376209258545,0.006713283956050864,-0.009166800826787891,-0.002209376692771936,0.021009219288825987,0.0025608360767364613,0.002930315434932773,0.011856720149517053,0.0,0.0033626078907399715,0.003100130558013947,0.0019048804044723422,-0.0010482087731361334,-0.006764636933803525,0.0,-0.0013864177465438832,-0.0001847034692764038,0.0009913161396979953,0.0007944312691688937,0.003116717338562003,-0.0018638074398040771,0.0,-0.0026546296477317766,0.0,0.0,0.001630798280239154,0.0007665959000586753,-0.009681886434555087,0.0,-0.004345211088657375,0.02242929771542551,-0.001644554967060674,-0.002895409092307094,-0.0013793258368969274,-0.039368183612823515,0.00034248501062394965,-0.01745700508356096,0.08355762720108031,-0.008639355897903489,0.00029172480106354204,0.001924431622028322,-0.00041902899742124466
-0.0018132361955940784,-0.060688162101432686,0.0006559784244745959,-0.03724653609097006,-0.01854540303349496,-0.0005600089579820694,0.020200049793347732,-0.02800682663917542,-9.530445560811118e-05,-0.004125277400016766,-3.4302063286306694e-05,-0.002376877879723918,-0.0024804663844406605,0.0,-0.0021984202414750964,0.0012166046164929778,-0.00915119644254446,-0.000362446755170831,-0.00772448427975176,0.0,-0.004351100325584431,-0.0054110458493232955,-0.005424309317022563,0.001966685075312849,-0.0011599185690283759,-0.002511653797701019,0.0,0.004862534501589827,0.0,0.0,-0.00910605907440186,-0.005133926682174203,-0.01476130232214927,0.0,-0.0031511829793453017,-0.0064165265206247435,3.896923735738356e-05,-0.005068206638097775,-0.005925344452261921,-0.05372981680557133,-0.003097677631303669,-0.0019180496223271046,0.0022263712575659317,-0.007814087653532614,0.0015445982571691275,-0.0029379643220454332,-0.0023657282814383285
-0.006062734723091129,0.04953604112612081,-0.0023106127697974377,-0.033756635189056444,-0.00907246589660643,0.00024433404207233056,0.0061056336015462565,-0.03749764278531073,0.0013232696987689196,0.026341624818742304,0.008184675406664621,0.01079620463773609,-0.002725066281855121,0.0,-0.0018103447556495622,0.005073554851114742,-0.008192041218280766,-0.012316879481077209,0.026792636401951286,0.0,-0.004305887818336518,0.00025642156600955146,-0.004578121006488772,-0.0008077763020992446,-0.0040720074623823155,-0.0019068062491714721,0.0,0.008550104200839986,0.0,0.0,0.04493062540423126,0.0015586963295936562,-0.008608434200286869,0.0,-0.0014392211288213885,-0.017808289825916285,0.00034867562353613213,-0.0037832809984683913,-0.0005879586935043091,0.09030320758931337,0.03737497261958192,-0.002670642267912665,0.1224428532272577,-0.014098563259467428,-0.002655560960993175,-0.0008017961867153589,-0.0024136003851890353
0.004825033647939559,0.041292030729819115,-0.0029521394893527245,-0.03666343051940204,-0.009035164508968602,0.0015092156827449799,0.02167658576741817,-0.05812874214723704,0.00038999192416667994,-0.0023650883417576547,0.00234509693458676,0.008010444995015853,-0.0013692229986190727,0.0,-0.002758896797895427,0.001488487459719176,-0.0058132748305797545,-0.0014610990043729538,-0.008693663980811832,0.0,-0.0064376047998666655,-0.008859480991959576,-0.003236199738457818,-0.004390906579792485,-0.002078115111216916,-0.0010062301997095305,0.0,-0.03482072370126846,0.0,0.0,-0.014967369530349973,0.0006572520080953895,-0.009602651447057728,0.0,-0.0014145720750093627,-0.010116220684722052,-9.575622156262481e-05,-0.0040350792557001,0.0011472832411527495,-0.03775131751783191,-0.015034240437671556,-0.016558328371029343,-0.11788457658607514,0.0017082349862903579,0.0008036336395889354,-0.015382374823093407,-0.004865700043737889
0.003414430827833728,-0.054188980022445335,0.010620719734579322,-0.049419311508536345,-0.009316900949925176,-0.012723662555217757,0.02175075017847121,-0.08938394514843824,0.0002878266386688033,-0.00012441445142030022,0.005678861010819672,-0.0006330414069816576,0.0019266789034008969,0.0,-0.00280871279537679,0.0024337558448314714,-0.008219043873250481,-0.0014563255757093357,0.014976371349766843,0.0,-0.0064467395842075295,-0.0026120015978813166,-0.003070930475369091,0.0010626795887947113,-0.00014710057526826081,-8.476346731184359e-05,0.0,-0.017311784708872444,0.0,0.0,-0.014861813671886923,-0.0006710120197385566,-0.008410717025399195,0.0,-0.003121705427765853,0.0059992400649935,-0.0003666684590279967,-0.0014969037473201857,-6.873160600662231e-05,0.00012987162219359194,0.01422019463032484,0.0023843968100845797,-0.12309773474698886,0.007640498122200384,-0.006362147517502317,-0.008049805960617953,0.04664470895193517
0.00430024746805429,-0.05217341886833313,0.0010656390618533074,-0.057479962259531024,-0.008459259569644925,-0.009979416504502278,-0.01614020947832613,-0.11076819881796836,-0.0030460720509290495,-0.004836004674434652,-0.007061743102967734,0.005638794498518125,-0.005899478532373902,0.0,-0.0038199721276760135,0.002839438393712035,-0.012451407909393308,-0.00023886237293482826,-0.012871627481654269,0.0,0.0010604205727577365,-0.0030856651067733554,-0.002078920118510713,-0.0005659992992878005,-0.0033124225866049684,-0.003287013936787847,0.0,-0.01115700593218208,0.0,0.0,-0.021433003358542924,0.0023632695898413436,-0.009395646154880533,0.0,0.0030888350028544787,0.01880582453683019,0.0004381905123591323,-0.008618435785174378,-0.0012340531498193918,0.0581144558545202,0.008632466341368855,0.010668715145438906,-0.015159519575536254,-0.009114225776866096,-0.0032070217281579966,-0.007134898956865088,-0.006184727251529687
-0.005300630740821377,-0.04819214774295687,0.004705664217472066,-0.04129381716251372,-0.011428294256329533,-0.0044254933297634275,-0.004532663198187931,-0.03472837075591087,0.005969299003481865,0.01712782848626375,0.00938896086066962,-0.00511183462105691,-0.005486503820866351,0.0,-0.005437565445899961,0.0016406505368650182,-0.010496744439005848,-0.022089565265923705,0.007161552589386722,0.0,-0.003239581882953646,-0.005306255817413341,-0.0015851789712905823,0.0010150188207626587,-0.0017184915021061786,-0.0013854251801967699,0.0,-0.018727725744247442,0.0,0.0,-0.013364218398928651,0.001616945257410407,-0.0127926766872406,0.013719675038009874,-0.0015826320648193587,0.010048410212621095,0.00048336328938602957,-0.004860584996640688,-0.0006153377890586731,0.005077465204522014,-0.0007122455397620825,0.0035704775340854866,-0.016409195801243198,-0.010730635994114002,-0.0007141828816383949,-0.012328356094658391,-0.010508083701133736
-0.00992405269294977,-0.0625852734968066,-0.010450051054358464,-0.02118331857025621,-0.027116651572287112,-0.0023056694865226657,-0.05413519171532241,0.10864377217367291,7.950659841299279e-05,-0.004050757531076657,0.007903578979894535,0.007213453445583579,0.00045453754253685363,0.0,-8.752811700107888e-05,0.000866343267261982,-0.004048534482717511,-0.002534122020006205,-0.00811452547088265,0.0,-0.0052162139117717665,-0.004124957919120792,0.007756948769092553,0.002336436733603481,-0.0012318954803049453,-0.0008060666918754539,0.0,-0.00188129891175777,0.0,0.0,-0.032858602218329924,-0.0018711655959486873,-0.014134884029626843,0.0,-0.00389382623136042,-0.01494419293478133,-0.0011716441065072747,-0.005891860630363233,0.004197908528149108,-0.05003504934720697,0.010694339219480736,-0.012752827433869268,-0.03727626575157045,0.0001542159821838196,-0.001958509273827083,-0.005443091532215463,0.0025342577323317628
0.006990039697848241,0.03595408625900745,0.0019884785637259428,-0.05400660932064058,-0.013200744800269601,-0.0018652742356061874,0.012072450593113904,-0.0225871606171131,9.949989616883648e-06,-0.0042192649841308605,0.0025296422839164792,0.0006163906492292898,-0.0017011542990803818,0.0,-0.002030678018927576,0.003033563718199711,-0.003158082962036138,0.002686242088675489,-0.0027512561529874913,0.0,-0.0013549980521202348,-0.009752545654773709,-0.006875459551811208,-0.0021132865548133747,-0.0018343532085418474,-0.001729469615966095,0.0,0.011570080793462709,0.0,0.0,-0.03513407573103906,-0.016504999110475198,-0.01601944684982297,0.0,-0.002514741197228436,-0.027102029938250782,0.0002792612463235894,-0.0062905631214380114,-0.0024231532961130064,-0.08994669773615895,0.003019157657399789,-0.010425568008795391,-0.02392969427630308,-0.008783778436481947,0.0007455441448837585,-0.009547537900507448,-0.0047236571088433155
-0.004489664454013109,0.06644176287576556,0.003972877785563489,-0.04173800349235535,-0.014129966199398047,-0.0007446610927581698,0.005514553859829879,-0.03838593579828739,-0.001289589405059799,-0.0024335598200559416,0.0032587112206965974,0.0008791062422096596,-0.0016466567106545038,0.0,-0.005363395735621446,0.0024102988280355897,-0.011125841997563862,0.007950044274330131,-0.014775645695626727,0.0,-0.005257146358490006,-0.0017904174327850464,-0.00012399062514303894,-0.00027915701270103677,-0.0007719138916581769,-0.0016006534360349378,0.0,0.009368257718160744,0.0,0.0,0.03560727767646313,0.0033245517406612357,-0.010062263309955605,0.0,-0.002516336739063235,0.019601137591525902,-0.00032723638229073537,-0.007889159396290757,-0.001189072728157048,-0.025979549838230004,-0.003482007151469596,-0.0043943392578512375,0.03203793413937092,0.009585044384002706,0.0036808560229837917,0.0010633339267224207,-0.0061994913965463805
-0.002461650399491172,-0.08926368418149652,0.0019309287704527,-0.04708449020981789,-0.028302369937300703,-0.0012135600671172274,0.013853845829144108,-0.03517116732895373,-0.0022871063370257516,-0.003901870176196075,0.001890977416187517,-0.0196268744813278,-0.002025572732090933,0.0,-0.00015041932463646934,0.0019200779497623444,-0.007208162397146223,0.002686450425535447,-0.006242855098098549,0.0,-0.0020312654972076127,-0.0062773434445262,0.01366425659507512,0.002250127941370028,0.030826905677095034,0.00020204618573185784,0.0,0.010828547999262805,0.0,0.0,-0.003928582025691851,0.0004836008232086929,-0.01037991538643837,0.0,-0.002779465541243531,0.010151824168860929,-0.005907538067549484,-0.00504962258040903,0.0029143419861793612,-0.02584452174603938,0.001130567844957131,0.006884301844984286,-0.152600678303279,-0.0022124201618134998,-0.001746214199811219,0.0005150708835572025,-0.0036719113495200933
0.010099122868850813,-0.028516553044319173,-0.0027029343135654797,-0.04004522867500783,-0.01211724798195064,-0.006839807983487856,0.005325687625445455,-0.05593156329356133,-0.00033643577247857714,-0.0023158854339271756,-0.0006213088659569599,-0.0016908911848440714,-0.004550328142940999,0.0,-0.002229342907667152,0.0004252522811293291,-0.004374533910304318,0.007246493846178023,-0.014211983513087043,0.0,0.0012611377239227645,-0.0066108849644661155,-0.0015338961407542345,0.000920521882362673,-0.0017539467103779363,-0.0005047634430229431,0.0,-0.0008894420042633716,0.0,0.0,-0.010805375883355742,-0.00021667842753232951,-0.012030993849039093,0.0,-0.0004383209161460122,0.00023699307814240012,0.0006755646690726064,-0.0030170836625620784,7.214240729808141e-05,-0.042848661751486355,-0.014810820282436899,-0.014531023595482112,-0.10216504184529185,-0.016433082222938517,0.0003519838815555093,0.001387276239693161,-0.006344587337225677
0.0018679778277874287,-0.052721818834543216,0.04338885471224785,-0.019021147936582605,-0.02004769921302796,-0.006895793974399572,-0.04713891880586743,0.09522247114218772,0.009744468973949566,-0.0027177464962005737,0.018472660779952993,-0.006314615178853289,-0.0001629927009344223,0.0,-0.0017449942231178572,0.002377120349556172,-0.0021066879853605947,0.027070096703246227,0.009192144498229027,0.0,-0.004874870479106896,-0.00396910846233367,0.0033958119153976174,0.00028323456645010237,0.00046954125165937777,-0.00019434183835981278,0.0,-0.0021609720401465915,0.0,0.0,0.031681637242436445,-0.0034140631556510426,-0.017620198875665627,0.0,-0.00469108238816264,0.015969629958271975,-0.0004958166182041368,-0.003204787969589229,0.0033967286348343118,-0.055457406304776705,0.006889402009546769,-0.019206521501764634,0.07904056816361843,-0.01783843301236629,-0.00017617892473933972,-0.004058137871325002,-0.00785718500614166
-0.0018792608287185458,-0.04708594993688167,-0.010047481656074511,-0.04460496420040727,-0.017011202126741412,-0.007825772389769559,-0.004376802854239928,-0.06265220269560814,-0.00219584437087178,-0.004978990275412792,-0.004280928224325201,0.00011464743409306949,-0.004999607261270283,0.0,-0.0014489522203803284,0.0016236610524356203,-0.012588981548324246,0.00044844524934889093,-0.033282082155346886,0.0,-0.005613631866872304,-0.0045743682980537576,-0.0018092321045696524,0.0053242853283882174,-0.0021073806285857866,-0.0046682966686785315,0.0,0.016785593861714007,0.006388377016410207,0.0,-0.008857291489839547,-0.001322028813883644,-0.011349775195121758,0.0,-0.0026741782575845814,0.010863674809224885,5.9918258339161645e-05,-0.0026398674957453933,-0.0041316589713096645,-0.0686696508154273,-0.0002842067647725391,-0.006734983213245879,-0.055423726071603605,0.03853711255360397,-0.0015391803439706447,0.002756225364282744,-0.004308249354362484
-0.0006103728525340413,-0.04111328613013027,-0.002535479813814162,-0.04443685099482536,-0.012684811651706679,0.005517189204692852,-0.0381058328412473,0.060954149328172225,0.00030586823821066034,-0.004932234622538084,0.0023286125063896046,0.003944937679916605,0.022002761736512166,0.0,0.030951097086071966,0.004627687595784663,-0.0032660363614559207,0.0021105428040027463,-0.013803503811359419,0.0,-0.004262892305850974,-0.0026342353224754478,0.0011979523114860058,0.0010852274298667752,-0.0023733083158731516,-0.0012892143055796557,0.0,0.009708492234349247,0.0,0.0,-0.04785093799233439,-0.0012832214683294318,-0.009061406254768367,0.0,-0.003652132451534257,-0.018387009352445638,-0.00047162123024466207,-0.008218739852309226,-0.0020938158035278542,-0.03106398054398596,-0.01262260153889655,-0.021285464391112313,0.04370709463953973,-0.0007212629541754612,0.005067181568592788,0.001844513891264804,-0.0034476144611835235
0.01025772757828236,-0.05367406813427805,-0.0004229302704334137,-0.029443095847964312,-0.03156932175159452,-0.002897582650184638,0.014506489410996443,-0.045897467248141754,-0.00035134624689817096,-0.008368992656469343,0.004737678635865439,-0.003272691157180818,0.11744693404762074,0.0,0.006794391507282838,0.00041353687644005155,-0.001478179097175597,-0.0008737777173519479,-0.016286826319992537,0.0,-0.0037301021814346302,-0.004572785198688506,-0.001358977630734448,0.0005017602443695146,0.0034110941737890144,-0.0014125915244221354,0.0,-0.0060175056708976216,0.0,0.0,-0.026167202265933165,0.002705464921891665,-0.008388614952564238,0.0,-0.007372271120548279,0.06754736512899401,-0.004324545264244084,0.00014996934682132146,-0.009916284084320076,0.07178433917928487,-0.0051911534136161175,-0.002653104886412627,-0.11580078689847143,0.012001705076545466,-0.000528125939890739,0.02805648025590929,0.020495610050857038
-0.040352965136989966,0.0644091453962028,-0.006422002688050266,-0.04041482850909234,-0.014005584046244607,-0.003309182822704343,0.022517006397247297,-0.05260769255459308,-0.0032907568942755483,0.021843341626226892,0.011766887772828333,0.008191053168848189,-0.002358557879924783,0.0,-0.00429512396454812,0.0022653444856405164,-0.007983977347612387,-0.0007039249688386984,-0.004576640464365456,0.0,-0.00477556675672533,-0.0076029184460639915,-0.003054861351847668,-0.0022378799319267284,-0.0028256848827004355,-0.003012354336678985,0.0,0.020553734116256245,0.0,0.0,0.022349849836900804,0.00010968124493956899,-0.008548818230628974,0.0,-0.001721135526895512,0.006059756465256166,0.0005647658556699742,-0.0017009712010621902,-0.0011074844002723627,-0.0637926315423101,-0.02238550326786934,-0.028638961622491466,0.02880272787064317,0.019949633330106756,-0.0012680228985846032,-0.0003626412153243941,-0.006110040573403225
-0.00011450812220573092,-0.06167766466736793,-0.0017920118011534314,-0.03389682784676551,-0.03337723806500434,-0.001127683185040959,-0.005325456261634817,-0.05746520109474659,0.0005429804325103593,-0.003351091146469115,-0.008080597035586848,-0.002417240366339682,8.595289662480243e-05,0.0,-0.0011956718564033464,0.001933523453772068,0.07040670554153623,-0.0060070574656129055,0.08683809201233089,0.0,-0.008698077574372312,-0.004809051603078832,-0.0016979308612644767,-0.0013802532851695803,-0.0032392298430204414,-0.0024439194425940475,0.0,-0.004034941457211977,0.0,0.0,-0.01768283836543559,0.004035007730126355,-0.007496875822544102,0.0,-0.0019470505416393086,0.029017693232744945,0.0017628413438796897,-0.007058426104485982,-0.0008397234976291607,0.006568671744316815,0.021390886679291732,0.011417488697916256,-0.1015141888521612,0.010915782786905776,0.000423100995831191,0.005697732251137483,0.036657377337105584
-0.0043383677303791,-0.0667251765727997,-0.0014930139482021432,-0.04273482561111451,-0.012139406502246874,-0.00041771799325941716,0.023847111882641936,-0.010811902582645444,-0.0002752717398107202,0.012567002354189727,0.007313827602192763,-0.0015653185825794669,-0.002802468389272658,0.0,-0.0018120287358760617,0.002362867668271068,-0.0019532580114901,0.002951795905828475,-0.009867504537105554,0.0,-0.0036117602884769284,-0.0023444107174873108,0.005867016632109895,0.0025483092851936867,-0.0024201905354857556,0.018710239520296434,0.0,0.012513592019677139,0.0,0.0,-0.014080222025513636,0.0013342706486582506,-0.012432329282164575,0.0,-0.0024536183476448203,-0.003994973106309765,0.00020782507956028373,-0.0010609745047986674,-0.0032420590519905146,-0.036958123547956356,-0.0007650154642760837,-0.020926961787045006,-0.05725924029946328,-0.0024711349140852656,-0.0009574662707746012,-2.9027964919783877e-05,-0.011239110380411144
-0.020847800886258483,-0.07466972431167962,-0.0012543682195245986,-0.03962205171585083,-0.02670386865735057,-0.001984511017799395,0.016850237902253873,-0.05519128568470477,-8.454188704493104e-05,0.031188145931810116,0.030110392598435287,0.006361124161630871,-0.002710962742567047,0.0,-0.002515674233436599,-0.0010491210222244307,0.05799075921066106,-0.0003760218620300071,0.018434928301721804,0.0,0.00015346676111219204,-0.0033246020972728663,-0.00013184495270252006,0.0010957162082195215,-0.0032254282385110744,-0.0006561086326837551,0.0,0.01991308864206076,0.0,0.0,0.023780185431241968,0.0018277281895279773,-0.0069519379734993,0.0,0.016514027360826716,0.010226822253316614,0.0004996059276163589,-0.005148641616106009,-0.0013728514313697815,-0.060489282626658675,0.003322928696870814,-0.00638301603496072,0.029858456738293182,0.011613277671858685,-0.0021275104582309523,3.679998219011105e-05,-0.005393933653831479
-0.006249527772888563,-0.010752670951187593,-0.002345559671521197,0.2668814465031028,0.12452218956314026,-0.0030622231960296398,-0.001741575347259633,0.002687741070985822,-0.00018134584650397745,-0.006017227247357343,-0.0015731430053710638,0.004527214141562597,-0.0026714967191218963,0.0,-0.0027959534525870966,0.005900077093392575,-0.003810121603310096,0.006132721602916669,-0.0032663534954190387,0.0,0.000551913976669316,-0.008963316231966056,-0.0042960598878562795,0.0011490807682276172,-0.0033469843864440962,-0.00048215568065640424,0.0,0.0008930565696209647,0.0,0.0,-0.0033673140779138244,-0.0007860186416655257,-0.007067399919033046,0.0,-0.004193919897079512,-0.0014474310725927642,0.001282309284433708,-0.0008873557671904841,-0.0005518868565559665,-0.03149148914963004,-0.000852565215900547,-0.003740661684423663,0.024371633147820843,0.003152019027620606,-0.0016036409698427234,0.0052963214274495685,-0.009621637426316776
0.009974485188722654,0.05026025310158727,-0.0034283341467380435,-0.013301542699337005,-0.012321508526802083,0.0009266400337219205,0.029546323865652063,0.06157286837697029,0.0005498524010181527,-0.003512455075979276,0.003667242974042889,0.0021262909378856054,0.028226691037416485,0.0,0.010451668296009353,0.0019542662054300164,-0.0016630801558494834,-0.0007324919104576,-0.008157831430435192,0.0,-0.001240881681442263,-0.0009275323152542203,0.00029662203043698265,0.0007554629445076233,0.00033924773335458625,-0.0009644732624292385,0.0,0.00463983816094693,0.0,0.0,0.017268596626818206,-0.0017091727256774436,-0.004194916486740113,0.0,-0.002949527055025075,0.01154011322185397,-0.0010928338766098,-0.0030268483608960894,-0.001654133796691909,0.028453985601663567,0.030689405202865616,0.017455384405329843,0.032793679041787926,0.015047748684883122,0.00045250210911035316,0.00029445467516783785,-0.00248106688261035
0.0019639564305543866,-0.069333574231714,0.01705215742811561,-0.010863819569349287,-0.01522636473178865,-0.006568544209003435,-0.01686817316338421,0.11298965983092785,0.001911713108420393,-0.002048707744106648,0.003104010596871376,-0.004327637106180199,0.0020852969586849235,0.0,-0.0007253414392471569,0.0030784305743873086,-0.006442511007189761,0.022856723926961448,0.019297224096953863,0.0,-0.004168053865432703,-0.002323807477951023,-0.0014252612926065888,0.0003692600503563681,0.0007690909504890486,-0.0007534971367567644,0.0,-0.0006263825111091359,0.0,0.0,0.0393135402817279,-0.003097399994730965,-0.005180366933345809,0.0,-0.0030598767101764623,0.013501448482274997,-0.00131880544126034,-0.002130032479763011,0.0008677348494529336,-0.13183995859697462,0.026848645927384507,0.021435951469466086,0.04155957610346375,0.017272525206208242,0.01156270621344449,-0.0017411246709525818,-0.008803832828998548
0.001637652087956673,0.049214182486757616,-0.0005442311614751449,-0.025889325290918364,-0.015889317840337758,-0.0024278920888900907,-0.01603027268312872,0.05402239244431259,-0.0010794801265001375,-0.0013768321182578563,0.006573380790650826,-0.005745258731767525,-0.0011988922022282966,0.0,-0.0010199624300002985,0.002103218287229508,-0.0043526292964816,-0.0002541361749172355,-0.015260936059057706,0.0,-0.005504310578107824,-0.0038210888206958726,-0.006832750374451274,-0.001006513386964808,-0.001835868749767558,-0.0010871981084346893,0.0,-0.0007907197251915687,0.0,0.0,-0.024231919720768935,-0.0023078208044171322,-0.01004975110292436,0.0,-0.004308693259954435,-0.0055387857183814004,-0.0004442305862903395,-0.007290371879935267,-0.003529722243547445,-0.13280142754316332,0.000901031009852879,-0.013317643543705349,0.003757714554667474,-0.0009509328939020789,0.0001394533738493936,0.0017619070038199514,-0.006144650578498834
0.008239567950367899,0.07968197112903,-0.004342746362090116,-0.027957646548747966,-0.00631123304367065,-0.0031038174033164723,-0.007579893618822081,0.07224770683795212,-0.0061373354122042645,0.03616336680948734,-0.006679546376690271,0.006299243569374086,-5.723461508749805e-05,0.0,-0.001328805685043316,0.0007184991240501148,-0.007905839681625365,-0.0009966516494751276,-0.010501632839441277,0.0,-0.001119728684425364,-0.0011223512887954812,-0.0036579512059688735,0.0029104912281036066,-0.0031665425002574965,-0.0018298757076263827,0.0,-0.008485270775854564,0.0,0.0,0.05439517848193645,-0.00033751651644708947,-0.00899526953697205,0.0,0.04071768251247701,0.0181868828833103,5.891978740693582e-05,-0.006648290455341349,-0.0012892091274261386,-0.041893368484452326,0.039041524231433894,-0.0023578022420406297,0.023150785481557273,0.0025896612554788534,0.0004948857054114797,0.0015034636855125183,-0.00360474854707718
-0.0032320794928819042,-0.06340796801261603,-0.006252242214977749,-0.040259748063981554,-0.014232791457325217,-0.009127062857151029,0.042194903597701325,-0.06168736742809413,-0.00010240185540169588,-0.0031528844172134946,-0.007205765200778841,-0.00041359264403582896,-0.0039489427395165075,0.0,-0.002126243263483041,0.0017725230194628253,-0.003743525594472892,0.0003648619726300262,-0.010707600675523288,0.0,-0.003512442857027065,-0.008935904800891875,0.0006244852766394832,5.3703663870693225e-05,-0.0020695267990231553,0.012804883196949975,0.0,0.008661069190129655,0.0,0.0,-0.0033089330978691746,-0.00022076420485974552,-0.01060123801231384,0.0,-0.0004376493208110427,0.00054522604681553,0.0006950206146575516,-0.0047507744189351775,-0.0032875577919185134,-0.07167763078585265,-0.006336541939526808,-0.01818331432994455,-0.07190802207100205,0.014523498369380841,0.0002637818548828323,0.0004325974825769609,-0.005721448269905512
-0.004702961929142491,-0.02594593056710436,-0.004061843771487467,-0.03933314147638159,-0.007543538550380617,-0.0032615005853586006,0.0268326261988841,-0.04139107550494373,0.0007118442095816191,-0.0012600163999013647,0.0016696269134990893,-0.001006922845263034,-0.0010366506641730755,0.0,-0.003661098126322024,0.0011669884435832542,-0.004062673291191463,0.006510837348178006,-0.009430312020704129,0.0,-0.0022565396432764704,-0.003619239181280154,-0.0024915829324163447,0.0015902542741969145,-0.0004739364096894988,-0.0008719728159485157,0.0,-0.011604171073413452,0.0,0.0,-0.019491248754784488,-0.0004691239469684751,-0.012609648816287511,0.0,-0.002445775307714927,0.0076510175457224355,-0.00023602412489706626,-0.00287693467922508,0.002134961434639971,-0.10737481633434073,-0.015412637656554564,-0.02082327539799734,-0.08375224661780521,-0.0090111099247588,0.0020332584762945832,0.001963547270279392,-0.002440177523531012
0.0023052153084427186,-0.0441794375050813,-0.0031068488210439713,-0.049010422080755234,-0.0291533061116934,-0.006197820752859115,-0.006171381343156111,-0.08699084158986808,-0.002914807051420186,0.0007177617214619986,-0.0092291350942105,0.0038945051911286888,-0.004521281942725192,0.0,-0.004178633391857145,0.0002929285354912395,-0.010571552962064749,0.003571876548230664,-0.015849055834114556,0.0,-0.006437253504991539,-0.004856977313756949,-0.005095922108739603,4.663366824389156e-05,0.0002958317659795262,-0.002485226038843366,0.0,-0.014643217381089924,0.0,0.0,-0.016157190166413787,0.00042507592588662477,-0.008636168837547298,0.0,-0.0016107486933469722,0.024474609913304426,0.0041408037114888385,-0.003802148979157205,-0.0015632939711213018,-0.049289716579951334,0.011332311199512331,0.008273968035355225,-0.008356191590428386,-0.004376724641770122,0.0001697164028883133,0.0004602682031691063,-0.0021721547469496644
0.015659533143043525,0.04869179339613772,0.004848854541778552,-0.02405923366546628,-0.01098684668540953,-0.0016520428657531283,-0.031084690093994144,0.09353491817601026,-0.008709681835025546,0.013435691539198186,-0.0023233491182327315,0.009527586796320958,-0.001593130752444244,0.0,-0.0006317836046218772,0.004687160402536361,-0.012486079558730101,0.004900621473789196,-0.025876262597739702,0.0,-0.005427123904228198,-0.0024711686372757002,-0.0013927814550698248,-0.001164254695177086,-0.0003109684959053949,0.0014975857175886786,0.0,-0.0015082494262605994,0.0,0.0,-0.022048374116420744,0.0007558756601065697,-0.009007915258407578,0.0,-0.0024031193554401586,-0.022008489547297394,0.00010311067104337712,-0.0010879148542881079,-0.003799367845058438,0.2130546011403203,0.013596038455143511,0.01816606565378609,-0.06809361154213545,0.0017915454506873818,-0.001992903482168934,0.02368298800662158,-0.004213093779981164
-0.013369153849780546,0.0663924303650856,0.0036166813410818677,-0.03855156060308218,-0.012114063464105096,-0.0018399616330862373,0.009117671623826026,-0.04522982880473135,0.000121312737464907,-0.006125470548868167,0.0019300521630793988,0.0050634602643549464,-0.000728655867278577,0.0,-0.0017749561369418965,0.0021871546097099737,-0.005472726467996819,-0.00023788467049598583,-0.00934310063719751,0.0,-0.0034576201438903664,-0.004528024792671226,-0.0016946249455213613,-0.0012348923087120156,-0.0031655819714069,-0.0006947576999664362,0.0,0.012605599202215684,0.0,0.0,0.03291341543197632,-0.0009642478451132863,-0.00910827979445461,0.0,-0.002385593280196191,-0.012386306747794174,0.0006596202589571332,-0.006244493573904053,-0.0034038433432579257,-0.05944454777054489,0.0030080416239798013,-0.023451541801914583,0.028915053112432365,0.017243837127462025,-0.0007401041314005763,-0.0016678756754845425,-0.004315215069800593
-0.00993483912199733,0.0749432830326259,-0.006048351079225522,-0.019492759406566612,-0.01858816653490067,-0.007647686600685127,-0.03677318321540954,0.07854780236259104,0.0002816914953291394,-0.004927979856729492,0.006159236729145062,-0.016791210956871527,-0.00041973501443864913,0.0,-0.0009652324020862357,0.001841533724218608,-0.012684423178434379,-0.0006858570873737313,-0.017709363251924543,0.0,-0.0028713497519493036,-0.007613078057765954,-0.004129032492637602,0.00035150364041328097,-0.002592670451849688,-0.00031464921310545013,0.0,0.002220534253865508,0.0,0.0,0.048470889106392856,-0.002484328448772416,-0.011528403162956252,0.0,-0.0070496477186679785,-0.0020490650832653,-0.0002291725575924164,-0.005999526754021628,0.0011165753006935064,-0.06234969756565989,-0.02091538913547994,-0.010841062022373088,0.015899122487753603,-0.006940278839319969,0.0011687234789133083,0.000801916681230086,0.0006489738821983393
-0.023363643996417535,-0.058408351978287115,0.00552507955580947,-0.04552785560488698,-0.013453243523836145,0.0015120773017406608,0.004332450311630945,-0.021655048429965976,0.002556412816047654,0.015329522341489807,-0.006720550013706084,-0.001886356738395989,-0.0030890063568949633,0.0,-0.0008107045292854442,0.0017066493630409352,0.028921963074244564,0.0006708252988755631,0.008248214377090335,0.0,-0.0035089412331581193,-0.0024486759305000355,-0.004008147753775129,0.002000327706336999,-0.0015972343273460837,-0.0016924428567290095,0.0,0.0015448154136538522,0.0,0.0,-0.008366660699248324,0.0015964105725288363,-0.012031121030449857,0.0,-0.0058776237815618415,0.017857062099501483,-0.006419699471443899,-0.0030564501881599343,-9.232655167577819e-05,-0.12563993269577622,0.04342834406532345,0.016790012922137998,-0.0413702249247581,-0.002303018495440498,-0.000332161225378505,-0.015285579822957501,-0.005064548850059483
-0.03652789365500214,0.04617276675999166,-0.0012898021191358744,-0.024815364629030195,-0.009811590313911406,-0.005514345169067403,-0.012980602681636783,0.050279118344187745,0.0016104794293642088,0.009801837429404242,-0.0074812967516481865,0.005850744075141856,0.034130787700414666,0.0,-0.003650113958865414,0.004796656593680393,-0.003432705998420743,0.0005666041374206565,-0.005477809011936147,0.0,-0.0033152675628662087,-0.006093116998672515,-5.946747958660015e-05,0.002785548269748722,-0.0009496951662004149,-0.0008946620672941885,0.0,0.01199054761789739,0.0,-0.014713125228881851,-0.008591827079653724,0.000326423496007866,-0.006839568614959768,0.0,-0.004765196144580847,0.02671489607542757,-4.867032170294272e-05,-0.005808745808899424,-0.004469547867774953,0.1299020013399422,-0.006558488477021451,0.0003559885686263975,-0.0024622334912419164,-0.036245763041079015,-0.007136329915374551,-0.0006154907494783368,-0.005052303969860034
0.01102687977254388,0.03712532445788383,-0.00039782211184502536,-0.019290524348616583,-0.013454987630248078,-0.0035084885358810103,-0.00910170663148166,0.1041153253801167,-0.00022170551121233895,-0.004940248057246244,0.0012140699848532943,0.008856645226478582,-0.0008045535534620119,0.0,-0.0008194586634636125,0.0025763073004781978,-0.0021516597270965776,0.0020332054793834597,-0.004527880772948217,0.0,-0.0022360748052597246,-0.0045149201154708885,-0.0013457348942756686,0.003935982733964921,-0.0009378153085708718,-0.0013067600876093266,0.0,0.0006280544679611866,0.0,0.0,0.036970906117930996,-0.0013546210806816839,-0.008587854504585268,0.0,-0.005885310918092718,-0.001542381942272214,-6.84777647256829e-05,-0.0047152480483055315,-0.0025919702649116194,0.014341436512768285,-0.016157116889953554,-0.017286827415227884,0.04438378646969793,-0.004064018800854691,0.002017937880009424,-0.003973081856966015,-0.004661736190319038
-0.004201129265129569,-0.041524928705766816,0.00018723526969553414,-0.053414199501276016,-0.020534509420394892,-0.011797508001327499,0.0036773175373673583,-0.028595360368490197,-0.0028632437111809766,-0.006522458475083093,-0.005152864586561938,-0.0015784033946693032,-0.005617699641734364,0.0,-0.0032881724089384168,0.0014419687446206794,-0.00824109072797001,0.0006964441761374562,-0.010124516263604152,0.0,-0.009096297062933464,-0.003566096127033236,-0.0034399310406297567,0.006282737813889966,-0.00048381054773928567,-0.0018209784105419902,0.0,-0.004955101199448114,0.0,0.0,-0.01118996493518351,0.001361505007371304,-0.014047933779656893,0.025813209731131798,-0.0032664386928081407,0.02001784521155059,0.0010100460797548283,-0.007654346618801357,-0.0038585794717073407,0.004568677810020766,-0.002144659422338005,-0.01220635739155114,-0.12784935846459122,0.00639549467246979,0.0011125151440501135,-0.007790521141141649,0.02171314607374368
0.00578821641858665,-0.05629848793148992,0.0006945797055959713,-0.05623948574066161,-0.015217950195074104,-0.012361533939838382,-0.018253446752205485,-0.03138895668089389,0.008056121580302694,0.02764597252476958,0.018933592839166513,-0.014142481181770583,-0.006954282224178293,0.0,-0.005364528298377996,0.0005685082823037868,-0.008035126402974102,0.006554530113935475,-0.01338475175201892,0.0,-0.007923274040222167,-0.004051040410995466,-0.0019465124607086215,0.0025479260087013234,-0.001501927971839928,-0.0017624469846487106,0.0,-0.024848055210895836,0.0,0.0,-0.016884362548589688,0.005001185834407812,-0.008646758347749722,0.0,0.019072774108499307,0.05483729358762503,0.0004490331187844143,-0.005511977337300772,-0.003072780296206473,0.05106999062001705,-0.0026422717934474205,-0.014277613423764712,0.008068499369546789,-0.0012206820119172457,0.0021870666928589244,-0.0027081219851970706,0.03260658698156474
0.0007214648369699792,-0.0394013805827126,0.0032627213746309197,-0.04307689830660819,-0.013113576918840394,-0.000635021030902877,0.009829627685248865,-0.10134400661103425,-0.00028319635428487866,-0.00255132357589901,-5.6495256721994513e-05,-0.004015028718858948,-0.002625089641660458,0.0,-0.005290042497217651,0.0014319059532135608,-0.00412478156387807,0.0016015627048909659,-0.006484604887664315,0.0,-0.0014481997489929205,-0.000239127576351153,-0.00774804571643474,-0.00048692295327781854,-0.001560215838253498,-0.0004742625635116987,0.0,-0.011025932570919397,0.0,0.0,-0.005462654810398829,0.001127421529963618,-0.010661781057715411,0.0,-0.0019256760552525398,-0.015103485742583855,0.00022941412404180184,-0.0060433063935488585,-0.004264381155371658,-0.03438461205456406,0.00098460894078016,-0.02071966265328229,-0.05206999168731274,-0.004783139862120159,-0.0009260800015181286,0.0023388636764138937,-0.004613012392073887
0.00852085928432643,0.02628652909770608,0.004195786165073517,-0.04797721680253745,-0.015100623825564999,-0.009574823826551435,0.006844028881750994,-0.02117439750581981,-0.0008278505224734445,0.006365902796387685,-0.001954006417654454,-0.005544424853287648,-0.005794399864971621,0.0,-0.001956070484593512,0.004479989148676387,-0.00597562512382864,-0.0009067489206790787,-0.006884233900345855,0.0,-0.002156995255500088,-0.004603556022047997,-0.002395349554717539,-0.00205244310200213,-0.0013018470164388452,-0.0005447153374552732,0.0,-0.008709524204023163,0.0,0.0,-0.018508159518241876,0.0002973336447030239,-0.014662582138553279,0.0,-0.0031558760162442856,0.002679662690497943,-0.00041628167033196106,-0.003595536593347784,-0.0009385946765542025,-0.08165523205883801,-0.02284381494857371,-0.005201670965179803,-0.12043714058585467,-0.01073777579702435,0.0008799828216433381,-0.007254680637270205,-0.0067764763906598136
-0.009084590184502334,-0.04517715872498229,0.0032386391330510578,-0.045667526964098204,-0.019979644408449515,-0.0015414707362651908,0.014129648269154138,-0.08368085254915057,-0.0004837151058018213,-0.0026612607948482137,-0.0009738530963659502,0.0025490440335124605,-0.0013671291200444032,0.0,-0.004910271987318991,0.0015578255802392998,-0.006835126942023637,0.001661704410798867,0.001928553800098598,0.0,-0.0005759629607200306,-0.005289659337140616,-0.0018111590016633462,-0.0006744877062737908,-0.0011226691072806771,0.0015692402608692563,0.0,-0.002467881999909872,0.0,0.0,-0.022243023607879865,-0.000436822706833484,-0.0084137080796063,0.0,0.0016677160933613738,-0.0045592870051041345,0.00042748229578135066,-0.0040667287074029335,3.527410328388325e-05,-0.09234523934312167,-0.000835855128243565,-0.019735874948091814,-0.009364307885989532,0.005772304602432991,0.0033694180194288603,-0.01297847571782769,-0.004311382533051078
-0.0005828189849853005,0.054619750697165764,0.00542997643351556,0.18741574384272097,-0.006595200300216653,0.02495536567643286,0.01560947515070435,-0.015977067351341273,-8.598159998651767e-05,-0.001048459559679027,0.003990059681236724,-0.0029913132637738593,-0.0007111907005310225,0.0,-0.001708653867244725,0.0012823339737951522,-0.0025559324771165792,0.004522678218781967,0.03330034606158738,0.0,-0.0008367007970810358,-0.001714240312576304,0.01968002549372616,-0.0011685076449066412,-0.0010536879859865123,-0.00085274517536163,0.0,0.0038726073876023392,0.0,0.0,0.008143476890399987,0.0028839517384767477,-0.0025213593244551857,0.0,-0.001455622911453236,0.013495635576546094,0.00030820429325101317,-0.0032605469971895285,0.02172426640987396,0.010380709692835832,-0.002220329521223946,-0.004951275289058699,0.016187884099781502,0.002413975745439556,0.0009706185758113772,0.007745644506067045,-0.0023532906174659474
-0.0022490761801600423,0.005628274511545905,-0.00048470985144377643,-0.04098642736673355,-0.00963598638772964,-0.004109191000461643,-0.015170009806752205,0.10451240536756815,0.001065941937267778,-0.006668033823370945,0.004402030073106272,-0.011390354596078373,0.008480920605361458,0.0,0.012847387772053465,0.002878125999122849,0.007004340812563875,5.1773488521617006e-05,0.017097525000572183,0.0,-0.003772853016853317,-0.0033960372209549117,-0.0013749291002750352,-7.48613476753146e-05,-0.0024435138702392223,-0.0020532165467739005,0.0,0.0044511349499225805,0.0,0.0,-0.028120476603508,-0.00011424243450164351,-0.014482087194919585,0.0,-0.0008996565639972365,-0.008144429139792908,0.0005787974596023759,-0.004862196370959276,-0.004501499533653253,0.006067016012966636,0.003218910284340404,-0.02578069728799165,-0.042744647972285776,-0.0009485766664147632,0.003605297170579419,-0.0011962521076202548,-0.0007090121507644653
-0.01924741052091125,0.016362752728164204,-0.0016625630855560403,-0.032394641526043405,-0.008721576631069178,-0.002440732717514049,0.04704422146081921,0.13656697102822363,-0.0017890480160713262,-0.004210823476314546,0.006234320523217318,-0.019627146371640286,-0.001754840090870874,0.0,-0.0021151378750801086,0.0026111371442675557,-0.00730922013521193,-0.00039212815463543493,-0.02883550338447094,0.0,-0.0036802476644515747,-0.006883107721805559,-0.0073294493556022855,-0.003201785981655103,-0.0030732855200767684,-0.00021828472614288108,0.0,0.0017704883543774586,0.0,0.0,-0.019830097109079375,-0.0019447308219969484,-0.007443302869796747,0.0,-0.0031825743615627455,-0.008725130362436134,0.0002574353665113771,-0.0036909809522330528,-0.00023212715983389476,0.02030087977647782,-0.006635070368647578,0.01920592859387396,0.042822079425677645,-0.030832269191741923,-0.000781687274575199,-0.007792634004727045,-0.006023342013359051
0.007420692592859296,0.04125355452299123,0.0004948435723781397,-0.02007500380277627,-0.009457588195800781,-0.0019209328293799954,-0.024871726334094985,0.05951760139316323,-0.009249564856290776,0.021386455483734607,-0.005328423464670773,0.007006382942199657,0.02648953341878954,0.0,0.023121310956776137,0.002315086200833316,-0.0008577644824981911,0.00022696420550347152,-0.012544764652848234,0.0,-0.003718246221542376,-0.0024942475557327426,0.0011762353684753035,0.008547012656927117,-0.000883921412751093,-6.223231554036701e-05,0.0,-0.0001237010769546132,0.0,0.0,0.06394982988014819,-0.0005254572629929122,-0.008368661403656052,0.0,-0.004411256760358806,-0.010886363945901395,5.859494209287108e-05,-0.011335007920861229,-0.0009478965401649442,-0.004232542794197797,0.0009127825498581044,-0.007084703817963611,0.06983045212924477,-0.009934596121311201,-0.0010453217476606158,-0.004652574472129328,-0.0018266612291336082
-0.008914151303470175,-0.06931325715966521,-0.002472430020570765,-0.033857491686940216,-0.01984391469508412,-0.007033874094486248,0.026863487949594866,-0.02757628884166477,9.646472521127047e-05,-0.004531127661466572,-0.0012414761632680849,0.013162800427526239,-0.0032112913765013074,0.0,-0.002642285078763962,0.0030430205911397834,-0.00427977561950682,0.003238025009632134,-0.009255458489060397,0.0,-0.004752502590417887,0.0010997915267944303,-0.0072115259617566985,-0.0025435158610344066,-0.002598064094781888,-0.001819769293069845,0.0,-0.006541234636679272,0.0,0.0,0.023309048051014525,0.0023324578721076183,-0.005023083388805374,0.0,0.02230753313750028,0.008988381251692767,-0.00027731448411941195,-0.006730747818946836,8.942648768425765e-05,-0.04721488364972176,0.01824165289290247,0.014292571172118185,0.10598735194653275,-0.012514257226139303,0.001195140667259717,0.0013695722445845604,-0.007772611454129205
-0.008554364908486628,-0.05856819296255708,-0.0004545400291681434,-0.0418390055000782,-0.018326635658740986,-0.0002247442305088193,0.011185901369899526,-0.0254141679406166,-0.0007711077108979308,-0.005219757445156584,-0.0018720313534140443,0.0003741436032578399,-0.0026518116518855217,0.0,-0.0022219426929950548,0.0008383921720087756,-0.011081056818366034,7.298268377779749e-05,-0.005949290171265609,0.0,-0.0011035701632499673,-0.008745779693126676,-0.0032899832352995817,0.0007860752940177934,-0.0017151813860982745,0.015579914548434298,0.0,0.012225700169801706,0.0,0.0,-0.01651152402162552,-0.000890469476580627,-0.011155831962823867,0.0,-0.001725507900118814,0.0006654507387429537,0.002918452732264959,-0.0031757019087672034,-0.004214125275611852,0.005736811310052881,-0.0038220480736345097,-0.0040612657647579875,-0.021787809031084168,0.0023242489248514187,0.0002412945590913318,0.0001414408069103923,-0.0025063167512417023
-0.008045455617830167,-0.04697560959961265,0.008842952679842725,-0.05707284041214736,-0.00728828255087138,-0.0015433596912771443,0.009336716132238508,-0.04599520733579994,-0.00024118848610667903,-0.004943097149953255,0.001422974518500264,-0.0028630728134885408,-0.004142148629762241,0.0,-0.00024280831217764892,0.001327785095199957,-0.0056563812587410375,-0.00037774421274660696,-0.0097563208360225,0.0,-0.013765268661081787,-0.0029078947007656064,-0.0015121010132133766,0.002198319658637052,-0.0008729310892522518,0.00048691818956285784,0.0013144783116877286,0.002492157779633999,0.0,0.0,-0.008451373390853407,0.0016513626184314414,-0.007885825037956234,0.0,-0.0015086388774216246,0.021807916660327453,-0.005552918503526613,-0.0025709623377770385,-0.006067679505795218,-0.026327111711725585,0.0017058177432045423,-0.004183701020665476,-0.16602446037111804,0.016623252527788283,0.00114994112402202,0.006001259598415326,-0.012868488202802827
-0.013146330518648015,-0.05297416800167413,-0.0008083273656666473,-0.06063764078542589,-0.005630065184086588,-0.0034107494261115755,0.0006954320240765699,-0.04323754163458944,-0.0009954362362623245,-0.004624063838273296,0.001444795634597533,0.0015617789654061316,-0.0016654286533593979,0.0,-0.0012797160865739114,0.0010590835846960578,-0.0035641159117221818,-0.0004803875926882098,-0.00790045997127888,0.0,-0.00337869763374328,-0.005687060020864021,-0.0010480346670374077,0.00031229655724017815,-0.001194460815750066,-0.0021345283649861838,0.0,-0.00875581261701882,0.0,0.0,-0.00647988381329923,9.647917933762462e-05,-0.0131169730424881,0.0,-0.002586778285913154,0.0027308896277099884,0.00010100687853993422,-0.004642836442217246,-0.00035154018551111776,-0.0861420391779393,-0.007120868749916559,-0.0037067649001255674,-0.05517641020473092,0.002899590441957138,-0.0013765659928321843,0.0021120521798729786,-0.0013345932681113337
-0.0021373124793171907,-0.03908977085258811,0.00013436294160785317,-0.05222125876694918,-0.013625315763056305,-0.0038550574798137185,0.02037049984559415,-0.08476572633255273,-0.0007081773877144031,-0.0026646315306424907,-0.0007785527966916728,0.001581851397641009,-0.0007283915951848061,0.0,-0.002780479565262804,0.0014390940219164011,-0.0032076492346823082,0.0026909433305263575,-0.007864802144467848,0.0,-0.0010348868370056025,-0.00585350796580314,-0.004102404601871966,-2.6468615978953586e-05,-0.002139552989974612,-0.0002511282451450811,0.0,0.0007199190417304605,0.0,0.0,-0.01601194669492543,-5.155193153770499e-05,-0.01391010805964471,0.0,-0.0037273329868912543,-0.013050070535391565,9.069868363439926e-05,-0.005111091155558821,-0.0003636484965682009,-0.018322574375197277,0.0038356077205389735,0.0030045658349990706,-0.08363327583298087,-0.006539971497841163,0.0018798226956278224,-0.012297175955027335,-0.004698796644806866
-0.0039358406141400265,-0.050355942891910664,-0.0004832335188984793,-0.042915808707475675,-0.01826137557625769,-0.0031609557569026864,0.011233197432011371,-0.002961688041687005,-7.843120023610928e-05,0.00016083267517388866,0.001188588477671143,-0.0015174888074398207,-0.0029247328266501574,0.0,-0.0009613883495330766,0.0007809834927320625,-0.0055919658765196945,0.0033911949396133456,-0.007109729237854495,0.0,-0.003515656590461727,-0.011536054760217657,0.00022106003016231224,0.0003378801047801694,-0.0023310738895088445,0.0003930038958788115,0.0,-0.014468891918659188,0.0,0.0,-0.020358465313911445,0.00029332563281059265,-0.015291906967759117,-0.03772733017802238,-0.0018397707492112947,0.01939663842320441,0.0008277557417750436,-0.003229785859584812,-0.001996315419673919,-0.01578121167141945,0.018546790145337597,0.01023044453002514,-0.0779004207067192,0.00119984434917568,-0.005162778920494021,-0.00043257936835289224,-0.0035479278862476094
-0.0015580577077344282,-0.03650947965681552,-0.003255835520103557,-0.031584041696041815,-0.006587403556331991,-0.008466884307563302,-0.009601278239861143,-0.022427483759820455,9.461337700486776e-05,-0.0030264541786163973,0.0007661497499793744,-0.00457309372723104,-0.0019439266901463345,0.0,-0.0036708951741456913,0.002038136599585419,-0.007989803478121768,0.002531202360987663,-0.01088219407014547,0.0,-0.007157266885042202,-0.015419886559247968,-0.003071076013147822,0.0015520576573908353,-0.0017912310454994331,-0.0003428334183990765,0.0,-0.009618039233610029,0.0,0.0,-0.024734345423057663,-1.6806963831175747e-05,-0.01253769220784308,0.0,-0.003193171294406061,-0.0033748133201152025,8.614320307968795e-05,-0.00406058404594661,-0.0005923230480402719,-0.04972243742551655,-0.015935363508760916,-0.002260781982913629,-0.07312820614781232,-0.00447639001533387,-0.0011694419244304421,-0.0014344826713204445,-0.003983823517337453
0.005099749825894839,-0.08113605098333211,-0.0007906401902437327,-0.059224248975515356,-0.009744176045060182,-0.007207708852365637,0.030797559721395376,-0.05986296424642206,0.0016998891718685571,0.019470156189054233,-0.0009104043431580229,0.003919386612251413,-0.003607345204800376,0.0,-0.0022079317644238435,0.0018058887124061604,-0.007481260970234858,0.0026795545034110496,-0.009422450959682464,0.0,-0.001705165803432454,-0.010601982530206434,-0.002405717596411703,-0.0003635444119572673,-0.002626031227409835,8.453126996757487e-05,0.0,-0.02560740942135456,0.0,0.0,-0.011255367398262009,0.0004252982418984433,-0.01221742674708367,0.0,-0.0007939728721976305,0.012431889548897748,0.0001717746909707732,-0.0059308325126767175,-0.0010643256455659805,0.004259435385465641,0.0022510833432898003,0.00285145925357937,-0.14332106735091654,0.009515401269309207,-0.0023679837584495433,0.001928118234500304,-0.002316742800176144
-0.0012642917595803715,0.05764719930477438,0.0014356887619942638,-0.021800720989704148,-0.015518063008785221,-0.0037643456459045266,-0.0028290289081633335,0.10793717779219153,0.0010081692785024743,-0.005966767482459501,0.0066318877786397945,-0.008281566239893429,-0.0009526866488158703,0.0,-0.0012281261384486652,0.0022440724447369276,-0.0008845001459121815,0.0014561777375638185,0.009287012135610007,0.0,0.0002057582139968761,-0.005759796202182754,-0.004058539420366325,0.002542984485626204,-0.0008477365411817817,-0.0009631971642375392,0.0,-0.004295743983238953,0.0,0.0,0.05123118616640565,-0.0009743564575910857,-0.008099627196788722,0.0,-0.0013130305707454437,-0.020546145094558627,-0.0005648989230394308,-0.0035752952098846713,0.0009836408495903226,-0.038406301252543934,0.023758362680673578,-0.004756020065397021,0.022400669679045665,-0.011303626028820846,-0.002725744582712658,-0.0029186153132468307,-0.005224460065364783
0.002928424589335926,0.03701634861528874,-0.004103677105158576,-0.03730641305446625,-0.011254147291183486,-0.007975231111049641,0.01371890806593,-0.060873350948095345,-0.0004743381403386482,-0.0038726686732843407,0.005931364269927131,-0.005075870165601376,-0.00026172878220676044,0.0,-0.0011836368590593394,0.0014067434892058306,-0.005055254921317101,0.010646368004381651,0.010988028151914492,0.0,-0.0031510132551193087,-0.007074276804923979,0.0009797079116106167,-0.0035970643162727134,-0.0027575288712978485,-0.002004855126142485,0.0,-0.016717743054032327,0.0,0.0,-0.007533461228013044,-0.0017741453927010153,-0.009966679215431207,0.0,-0.0024919559061527263,0.004876432605087744,-0.00028035156428812824,-0.010141599997878087,-0.0005002787709236234,0.00396868897601961,-0.02584006858989596,-0.02532796551939101,0.04377956071868537,-0.0007944845035672277,-0.004571145810186861,-0.010124039324000494,-0.006171322390437106
-0.00938145321793854,0.037116361986845745,0.007887360611930516,-0.033669291287660594,-0.02482641212642195,-0.002786479294300065,-0.00531208347529169,-0.03394969575107096,-0.00039339365437628115,-0.0013567468337714883,-0.00822462134063244,0.015731842406094043,-0.0007973841950297406,0.0,-0.002578620314598115,0.001510279774665807,-0.008729666713625212,0.0026393499597907183,-0.013452418297529217,0.0,-0.003358049690723411,-0.004036839306354498,0.0413159014843404,0.0077205937914550105,0.00032328292727470953,-0.0013394232839346043,0.0,0.0065709464577957954,0.0,0.0,-0.015598666369915012,-0.0009778457880020158,-0.008224543929100048,0.0,0.0023342384025454577,0.005719495774246755,0.0016966819204390082,-0.0028919470123946467,0.0011409039795398923,-0.09869897188618779,-0.0008610275853425109,-0.0082489900942892,-0.0026963139045983603,0.00275719337165356,-0.009752421174198389,-0.0038334652595221896,-0.007937963530421255
-0.01398349195718765,0.06456907933577896,0.017442896878346825,-0.02205849885940553,-0.017340368330478695,-0.004683907628059397,-0.0005455840472131934,-0.030768587142229104,-0.00039338062517341177,-0.006233948320150368,-0.002661570385098455,0.0007939551770686781,-0.004258491843938839,0.0,-0.0013246877491474573,0.003007679730653745,-0.004619751572608938,0.023841214403510114,0.0342527294438332,0.0,-0.0046031177043914795,-0.0009110695123672463,-0.00019531667232514094,-0.001968238949775686,-0.000807440169155571,-8.538279682396288e-05,0.0,-0.020054057687521,0.0,0.0,-0.007351319491863212,0.004013317823410023,-0.005847243368625604,0.0,-0.002431422993540766,0.01576087730005385,0.0004044222086667937,-0.004165639132261284,0.001064910590648671,0.10619089055806402,0.02622490438632666,0.030686403736472162,0.04780550703406333,0.016798048373311725,0.009668777957558605,0.0078065320197492905,-0.005379677210003153
-0.010429300526157037,0.041051025148481135,0.0006049360334872966,-0.04681195966899396,-0.009672652631998041,-0.001996458768844578,-0.007424283139407628,0.023985089585185027,-0.00012834323570132256,-0.005535774379968633,-6.0082226991664545e-05,0.0012044625729322467,0.023857116661965827,0.0,0.03256733909249304,0.003169192085042599,-0.003411363884806645,-0.00018039971590042003,-0.01145627144724129,0.0,-0.0004757732152939065,-0.003903108239173836,-0.00389871649444104,0.0001502317190169855,-0.0016244032885879278,-0.0007908245921134927,0.0,-0.009348534429445887,0.0,0.0,-0.03290696322917938,0.00018418230116368228,-0.007993799448013317,0.0,-0.0010655340552329917,-0.03837961676530538,9.700453840197354e-05,-0.005960003212094306,-0.0019030281901359358,0.006617639046162388,-0.008618054259568464,-0.016217492735013384,0.033828759891912336,-0.0033211570605635454,0.002226346302777543,-0.004878283366560959,-0.007252771407365771
-0.002871804609894779,-0.03344975320622324,-0.0049588420009240505,-0.03255157325416803,-0.01462726473808291,-0.00879712775349617,0.015812718868255624,-0.07194131415337322,-0.001305130408145505,0.014432653472758822,0.008471493595279739,0.0016872209403663713,-0.004277386404573924,0.0,-0.002198837082833069,0.0016130137909203882,-0.006521482700482029,-0.02305297425482421,0.03253755507059396,0.0,-0.007074196226894862,-0.007731915041804302,-0.0004395593237131734,0.00013779845088721446,-0.0014377832785248713,-0.00016619969159363014,0.0,-0.006161941257305424,0.0,0.0,-0.024674738571047808,0.00010792993940410625,-0.008937875144183649,0.0,-0.004153888709843165,0.0031243588030338,0.0017057527974247977,-0.006404942106455536,-0.001538182217627762,-0.03750072446186094,0.006915226196870211,0.0015132602117955765,-0.13659948156215249,0.00017229659948497789,-0.0016177517641335765,-0.013911594869568937,5.3900480270402396e-05
0.014403007179498606,0.04846778428182005,0.0012091630697251,-0.029903195798397064,-0.008568425774574256,-0.0011562821269034962,-0.006643370762467377,0.07197741910815242,-0.0030747994035482396,0.021045984877273438,0.02361983533948661,0.010647901427000728,0.0312484287563711,0.0,0.03371176280081273,0.0009935241937637507,-0.003941037952899934,-0.013048448674380791,0.01993856877088543,0.0,-0.0024980628490447743,-0.0027436667680740268,-0.0008595813810825526,0.0005955599248409216,-0.00018942290917040028,-0.002771108746528639,0.0,0.01612433084286749,0.0,0.0,0.019028729908168368,0.0031127259135246,-0.0059464818239212125,-0.008760282695293442,-0.004799688905477523,-0.0039589905738830755,0.0016747923195362113,-0.003522849157452601,-0.0011154082417487998,0.01752106495201583,-0.015410607233643486,0.00013398677110673662,0.042099979212507604,0.008369855843484375,-0.002433323711156815,-0.008036029413342527,-0.002188953757286033
-0.0005459096748381756,-0.04335562754422427,-0.005332035049796097,-0.0593119066301733,-0.01819819271564485,-0.0017129561305045948,0.013458936326205734,-0.04625452280044555,0.0017079680785536816,-0.003481820058077588,0.01660245556384326,-0.007813949678093214,-0.0033550612628459736,0.0,-0.002678283136338,0.001370544098317647,-0.010732338055968307,0.0016076627373695501,-0.013807025477290166,0.0,-0.0008433654904365512,-0.006394319143146289,0.0030112612433731423,0.0005314919352531547,-0.0009989856369793382,-0.0020840073563158368,0.0,-0.0072959864605218055,0.0,0.0,-0.017108870781958094,-0.00028011746704579427,-0.005718781352043165,0.0,-0.00772350318729878,0.016386248152703058,-0.000992532689124359,-0.005441880924627218,-0.0024982380867004522,-0.06670794371981172,0.008881247187964597,0.049430854972451935,-0.03971032422967255,0.003163814041763552,0.002352954987436512,-0.013901420114561906,-0.006320482399314646
-0.02072207354940478,-0.042570830797776585,-0.0025573628302663493,-0.033027941733598715,-0.011476087272167201,-0.003457587361335751,0.008105007028207184,-0.019946302399039245,0.00118086131289602,-0.003955350858159332,0.005351007282733911,0.010576905151829089,-0.0015214196406304892,0.0,-0.0044747419655322695,0.0006422883551567837,-0.001419366579502826,0.0003543434292077874,-0.0011493547633290024,0.0,0.0007956609129905617,-0.002155560553073893,-0.001811811486259085,0.001995387077331545,-0.003529940880835053,-0.0014059496670961735,0.0,0.0060517038684338165,0.0,0.0,0.013089105756953351,-0.0002656932920217514,-0.015359053611755408,0.0,-0.00023369178175924876,0.005393018033355457,-0.00013192876707759926,-0.0032988043129444367,0.02521058359183373,-0.11748617709614337,-0.01052718658000229,-0.010228805504739286,0.12711420267820356,-0.01029274078086019,0.0019691121578216952,-0.020963262701407054,-0.0035260887444019395
-0.004511718600988424,0.07268086774274707,-0.002516749724745776,-0.036027884930372206,-0.011121118962764742,-0.005035738050937655,0.010521610230207451,-0.051190642341971404,0.00023427635431291782,-0.0050431095063686315,1.4843344688403315e-05,-0.010717662293463937,-0.0023398533463478144,0.0,-0.001409495025873203,0.0008554898947477352,-0.00931789971888064,0.00044171988964081255,-0.01775310873985289,0.0,-0.0048386794328689475,-0.0024209308624267567,-0.003148555681109416,-0.0014263784885406583,-0.0018646568059921542,-0.0015819439291954174,0.0,0.01163856473751368,0.0,0.0,0.030067118722945485,0.0004061771649867263,-0.009277971088886283,0.0,-0.0013204690814018205,-0.011024174047634006,-0.00016922712326050693,-0.007421924620866799,-0.0022297674417495472,0.005202735057100671,0.0024919917434453875,-0.01432429950684308,0.03698116885498168,0.002128261849284191,-0.0011958575621247303,0.003370707929134381,-0.0033571681380272222
0.034204051084816445,-0.07456346358638258,0.01896322960034011,-0.023277832120656983,-0.022040932998061202,-0.0012703651189804044,-0.04111628043465315,0.11152649485506116,0.003885033391416076,-0.005124235525727272,0.01810613097622993,-0.007080261735245591,0.0008932038396596842,0.0,-0.0015850286185741524,0.0023846512101590445,0.017528277542442072,-0.00016253471374513828,0.018964370153844362,0.0,-0.003615732789039594,-0.010172979235649082,-0.0019299376755952669,-0.0007640239596366782,-0.00269142404198644,0.003215745687484728,0.0,-0.00011613138485699892,0.0,0.0,-0.023839106112718583,0.015058975312858797,-0.01047743588685987,0.0,-0.005117859989404644,0.045829114625230455,5.6766932830187855e-05,-0.005402259901165968,-0.0056020353734493045,-0.06823842423968016,0.022592571061104516,0.0032025376055389576,-0.0019209721405059055,0.0017546989489346798,-0.0038599495217204183,-0.0026713495608419457,-0.003954105898737903
-0.02645986200310288,-0.0559336415491998,-0.0015163611620664652,-0.04620949208736419,-0.015449264645576485,-0.008269333541393267,-0.001855211402289579,-0.036899065300822265,-0.0013895237375982084,-0.006808094531297687,-0.005068071959540246,-0.018749241060577314,-0.002799405781552189,0.0,-0.002840424254536622,0.0020128824189305228,-0.005170186571776883,0.0040196599066257555,-0.017042501643300054,0.0,-0.000858191251754778,-0.002688949406147001,-0.0029367843270301786,-0.004043782204389584,-0.004947392158210301,0.00019523993134501483,0.0,0.01756087723188103,0.0,0.0,0.015582800172269332,8.141879923639905e-05,-0.005035393536090865,0.0,-0.001282991766929642,0.007767722550779593,3.145373426377551e-05,-0.0023583284718915673,0.026510302401147795,-0.09945865551941098,-0.011360335163772106,-0.013883295753039412,0.09661132690729574,-0.014053115854039816,0.004207608238793903,-0.0020270595792680757,-0.0019188220053911187
0.0009490037895739101,0.05044289365410806,0.007262476608157209,-0.029286249577999107,-0.015345614254474615,0.0015777814388275024,0.010274302437901478,-0.018332774788141215,0.0040673960000276455,0.021793232150375874,0.003528647152706982,0.00904467676766213,0.01041336043737831,0.04104949139989908,0.0012551866471767759,0.004103229567408578,-0.0018173832446336802,0.0019687600433826447,-0.004533291831612579,0.0,-0.0011369228363036776,0.002267405390739413,0.0005521887540817227,0.0004886290431022622,-6.827966310088418e-05,-0.0007578518614172747,0.0,-0.0016930127143859608,0.0,0.0,-0.012123483717441569,0.0015409035608172361,-0.0072386884689331354,0.0,-0.002676514387130735,0.023225433453917504,-0.0040024119149893456,-0.0010367798060179068,-0.005508987903594942,0.08900050868280232,0.03980001274496317,-0.0013751156534999587,-0.01762134365737439,-0.012740933261811749,0.0006648553907871169,0.057241924451664095,-0.005554340397939117
0.0031673917453736156,0.034760879166424286,-0.01327585089951755,-0.03405227407813072,-0.008777072727680219,-0.003609877228736874,0.003651479333639157,-0.011138489767909099,-0.0008010634034872066,-0.005395606234669698,0.0005722015351057042,0.007914221184328246,0.051029957998543984,0.0,0.04409584959037599,0.000968103706836726,-0.0029655764997005563,-0.012718795165419572,0.005500803180038899,0.0,-0.0003883200883865179,-0.006652185916900616,-0.002853127643465958,-0.0008146934956311802,0.0009961227141320472,-0.0017508392035961162,0.0,-0.0010191713226959387,0.0,0.0,-0.018119392469525347,0.0010222993791103308,-0.013262634575366944,0.0,-0.0032273358106613137,0.051480131950229435,-0.005763984145596646,-0.0030086552910507103,-0.0016093757748603943,0.007677096533589084,-0.002811047807335848,0.009833376621827483,0.05020432882010936,0.011837760768830807,0.0015401966217905017,-5.9943106025472925e-05,-0.005618018805980701
0.019060373008251197,0.02186913840472693,-0.002457188963890078,-0.02264177903532985,-0.0012968522310257136,0.0005190283060074186,-0.001732835117727538,0.10046188160777092,-5.6496970355479625e-05,-0.003454191088676506,-0.00048792868852615134,0.01165700593963262,0.007507883012294769,0.0,0.026030760370194972,0.0013816514052450712,-0.0021235857903957878,0.002276477813720701,-0.0014299772679805811,0.0,0.012432788312435161,0.07661934318952268,0.0013012859225273454,0.00022923916578290737,0.0008322644233703658,-0.0005880379676819203,0.0,0.009082581028342251,0.0,0.0,0.00649965266697114,0.00019696101546290423,-0.00460385143756864,0.0,0.0013809563219547016,-0.00393667441792786,-0.0009965297579765386,-0.002681159451603854,0.003733389675617149,-0.03909333582967517,-0.012647313466295634,-0.0006944945454597784,0.0487891618907452,0.0019224187731742837,0.0028237678855657644,-0.0006403141655027533,0.0010706585645675615
-0.013053867258131513,-0.028656949466094372,0.002351892553269855,-0.04770125389099121,-0.014944342374801634,-0.005896151810884459,-0.016983885839581478,-0.080651890411973,-0.0003491454944014455,-0.005408784039318576,-0.0071118582319468285,-0.0022654228284954975,-0.002723298445343969,0.0,-0.003263946026563644,0.001383871007710702,-0.012620740011334397,0.0007970482856035077,-0.009645709004253128,0.0,-0.0013582471013069142,-0.003801449537277221,-0.00035135099664329594,-0.002125710099935535,-0.003938234299421334,-0.0019318287633359327,0.0,0.006729766037315121,0.0,0.0,0.0032030906155705516,8.388303220271953e-05,-0.010536898076534282,0.0,-0.0021972950547933523,-0.009513553176075218,-0.0007903435081243609,-0.010651478543877602,-0.0027167332172393782,-0.14613271068781614,-0.002074722517281788,-0.012252123812213536,0.13264830891042945,-0.011891600489616391,0.0008898830227553889,0.004615338826552032,1.9239075481902734e-05
-0.00041698429733513787,0.06199063509702679,-0.0003154331445693881,-0.012679929435253146,-0.012101478576660135,-3.483057022096725e-05,0.004382797256112098,-0.013616351932287246,-0.0004984321817755599,-0.00035487711429593727,0.00043828777968882293,0.003077689409255957,0.024923279732465747,0.0,0.02498364359140398,0.0013892506621778211,-0.00431316576898097,-0.0014266692847013651,-0.0018167886137962497,0.0,0.05752465002238752,0.04490139283239841,0.0005654336512088409,0.0045816798508167556,-0.0002293688058853105,-0.0006221848726272738,0.0,0.008117342758923785,0.0,0.0,-0.01320902973413468,0.000892140120267837,0.20515779800713066,0.0,-0.001696906387805952,0.014311704486608512,-0.0021213926654309323,-0.003989171162247673,-0.00012518614530560024,0.06975585422478614,-0.003702868595719333,0.017192677883431345,-0.08577822998166085,-0.0033369277417659438,0.002193752517923725,-0.0055785778164864075,-0.00020202696323390334
-0.008133187983185061,-0.03114456276409327,-0.005755521180108178,-0.051410737461410456,-0.008449960947036744,-0.020767035800963642,0.015740983714349552,-0.0514658104814589,-0.0002311448566615637,-0.002509197751060139,-0.0002475058590061807,-0.001965810193214554,-0.004476109258830546,0.0,-0.0010964351519942165,0.003107784437015648,-0.008762381123378862,0.0006746150273829483,-0.003921585818752639,0.0,-0.009981496427208199,-0.00015472531318662386,-0.0013231865596026043,0.005962246879935254,-0.0020008425042033085,-0.0011790598137304126,0.0,0.00538314664736389,0.0,0.008538653214927774,-0.011968578705564142,-0.0005735963582992453,-0.01112882211804389,0.0,0.0037764568626880712,-0.011198040982708338,-0.00012034485116601233,-0.0018258578702807504,-0.002306338027119631,-0.037147451171185834,-0.011247333250939838,0.00804309910396113,-0.12315733594121413,0.012475199298933147,1.9442299380882655e-05,-0.01646517233923077,-0.0035140862409025544
-0.0006807138025760606,0.029987514768727117,-0.0030679047107696478,-0.04171636160463098,-0.009736527837812876,-0.0039185738563537464,0.0030406959773972564,-0.06162187650799751,-0.0008733087591826921,-0.0027647357806563494,0.002919581355527043,0.003669764893129465,0.012499666223302501,0.0,-0.002630511075258246,-0.07090866837650539,-0.004691478591412307,0.0037923354655504324,-0.004202830269932768,0.0,-0.012075409404933471,-0.013374669402837769,-0.0015378367155790273,-0.0002202530950307785,-0.0012316988874227011,-0.0004339015483856151,0.0,-0.0343099036393687,0.0,0.0,-0.008418409675359723,-5.458474159240889e-05,-0.013885831758379957,0.0,0.0011743575334549061,-0.01427326162345707,0.00010865461081267097,-0.0059712697193026465,-0.0019387663900852226,-0.0031838494632393105,-0.010377214420586825,-0.0026594491209834606,-0.08378819170873612,0.003862931998446603,-0.0042158087063580985,-0.013741025133058415,0.00578496152535081
0.006752096191048607,0.037503955774009196,0.0013385299593210997,-0.016235753297805744,-0.009096568226814261,0.00020564317703242185,0.016415926516056056,0.07070795852690936,-7.34697282314678e-05,-0.002746143480762825,0.0015030762553215338,-0.002543990463018453,-4.748769104473416e-05,0.0,0.012215899042785139,0.0015138119645416448,-0.003707099258899671,-0.006907556243240881,0.019728471934795377,0.0,-0.0004148262739182007,-0.00025998055934900455,-0.001573045551776897,0.0004845356941223511,-0.0029658126831054177,6.57498836517112e-05,0.0,0.014389463663101176,0.0,0.0,0.03746137574315073,0.00126244656741617,-0.005034509897232059,0.0,-0.0020470082759856956,0.025229166448116236,-0.0017472088336944747,-0.003556323572993264,-0.0004828858375549583,0.07956082344055182,0.0049626699835061405,0.020973147898912414,0.0810281440149993,-0.0037258006632328033,0.0015468278527260015,0.0021858663111925247,-0.0016944511979818389
-0.010113678518682709,-0.034100992763414995,-0.0027041668072342873,-0.052125252634286856,-0.011780055314302429,-0.002971451580524448,0.027737726252526046,-0.0649492357671261,-0.00028469741344452903,-0.0069959202408790555,-0.0005104658659547956,-0.00584659047890454,-0.0018341356515884366,0.0,-0.004272616654634492,0.0010068323649466138,-0.0060033668577670896,0.005617650300264371,-0.00262336485087869,0.0,-0.0005127808451652338,-0.0071947991847992054,-0.0036631541140377533,0.00014149427413939764,-0.0008083625137806083,-0.0011751838028430939,0.0,0.00992677990812807,0.0,0.0,-0.01380957089364529,0.00025141850113868935,-0.011942371577024463,0.0,0.021332802576944254,0.010152075607329614,-0.00026843234896657686,-0.005049100145697608,-0.0021508399397134614,0.005571059053763733,0.0035475713387131402,-0.030554550485685478,0.0025764913577586424,0.0026765818614512826,0.002868868522346024,0.009025306012481457,-0.008584515126422054
0.005074696233496073,-0.06590066194534305,0.0048245919216423905,-0.028601190671324717,-0.01658494822680953,-0.004001841843128184,0.027080612927675246,-0.06891641303896903,-0.0004836875945329888,-0.006408850178122483,-0.0019900792837143078,0.013917422955855768,-0.0021740131452679667,0.0,-0.0006512442231177973,0.002957479953765857,0.034490688331425184,-0.0018297803401947366,0.019981639385223404,0.0,-0.0007867759466170798,-0.0003535428643226257,-0.004303301125764825,-0.001495689749717699,-0.0037501032091677156,-0.0006310698017478189,0.0,0.015286443317308995,0.0,0.0,0.028956561498343913,0.0017029507458209692,-0.004773685932159433,0.0,0.03761938877403734,-0.008859441690146908,0.00023008268326515924,-0.004395565763115866,-0.00030867964029310246,0.02674249350093305,0.0010847915150225262,0.023946280498057637,0.031011818395927537,0.038794647231698065,-0.002394281020387995,0.012585008023306726,-0.006055155545473118
0.010786136053502537,0.03706201659515501,0.004490589238703269,-0.035626678541302664,-0.019198331832885746,-0.008849548250436767,0.011197900567203767,-0.025636752396821977,-0.009337488394230625,0.02638425055891272,0.009204796375706814,0.007526126503944408,-0.002220654245465997,0.0,-0.0023578177392482857,0.00037449464201927407,-0.008573254197835944,0.001656422764062887,-0.0052639889344572866,0.0,-0.0013454121351242077,-0.005841664075851433,-0.0005648176372051172,-0.0003578992933035152,-0.00099715695716443,-0.0018440243601798856,0.0,0.008680210476741196,0.0,0.0,-0.018980690836906455,-0.006679190546274194,-0.011912584006786353,0.0,0.0010528761148452526,-0.009849606640636943,0.0033279465138912334,-0.006002349313348504,-0.0010440373420715354,-0.055187781807035236,-0.01148847095668315,-0.011393852811306698,0.10337317483499647,-0.011417447235435252,0.005039231777191178,-0.00038923663087186977,-0.0003521060943603438
-0.028132903240621093,-0.03862364373169838,0.004620854444801814,-0.054053924530744535,-0.013199483603239054,-0.0006291525810957072,0.020177010050974803,-0.06206387281417847,0.0044129532389342585,0.0004931819066405219,0.005296410024166115,-0.0025053862761706264,-0.0014970670267939468,0.0,-0.0031633998453617224,0.0021189952082932006,-0.003310257159173491,-0.012339816158637398,0.0022684889659285723,0.0,-0.0031081360578537054,-0.007239700853824624,-0.004366845600307007,-0.002422470524907114,-0.0027003536093980207,-0.00082080878317356,0.0,0.006557083595544105,0.0,0.0,-0.021586459595710053,-0.005941524002701044,-0.009411907643079746,0.0,0.0145099321193993,0.009988879784941673,-0.00026723605580627335,-0.0036854696273803667,0.003078950643539441,-0.05121758568100632,-0.030100520960986615,-0.012763175321742898,0.002652834746986618,-0.0007326845685020067,0.003478518947958961,-0.005319057675078502,0.01857295270077884
-0.020553046576678752,-0.04536383696831764,-0.009183583557605735,-0.03873871490359304,-0.01522446915507314,-0.007759945243597036,0.00910756264813245,-0.0669204893708229,0.0008221869543194593,-0.005363089181482761,-0.0035143751092255315,0.00029691018629818267,-0.002033155504614137,0.0,-0.001950836032629022,0.0015191014297306488,-0.006019660606980337,-0.007913655340671538,-0.005874326750636094,0.0,-0.0033020693063736117,-0.00871787324547768,-0.001207769438624412,-0.0028964596986770785,-0.0017247041873633961,-0.002824953920207901,0.0,0.014507133229635621,0.0,0.0,-0.004573987722396866,-0.008078754828311496,-0.009290321469306945,0.0,0.001147710531950022,0.0014880319405347203,-0.0004502513166516897,-0.0048719675652682815,-0.0022547340393066495,0.027326860520988705,-0.007800318431109204,-0.012618834879249308,0.04997242216952147,0.05448484019376337,0.0030736545287072814,-0.0018674213625490543,-0.0028436370193958282
-0.0007919570896774558,-0.06366314779035746,-0.0038694342225790088,-0.058646328058093763,-0.008928660340607172,-0.005676701441407202,-0.009412665115669388,-0.06856842245906591,9.904470294713752e-05,-0.0075435400195419805,-0.0005591566674411075,-0.0058040057495236524,-0.004089471325278277,0.0,-0.004091476202011085,0.0006775675714016105,-0.007923531308770201,0.0014173769392073349,-0.010781888049095856,0.0,-0.005321320556104171,-0.00268449559807777,-0.007646092697978002,-0.0006175225600600215,-0.0018175847269594758,-0.0006320058181881749,0.0,-0.01564178658649326,0.0,0.0,-0.01429830610752103,0.0005468301288783367,-0.008317111954092973,0.0,-0.0007311069220304611,0.015096080610528612,0.0009189674910157902,-0.006415563970804242,-0.0013112015277147449,-0.030151027310639615,0.004563884455710626,0.0031619467213749863,-0.025657162591815014,0.005315029220655555,-0.0005312647484243121,-0.0009933359920978602,-0.004760515838861473
-0.0006820871261880024,-0.062232414623722435,-0.005135897044092397,-0.05427473276853562,-0.016485326979309337,-0.002462906837463391,-0.005719375722110287,-0.054609349556267284,-0.001709026726894075,-0.0062972567230463045,-0.0014696417283266705,-0.0009262978751212458,-0.003110246527940036,0.0,-0.0023880313336849257,0.0011459782905876431,-0.006086470764130381,-8.9626163244233e-05,-0.009065888840705139,0.0,-0.00012113064527511513,-0.010660356804728502,-0.0029291142523288592,-0.002396184131503082,-0.0023336581699550177,-0.001027968171983945,0.0,-0.004720065225847069,0.0,0.0,-0.012360557317733764,0.00030524931382388057,-0.009792411178350446,0.0,-0.00417952030897141,-0.024362644338980305,0.00019330101087688956,-0.006744484603404988,-0.0004740127921104287,-0.0017588458210229807,-0.00030734884552657826,-0.009168027332052596,-0.01109525909647346,-0.005666813021525746,-3.2689534127695874e-05,-0.008581357607617968,0.001508301012218008
0.014917216924950516,0.05916523568332194,-0.00030053328722715045,-0.03190112471580503,-0.023838756978511816,-0.0029667192697525047,-0.0007687659934162705,-0.04006221666932111,0.00021589417010545175,-0.008129833154380317,-0.0021310614049434573,-0.002384554548189033,-0.00526026338338853,0.0,-0.0016881053149699898,0.0009142106771469205,-0.008115229830145843,0.004582424610853203,-0.01579334631562232,0.0,-0.003319998383522038,-0.0012599539756774913,-0.0010328939557075756,-0.00019933342933656228,-0.0011042755283414973,-0.001118224859237682,0.0,0.011896207323297853,0.0,0.0,0.04404405333101749,0.0022354562953114387,-0.006809326112270364,0.0,0.0027026793221011924,0.006658407109789544,-0.00024831767193975174,-0.004659134149551408,-0.0022375234961509727,-0.0016050294041633772,-0.024043418988585502,0.04240069055929779,0.10006751140579581,-0.013059297800064068,0.0021773661673069322,0.0014467690698802549,-0.005442055612802504
-0.004577096579596401,-0.0332212095661089,0.0039133738726377446,-0.02986313872039318,-0.029069008901715265,-0.0010031396150588859,0.01131800672970712,-0.03808416509535163,-0.00039713381789627245,-0.0020243313163518795,0.0016225187852978648,0.007042315655853587,-0.0002691691368818111,0.0,-0.00024177953600882512,0.0013747189124114767,-0.00217426080256701,0.0029144493537023447,-0.004023039732128392,0.0,-0.005356085151433959,-0.0025761772692203602,0.0003431559260934497,-0.0012842750921845392,9.117384441198473e-05,-0.00044682663399725486,0.013244450176134723,-0.0020882668439298896,0.0,0.0,-0.016482478622347113,0.00035644638352096136,-0.008908990770578384,0.0,8.585415314882328e-05,0.026088200723752397,0.0008494707942008767,-0.0028297262266278184,-0.00030828431248666743,-0.08065104563254863,0.0035721155256033046,0.004425994865596285,-0.11583666547667233,0.002674516090191925,-0.0007622287399135369,0.003947862256318352,0.026839198719244423
0.0032544243521988314,0.09230474013835188,0.00015420190989970384,-0.02794133692979814,-0.01385568529367448,-0.0009544527530670199,-0.03097462534904477,0.04131629480049015,-0.007732511777430756,0.04367303808219733,-0.009820352680981165,0.01177156548015773,-0.010025476813316364,-0.0006989886611700191,-0.0006465861201286061,-0.0003312733769416931,-0.010470467656850835,0.0009111154079437245,-0.01572176769375802,0.0,-0.005638461410999274,-0.004710129797458662,0.008975749909877762,-0.035727794189006096,-0.0016984178125858396,5.9405267238632486e-05,0.0,0.007026900965720423,0.0,0.0,0.015111773060634742,0.00015914556570351124,-0.013524084985256174,0.0,-0.003985602818429496,-0.014599081575870532,0.00010503023862840077,-0.0034456554800272043,-0.0027824568748474054,0.005498740030452615,0.00013954572379590302,-0.023601359305903347,0.06012791909277443,-0.02950390847399828,0.002542204000055781,-0.003950376361608499,-0.0015328550338744862
-0.016063373824581506,0.05855885798111557,-0.0010363137722015081,-0.028484963923692708,-0.014260624945163725,-0.0053266549110412564,0.023524883007630726,-0.04110552281141283,0.0002680309861898267,-0.00533136341720819,0.0014309392869472637,0.0042070446908474,0.02779089372605084,0.0,0.035985953863710146,0.001477186307311057,-0.0031594462692737524,-0.0008210703730583413,-0.010943411514163004,0.0,-0.001489456295967112,-0.007253692448139171,0.001179992333054547,0.0006393125653267051,-0.003471278771758096,-0.0012954289093613236,0.0,0.0004814349301159315,0.0,0.0,0.025274742236360892,0.0008278455585241651,-0.009004464149475117,0.0,-0.001981658190488844,-0.012142347469925874,-0.00011709876358509397,-0.0043357042968273085,-0.0024490407109260814,0.012091863974928868,-0.002315364703536049,-0.004640623582527037,0.07331395359709855,0.0019294463843107235,-0.0019411751069128291,-0.006293565444648236,-0.0019055196642875638
-0.0011010508984327372,-0.06755777716170994,-0.001805839091539363,-0.028316799253225333,-0.007393687367439283,-0.001992337107658365,0.003782259076833716,-0.012070001289248483,0.00010453183203934513,-0.0009871563129126848,0.0029252581298351565,0.006837874725461018,0.048060303698293894,0.0,0.03944632103666659,0.0013094307761639112,-0.0018776333332062023,0.0026645526289940102,-0.006925962790846812,0.0,-0.00014882922172543278,-0.0019288954138755587,-0.0023514634557068315,0.004213608056306856,0.0017654993943870267,-0.00044497743248941846,0.0,0.0034332435019314156,0.0,0.0,-0.011529547274112706,0.002093494981527333,0.10483967550331724,0.0,-0.0011384138464927696,0.016622922234237197,0.0010694399476051386,-0.0029602969437837467,0.008110675588250182,-0.04252897791564467,0.004728013507556139,0.006101130396127724,0.11901546854525805,0.00012349021621052558,-0.0019006168097257803,0.0025743341818451615,-0.008321575969457679
0.01252007166389374,0.07220331678166986,-0.003500901088118541,-0.01797110468149188,-0.01689691454172132,0.0029894015192985512,-0.024240085612982493,0.09390197622589763,-0.0002403979003429424,-0.009246372431516658,0.002820376828312904,0.00580908209085465,-0.00017128437757490955,0.0,-5.610138177875035e-05,0.003018693625926966,-0.005387306511402151,-0.0031516703963279658,-0.007182923294603821,0.0,-0.0019522982835769587,-0.001981770396232596,-0.0022293078899383867,0.0025446483492850835,-0.003513703942298857,-0.0005312083475291496,0.0,0.015958469286561028,0.0,0.0,0.03240901362150908,-0.000354825556278221,-0.004886200428009052,0.0,0.031149366889148905,0.008014900498092198,-4.5813322067267404e-05,-0.008048236146569243,-0.00126782566308975,0.012285131998360177,-0.0022375121340155457,0.00048512856476010113,0.047549898428842385,0.006919754398986705,0.002128615942783685,0.0036496234685182705,-0.0004415385518223014
0.0002565793693065921,0.051687546893954245,-0.002054931521415726,-0.006548501551151303,-0.007335162162780795,0.0005537775158881986,-0.002399305626749948,0.0516821118444204,-0.0009406383521854966,0.016759561449289362,0.0013281312584876859,-0.005428048670291896,-0.0020079085230827465,0.0,0.0008407104015350497,0.0024185523390770347,-0.0011623278260231018,-0.0004400137066840615,-0.0027754187583922674,0.0,0.04715073470957576,0.06615566285327076,-0.0005060774087906061,0.00011029541492457717,0.0003708571195602528,-0.0006921675801277449,0.0,-0.0030676032602787173,0.0,0.0,-0.0046586734801530305,-2.1331608295482862e-05,0.09673242434859275,0.0,0.000697911083698266,-0.0007908955216407443,3.1090378761339243e-05,5.365401506426948e-05,-0.0008676385879516357,0.03306354314088822,-0.0002173750102520411,0.014198676794767384,0.0012460963428020388,0.00040975417010485904,0.0004189245402812791,0.0051812654733657815,-0.0016399346292019223
-0.005070245563983916,0.06598703342955559,0.00022209316492080577,-0.029526038020849216,-0.008718936890363682,0.001540053784847284,0.0023820678889751867,0.06855760684236886,-0.006845753863453874,0.033427560105919824,-0.006994253173470494,0.015304055982269332,-0.0010398413054645006,0.0,-0.0008577494323253609,-0.0013522824645042508,-0.007452523205429329,0.0032733514904976224,-0.011395623162388818,0.0,-0.0014127475023270053,-0.0021707755327224076,-0.002316619493067301,0.0030044230818748463,-0.0009581623598932942,-0.000690929852426081,0.0,0.012298082457855353,0.0,0.0,0.04122826956212519,-0.002298251539468804,-0.0074956935644150124,0.0,-0.0035456207394599926,0.006183505579829218,-5.310237407682439e-05,-0.004170257896184887,0.01807243146002291,0.016820913841947893,-0.02303592599928378,-0.012392381802201258,0.0570223180949688,0.005872960872948196,-0.0017619782499969372,-0.010618220567703257,-0.0011598590388894048
0.013911980791017423,-0.05037351773120462,-0.003941818214952937,-0.05574670646339655,-0.019731174875050786,-0.004630447514355179,0.01947819885797797,-0.0219328036159277,0.000447440408170241,-0.0031051898095756647,0.004992827037349337,0.003719518901780239,-0.0005931294243782803,0.0,-0.005415396541357018,0.0007205257378518765,0.021361017562449,0.0007063924893737084,0.022557119354605665,0.0,-0.0009791487455368258,-0.006138434521853926,0.0003978655859828151,-0.0008739801868796332,-0.0023426078725606175,-0.0007431877404451281,0.0,-0.027805572003126125,0.0,0.0,-0.018286159280687553,-0.00047974869608882753,-0.009630389362573634,0.0,-0.00209834165871145,0.0043644054047763114,0.0024599058367312035,-0.0067060524597764085,0.002568801008164867,-0.046546136662363985,-0.032394813792780044,-0.010716161709278832,-0.09927746349480004,-5.952800158411098e-05,0.001663180924952004,-0.008270031129941333,-0.005417124945670385
-0.0033583682216703943,-0.056609251024201515,-0.002285119295120236,-0.06056167250499127,-0.015024790763854975,-0.005139403641223922,0.015291575761511928,-0.04294253401458266,0.00023138001561165758,0.005457093622535464,0.00029866616241633684,0.0017780290171503926,-0.004438842926174427,0.0,-0.005404151231050501,0.002145181912928812,0.015285264402627952,0.000536016821861272,0.01671326748095453,0.0,-0.005419908389449127,-0.01097684208303689,-0.0005721974093467076,-0.0016231462452560644,-0.002458487190306193,-0.0006734194979071684,0.0,-0.009208836508914818,0.0,0.0,-0.005026940098032354,0.0007406380865722928,-0.020257924031466243,0.0,-0.0005481007695197909,-0.004852530257776377,0.00035227616317569377,-0.006155850961804384,-0.00047877976670859974,-0.019079670524224615,-0.017927391948178398,-0.02042038008570672,-0.10033472425770014,-0.0004211469693109482,0.001160290166735637,-0.009187389863654957,-0.004409976350143556
0.00026550412178039107,0.04529504477977753,0.00302440622821451,-0.028417509496211996,-0.01064773142337802,0.0006207877397537143,0.03474464729428295,0.0800001579988748,-5.8729536831420015e-05,0.0205480390787125,0.003689689375460131,0.007450909018516527,-0.005784015189856273,0.0,0.01643558564595879,0.003773392438888551,0.04869794905185698,0.0010753557085990684,0.03263102211058139,0.0,0.0007702249288558949,-0.006759638488292724,0.002095648720860488,0.001907982826232918,9.895723313094185e-05,-0.00016505688428877785,0.0,0.001484554260969162,0.0,0.0,-0.015259043723344828,-0.0008371410146355562,-0.008496719002723696,0.0,-0.0026888951659202465,0.0021102252602577254,0.001978635415434832,-0.0031244924664497187,0.0022599825263023288,0.0713054578751326,-0.001930029727518573,0.028186539262533228,-0.03637072635814548,0.00014085859060286587,0.00025312751531600397,0.008566307835280895,-0.0038626945018768455
0.005903496202081443,-0.03632635846734042,0.010711143249645838,-0.028652922902256225,-0.010097110867500314,-0.002885115146636974,0.034692565277218756,0.18029168943874538,0.0011017193831503458,-0.004635941460728654,-0.0005573566351086134,-0.004074839977547484,-0.0009908569417893809,0.0,-0.002168936729431137,-0.000493038147687877,-0.0013883361220359547,0.002078213514760119,-0.00011634121648965157,0.0,0.0004454249143600736,-0.001141454279422749,-0.004389850925654207,0.0008095416426658342,0.0011708598304539797,-0.00027025096118449277,0.0,0.0020557650271803007,0.0,0.0,0.02554640132933854,-0.0018022431060671917,-0.0026207996904849817,0.0,0.003144262107089152,-0.004424930401146415,-0.00025980837643149735,-0.0033761126734316305,0.00018761575222014937,-0.09551646339707076,-0.01515407382510603,-0.013513135034590923,0.03213035385124387,0.018193955533206435,0.005895795170217738,-0.002850504852831337,-0.0019215739890933031
0.00856521531939508,-0.0684683417528868,0.0010183887928724433,-0.030771243125200298,-0.024245210215449314,-0.00038940310478205453,0.002227226383984121,-0.026577536612749114,0.0005312640406191227,-0.004910044372081757,0.002283068504184499,-0.0006363149732351581,-0.002420676946640027,0.0,-0.0015665991604328355,0.001600084342062491,-0.0122052754461765,-0.020419473350048067,0.027656756294891227,0.0,-0.0076177461445331995,-0.0034302657842635864,0.07769489660859105,0.035582945793867116,-0.001916663423180573,4.732042551039428e-05,0.0,0.010184509456157675,0.0,0.0,0.030196179421618563,0.002860504984855683,-0.005543928295373909,0.0,-0.002784596085548402,0.0030905859917401968,-0.0003840761631726808,-0.006462997794151326,0.03078885899856687,-0.02903342016041277,0.014141402542591108,0.029763369308784593,0.08051703318953513,0.004928886601701377,-0.00040872193872926177,-0.00499733963981272,-0.006676643788814551
-0.008883935622870931,0.06361974829807879,0.006797931706532839,-0.026763434857130036,-0.02467008605599405,-0.00731634527444841,0.011355513138696538,-0.034357720464468,-0.0010990105010569018,-0.006212089471518981,-0.001125381253659713,-0.007313943495973946,-0.0009827700443565957,0.0,-0.00255222797393799,0.003088570628315218,-0.003294623214751491,-0.007995608793571599,0.005251216590404506,0.0,-0.0035370323061943015,-0.0023144778609275884,-0.005268425829708573,-0.0016329973936080877,-0.0036686168611049508,-0.0004885389283299235,0.0,0.012000533938407887,0.0,0.0,0.04422306895256038,-0.0008832412213087282,-0.002922969758510585,0.007386746983975165,-0.0014899781346320862,0.002199744768440731,-0.00021531946957108195,-0.0015327403694391228,-0.002992070429027091,-0.11984284136444333,-0.02797626750543715,-0.025119827454909677,0.09679631512612105,0.035668523954227566,-0.0002501523774117165,0.00545087340287867,-0.0036349092796444937
0.002486536018550395,-0.03483556829392907,0.0017625079397112359,-0.04771027326583863,-0.018387542068958262,-0.0022603634279221296,0.021365674254484462,-0.08268332559615374,-0.0002489218581467889,-0.0005158960958942665,0.005430095242336383,0.0021542503405362207,-4.552638158200617e-05,0.0,-0.004246154110878711,0.0012233376875519647,-0.0022892763651907594,8.891125209631312e-05,0.01466700160875914,0.0,0.0006150880455970953,-0.006114055439829819,-0.0039001238718628928,-0.0017138350568711713,-0.0005205944180488725,-0.0003924793470651,0.0,0.0014804535405710181,0.0,0.0,-0.01529013574123381,0.0004816861264407557,-0.00768012415617704,0.0,-0.0013817711174488045,-0.009453664058819422,0.0007129489816725121,-0.0033561959117650864,-0.00099992956966162,-0.05012496130075306,0.00022261884529142795,-0.007728306795470416,-0.08011421884410083,-0.0007835377380251973,-0.00043395181186495213,-0.012923663211986413,-0.004722692761570224
-0.006354794241487986,-0.038883483018726094,0.00876917693763972,-0.03198571231216191,-0.02045766200870277,-0.01266503900289536,0.023355666212737547,-0.09572433701716364,-0.0006812981702387366,-0.0024516039341688223,0.0009467421658337222,0.0009508804045617741,-0.0021676509454846282,0.0,-0.00275981143116949,0.0008047606237232413,-0.009332097470760359,-0.009987095198594038,0.014100743141025295,0.0,-0.003078514039516436,-0.012233354225754764,0.0007534826919436688,-0.0024121963232755783,-0.001731712687760581,-0.001401690999045968,0.0,-0.013540718257427212,0.0,0.0,-0.017267422135919308,0.0005077086202800174,-0.010047387927770629,0.0,-0.0007854164391756097,0.0021483789384365293,1.380987465379735e-05,-0.005042274892330195,-0.0004411502182483651,-0.05581751447170972,-0.019398654010146843,-0.006075309505686154,-0.010512707619927827,0.009627157896757138,-0.000985039919614794,-0.006256270110607157,-0.009327169619500628
0.00800160638988015,0.05070196613669395,0.012937125563621532,0.12193259954452507,0.08247345626354219,0.021492471434175986,0.00032136362046009115,-0.021454176306724554,-0.00036309540271756147,-0.0006354452669620758,-0.0019650405645370572,-0.002206885963678351,-0.0018711236119270114,0.0,-0.0008838120102882263,0.00013654887676239902,-0.0010443186759948597,-0.008889495134353609,-0.002457581907510775,0.0,-0.001201024651527438,0.00018853664398188474,-0.0002800834178925127,-0.0005115532875061279,-0.001334746032953249,-0.002034341469407064,0.0,-0.0037950733024627314,0.0,0.0,0.013594812164083148,0.0010154652595520397,-0.0014452594518661321,0.0,0.007400464117527039,-0.002718680491670983,0.0005687613785266832,-0.004555730968713784,-0.0018350592255592102,0.1292317169904709,-0.0017812179774046033,-0.00048596501350400834,0.045575977005064494,-0.013882052842527665,-0.0018978211283683932,0.02420647665858272,-0.0031301301717757968
-0.010585296461358668,0.06052349256351591,0.004330928120762079,-0.03686342895030975,-0.02058378010988235,-0.0017378121614455844,0.0029334029648453164,-0.03739087596535684,0.0002847317978739716,-0.002930007856339234,0.011533324625343094,0.01325010887812822,-0.0012664499040693222,0.0,3.6177933216113844e-05,0.0026011444441974285,-0.0050618174672126814,0.001452621598727999,0.041537154559046,0.0,-0.00278930485248563,-0.005389725863933548,-0.003444765135645872,-0.00196034371852874,-0.0005218957737088137,-0.001772434934973699,0.0,-0.009008968938142042,0.0,0.0,-0.026380222812294962,0.0020981583511456847,-0.008488938212394714,0.0,-0.0031541752815246737,-0.012276327870786197,0.00018115647137167956,-0.0026092957705259323,0.0006431432068347565,-0.003265226893126999,0.010996616277843707,0.015015076398849497,-0.0888414679141715,0.002544916728511454,-0.0008566823368892362,0.02394141258671878,0.05275018307846041
-3.643169999123508e-05,0.05746864348649977,-0.0018958705663680853,-0.020082724392414097,-0.010003148317337035,0.0014088433980942172,0.004691611528396589,0.07944901451468467,0.0015057150833308608,0.012823083363473375,0.014359748810529704,-0.0029276984930038386,-0.0004159021377563299,0.0,-0.0003344732522964078,0.001323509812355017,0.026195955052971842,0.001155169308185544,0.005615973817184566,0.0,-0.0005943322181701238,-0.0011464196443558006,-0.0003034493327140342,0.001156897246837596,0.00035581354051830716,-0.0005434754490852289,0.0,0.004480483680963543,0.0,0.0,-0.007689498737454392,0.0014592358469963096,0.13468146667815745,0.0,-0.002143008708953842,0.00650038106366993,-0.002035530731082008,-0.0017601273953914975,-0.001412867903709425,0.06512474015355113,0.0037302356958389127,0.027946966812014584,0.004150438606739026,-0.0033649420738220415,-0.0008862285129726255,-0.004162922631949173,-0.0030964608490466894
-0.024812221825122827,-0.05376877618022262,0.0015646791364997414,-0.03477259181439876,-0.018972259908914546,-0.009194648265838629,0.010355553487315775,-0.05691157601773737,-0.001422485858201969,-0.00533944837749005,0.02001829538494347,0.010547462422400705,-0.0029349710047244792,0.0,-0.0032781980931758936,0.0015983204171061693,0.03083624579478053,-0.0007150506973266357,0.011390815246850233,0.0,7.19439983367931e-05,-0.006534433662891401,0.0007613610476255445,0.0006616134941577756,-0.002730092965066419,-0.0019614316895604222,0.0,0.012074672151356936,0.0,0.0,-0.007877914607524877,-0.006077678892761451,-0.008122265934944167,0.0,-0.002749967053532615,-0.0003225958719849653,0.0009096027817577235,-0.007876587659120554,0.0033749744296073803,-0.04343361448496581,-0.006476733833551407,-0.02300451551098376,0.0027851931657641993,0.009326766617596141,0.0029649041965603973,-0.012521531125530602,-0.004905647225677934
-0.003683093595318491,-0.034085053640883406,0.001680467799305918,-0.0597475891932845,-0.011752317016944283,-0.01318350815214217,0.02289111229125411,-0.06677763568237424,-0.0014817643258720758,-0.003144251077901568,-0.003396067526191461,-0.007899993029423055,-0.0037034123204648522,0.0,-0.00536058597266674,0.0008049023803323625,-0.005968133700080218,0.0027123474236577794,-0.009337070006877196,0.0,-0.0039039947651326803,-0.004918710738420498,-0.006078065540641546,-0.0015328103117644813,-0.0007942810980603177,-0.0004809421394020158,0.0,-0.006769273574464017,0.0,0.0,-0.01537329295650125,0.0001657843403518114,-0.0048709203395992575,0.0,0.0004895439371466609,-0.005730710215866562,-4.8167780041706576e-05,-0.007790241241455068,-0.0029096185043454154,-0.07716666053049268,-0.008557731169275926,-0.006650748075917357,-0.027790936417877676,0.0009476541308686033,0.00283840117277577,-0.007860814570449293,-0.001346128901932378
0.004414396975189416,0.05777136411517861,-0.0028346491232514592,-0.0319559518992901,-0.012213010191917423,-0.00336932331323625,0.0001435682922601711,-0.02509376287460327,0.0006318847090005797,-0.005002754330635045,0.003167123794555665,-0.0015823831968009294,-0.0009454972669482031,0.0,-0.0007574579119682678,0.0017927983030676942,-0.007010328285396106,0.00390223961323502,-0.010228642486035833,0.0,-0.00029812991619107554,-0.0045574879646301525,0.019767337301746013,0.002767719710245725,-0.0017292372882366236,-0.00045667767524718017,0.0,0.01111108074430378,0.0,0.0,0.01794020488858225,0.0027292098011821586,-0.005608223080635105,0.0,-0.0009113985300064076,-0.01643604975193741,-0.000573592907749082,-0.0033259014785289864,-0.00017025858163829954,0.007006189953535774,-0.01613123982213438,-0.019714405834674847,0.10972367789596321,-0.0023464082926511753,0.0023026008717715596,0.002606277344748359,-0.004835927188396455
-0.0014027441665530327,-0.0430388201214373,0.0005293405405245727,-0.03258341953158378,-0.02380381908267737,0.007747766822576524,0.005103438389487569,-0.032365271374583254,8.770648390055147e-05,-0.0031939973309636077,0.0014314750302582835,-0.003451146790757753,-0.0010556897707283686,0.0,-0.0038446529954672057,0.0005680338293313908,-0.0020931801199912947,-0.015232214180286988,0.007880254378542312,0.0,0.06546217188239095,0.09877956584095957,-0.0017183689586818124,-0.005396306887269026,-0.0008972188644111173,-0.00037543177604676403,0.0,0.0008713870868086726,0.0,0.0,-0.003954547494649872,0.00020043902099133037,-0.008805484026670453,0.0,-0.0026883944869041387,0.00427636360749601,0.00018482454121115238,-0.0036135385558009048,-0.005496350172907102,-0.11000788767356426,-0.007968190610408793,-0.027726041595451556,0.018358192392624928,-0.0008404805138707144,0.0013680108916014622,0.0007678070012480109,-0.007084044888615609
0.007205793391913191,-0.03523026857990774,0.001569323316216481,-0.04151780627667903,-0.025860509276390067,-0.0017806149646639735,-0.005163022857159388,-0.08628995049744845,-0.00017448604106902119,-0.003917288873344665,-0.004977858406491578,0.0039433955075219435,-0.0038222810253501077,0.0,-0.007032434307038787,0.001164752580225456,-0.006764251291751844,0.003912283629178975,-0.01623388856649398,0.0,-0.0015410417318344333,-0.002454211413860319,-0.004191891513764853,0.003136835470795629,-0.0021946971677243576,-0.0019033221015706675,0.0,-0.013054629778489465,0.0,0.0,-0.0110361861437559,0.001431835526600464,-0.013420968204736726,0.0,-0.0013944397494197042,-0.002998564783483759,-0.000468765152618289,-0.01006928784772751,-0.0003440608084201713,-0.04328361193649471,-0.003402384137734766,-0.015149180195294307,0.013049644390121115,0.006076538073830309,0.0020120219793170607,-0.0093304428644478,-0.003999987430870558
-0.009725116048939525,-0.030261981450021277,-0.0019600137323141087,-0.054792555049061775,-0.013355799093842505,0.00033066553995013404,0.0009575053118169446,-0.00943045023828746,-0.00034015180543064266,-0.0030168393906206056,0.0020756633300334226,-0.005994666954502487,-0.0010364551469683736,0.0,-0.00233527047559616,0.0012406112812459597,-0.003650413379073153,0.0021672035753727073,-0.005836073979735373,0.0,-0.004711927920579888,-0.006325253322720541,0.02423680378124119,-0.012844326272606829,-0.0012957719899713907,-0.0005948441848158889,0.0,-0.010216510649770513,0.0,0.0,-0.026275584846734992,0.0008969140052795324,-0.012227814942598343,0.0,-0.000985460355877897,-0.003205742496065783,0.0001302938163280365,-0.0019545103982090764,0.0030112683400511583,-0.04511721555143594,-0.008182197604328388,-0.0033196013048291395,-0.04128417992964386,-0.0024904305581003663,0.001615913975983846,-6.057713180782076e-06,-0.00709770277142522
-0.008914594613015636,0.02469467677175996,0.013173778206109987,-0.022372961193323132,-0.015863734185695588,-0.001761667132377659,-0.0015421357750892983,0.10617055988870563,-1.6271322965610846e-05,-0.0038891258835792586,0.0019088868051766739,-0.005813700426369917,-0.000737545285373925,0.0,-0.0014147081971168096,0.00015828311443330523,-0.006484491825103744,-0.005158220641314992,0.01430444583296775,0.0,-0.0017344164848327182,-0.003849858045578025,-0.008087060432881155,-0.002322876155376463,0.0037740629911423296,0.0001721850037574857,0.0,0.008174778446555148,0.0,0.0,0.048104815632104864,-0.0017389148473739569,-0.006127797365188592,0.0,0.01635874519124625,0.008775786608457514,-0.0007703705877065425,-0.003950066864490509,-0.0002442786097526517,-0.049360087243840084,-0.031701979897916316,-0.009244397729635256,0.04343613503500823,-0.006785129979252791,-0.0005296333134174325,0.0018707765638827922,-0.011964030861854547
-0.008492871923372142,-0.04286584501620382,-0.004342230008915062,-0.051987407635897404,-0.03208677090704441,-0.010803389325737947,0.013188825631514196,-0.047194145806133764,-0.0005047057569026979,-0.0024026042781770188,-0.0015026609878987327,-0.0025246875267475703,-0.0011799400672316343,0.0,-0.0020500960573554203,6.993381306530204e-05,-0.004699722332879894,-0.0008579286187887052,-0.003873326135799292,0.0,-0.0011681067943573103,-0.016568856686353682,-0.0030459875054657665,-0.0004608290921896468,-0.0009082533884793575,-0.00013355166651307648,0.0,-0.0023872439051047193,0.0,0.0,-0.014853629851713783,0.000810233019292346,-0.018811140879988676,0.0,-0.001484616845846179,0.0010157888941466839,0.0017766723548993581,-0.0026471831835806203,-0.0012627664208412041,-0.05674274522811175,-0.014734240593388667,-0.0068018296407535705,-0.04582806947175414,0.005929229925386595,0.002007230063900349,-0.0014559818059206031,-0.0053683966491371304
-0.015216812649741729,-0.029082461837679152,-0.008574974387884127,-0.022698615640401848,-0.01242885500192642,-0.004002446979284285,0.05925562561489642,0.1489637812413275,0.0017273102886974923,0.002017443925142276,0.00894720536656679,0.015400834269821612,-0.005473292367532856,0.0,0.01952276058495042,0.0014576042070985062,-0.003290730938315417,-0.0028141428530216173,-0.003166801929473828,0.0,-0.0024720510840415544,-0.0023591166734695246,0.0031157850101589946,0.0022214636206626948,-0.00016344532370571319,0.001806539595127138,0.0,-0.0019724616408348106,0.0,0.0,0.026290163174271602,-0.002108284793794185,-0.0039658695459365845,0.0,-0.0007888360321521848,0.0035999344475567685,-0.0003443535510450624,-0.002721663936972568,0.0038624668121337857,-0.054527645651251094,-0.008874888122081759,-0.015760416928678772,0.0721467047184706,0.010949792694300409,0.00016017420217395717,0.01173686626367268,-0.00655072778463367
0.005396580798551445,-0.0587869911827147,-0.002785702198743821,-0.03828280474990607,-0.02557799361646175,-0.008522703982889672,0.021140720001421864,-0.07503089966252445,-0.0003182446770369912,-0.006177882682532068,-0.006414429303258674,0.005862974049523448,-0.00406869284808635,0.0,-0.0036548621207475526,0.0012370899878442337,-0.006822338216006748,-0.0020880262181162956,-0.015237892903387534,0.0,-0.0018865537643432476,-0.00943806100636721,-0.003914910703897476,0.001286015175282977,-0.0017188865505158996,-0.0020648734178394246,0.0,0.006219721697270874,0.0,0.0,-0.020804605744779117,-0.007313920538872479,-0.013606635630130773,0.0,-0.001657681539654704,-0.006634530015289783,-0.0002400805801153344,-0.009708071043714885,-0.0021550410613417614,-0.0518972362531349,0.0008574745431542338,-0.012290270561352373,-0.005100016230717305,0.012382048517465605,0.00390821000561118,-0.002676330860704179,-0.0032728422060608886
-0.003612360879778842,-0.05684140236116944,0.0030467614182271008,-0.04304580137133596,-0.024525788519531494,-0.012454650476574902,0.03543070445768533,-0.07175010569393636,-0.001444026082754138,0.010593246882781418,0.006339051574468624,0.005586270615458508,-0.00901643320918083,0.0,-0.004289278686046602,0.002098515257239336,0.01803443268872798,0.0057980560883879595,0.038776025073602796,0.0,-0.007651391029357926,9.034872055058152e-06,-0.005908435340970755,0.0002946630120277266,-0.001327670644968762,-0.0010773191228508755,0.0,-0.020687139225192365,0.0,0.0,-0.010414942279458037,1.2188591063007348e-05,-0.013752574771642705,0.0,-0.0016203744709491624,0.004083530500065546,0.0009923839755355962,-0.007005357258021844,-0.0005594658106565439,0.00010091398376968486,-0.023025674363598217,-0.0091620249301195,-0.10370775533840058,-0.0011902268975973185,0.001509855124168083,0.0020231001172214824,-0.012876020125113435
0.004526071203872564,-0.05947082337224856,0.015774551182985305,-0.03496989697217941,-0.024307505190372454,-0.003298477232456201,0.02520338598638773,-0.08123647123575209,-0.0016676160320639732,-0.0015570514649152767,0.008542168140411366,0.004938286757096649,-0.000898735541850354,0.0,-0.0013515952974557793,0.00045146290212870477,-0.0007708892226219038,0.009211454852484188,0.021491509918123486,0.0,-0.00861067838966846,-0.000260453224182125,0.0005467251874506363,-0.00039690747857096254,-0.00027863444760443945,-0.0016193437669426158,0.0,-0.014716903241351248,0.0,0.0,-0.008735017552971819,0.00027682682499288735,-0.018514835610985755,0.0,-0.003621163070201855,-0.009976675435900695,-0.00032571324147284697,-0.004261237904429421,0.001652004197239848,0.010916632616426794,0.020837728474289177,-0.016305507672950623,-0.05301257886458187,0.006804163060151039,0.02165071699768304,-0.011533947642892603,-0.010017155371606357
-0.0004221952706575244,-0.03999268259387463,0.0015758281107991767,-0.038071997016668344,-0.006911632427945728,-0.005703772157430651,-0.00403002754785119,-0.05587875897996127,8.988276124000105e-05,-0.0034069778630509973,-0.00014225087128579006,-0.00966330937109888,-0.0005083577334881063,0.0,-0.0018455965071916686,0.0015965702198445795,-0.00043919859454036314,-0.001086324676871286,-0.010980121055617936,0.0,4.8786997795105536e-05,-0.005829644827172142,-0.005046723447740098,-0.00556315194815396,-0.0012461569486185847,-0.0008022593799978245,0.0,-0.0036387293646112095,0.0,0.0,-0.018860387466847914,0.0006781858298927496,-0.00984973609447478,0.0,-0.0013864758331328594,-0.027406633482314632,-0.0002406167984009,-0.00955817957408727,-0.002324982797726999,-0.08765061141457409,-0.0022796634864062316,-0.01584747407585381,-0.015146163767203694,0.005152661139145517,0.0036341093108057942,-0.0017153707426041161,-0.003921106802299613
-0.008415703494101742,-0.0567213392443955,-0.0002878382056951678,-0.03791549310088159,-0.01936310008168221,-0.008018958717584596,0.016017282055690876,-0.032184810191392896,5.99954649806167e-05,-0.0044859451148659,0.0007285619992762893,0.0009521741047501531,-0.0034953596442937884,0.0,-0.0028084242343902888,0.0015104001015424778,-0.007908194717019812,0.0030413939803838608,-0.007047392092645169,0.0,-0.0035673099756240723,-0.0023576757311820906,-0.0032322290260344694,0.00023401260375977007,-0.0016038003005087315,-0.001180271320045001,0.0,0.007480598464608204,0.0,0.0,0.017274980889633293,-0.0008239568676799564,-0.014443445056676857,0.0,-0.0034185044467449216,-0.00610259599983691,2.9239198192948512e-05,-0.0072927651554345885,-0.002887336015701278,-0.06555260235443713,-0.006021540127694611,-0.010908134970813985,0.017794234566390524,-0.000722688734531407,0.0003339269105344933,-0.006593121998012069,-0.0009706539660692265
-0.004362430945038801,-0.03201834161765872,0.01108176770620048,-0.04923535654321312,-0.02424756996333599,-0.009174033757299187,0.01388378801755609,-0.07167909925803541,0.0007404761388897646,-0.002612760057672865,-5.5844001471995475e-05,-0.0036465257313102618,-0.0013416931219398763,0.0,-0.00433667942881584,0.0012185097020119256,-0.003071773508563639,0.001954980730079119,0.02145618230104447,0.0,-0.00474801777862012,-0.0037494900822639607,-0.004009255561977634,-0.0014788466319441869,-0.0010631869919597858,-0.0004728923225775349,0.0,-0.0034378515975549764,0.0,0.0,-0.012874320317059783,-0.000348639786243431,-0.014510835409164424,0.0,-0.004300908818840973,-0.0006746329925954309,-0.00025244674645366616,-0.0037386081926524713,-0.0009591042622923707,-0.04240542709827422,-0.014072259436361506,-0.01322413260117173,-0.0752675027679652,-0.0017939844261854708,-0.00030044304672628523,-0.01195788837969304,-0.002916387426666906
0.004133785087615249,0.03743786543607708,-0.0005534888803959137,0.09290670944377777,-0.009061574339866707,0.05877651896327729,-0.015559608042240158,0.0013899800181389477,7.552146911615765e-05,-0.0027896660566329445,0.0015864430367946714,-0.00389331571757795,0.01515177285298705,0.0,0.00798354089260106,0.0022457298077643295,-6.825104355806522e-05,0.006677335202693979,-0.0008242031931876559,0.0,-0.00012918770313263828,-0.0027873444557189875,8.597761392598047e-05,-0.0010705363750457553,-0.0027117514237761375,-0.00017662882804875268,0.0,-0.003299378063529701,0.0,0.0,0.08008282245136797,-0.00020626011304558656,-0.004685299396514908,0.0,-0.0032362407445907793,-0.008573013097047777,-0.0009793919324874722,-0.002380131259560603,-0.0023596602678299106,0.11141861189156765,-0.006085479110479353,-0.0013307749480009345,0.035011383704841165,-0.0057370786368846904,-0.0007034522667527521,0.005157078951597227,-0.00400983532890678
0.005878212884999803,-0.079459377983585,-0.007174674980342383,-0.03445523694157602,-0.015297179967164981,-0.0065692746639251925,-0.009457251075655218,-0.025050988905131813,-0.0025836840644478665,-0.005395438810810449,-0.0038233135174959784,0.0017845179419964385,-0.004100955706089732,0.0,-0.003024594336748121,2.677554264665649e-05,-0.00516858689486982,0.0033657258749008392,-0.011963904462754749,0.0,-0.0055392548441886985,-0.005300127565860749,-0.003083454240113484,0.0028883938491344463,-0.0007176579535007332,-0.001514622829854484,0.0,-0.0165966614941135,0.0,0.0,-0.00999923817813396,0.0030553153995424714,-0.008099800571799286,0.007594421682879354,-0.0028239196538925176,0.018714421996846795,2.562483772636237e-05,-0.004240498729050163,0.00023172304034232982,-0.03208942484110594,0.02045170925091952,0.0027688855677842905,-0.04685605072416367,-0.0002855905704200329,0.0013206347776576893,-0.004237789148464802,-0.006674365028738971
0.0034915472567081385,0.02983459964394572,-0.00034742988646030426,-0.03279914706945419,-0.009183243811130504,-0.002211991250514994,0.0040382729843258525,0.09841488188132644,-0.006985018253326425,0.029590738564729713,-0.002273149043321626,0.003736634626984564,-0.00045742496848108494,0.0,-0.0010755603015422943,0.002259984426200401,-0.0017548780888319016,0.0034758543968200217,-0.01030029803514479,0.0,-0.0022100433707237244,-0.006519336402416254,-0.0025380194000899636,0.0039345158636570066,-0.0034346956014632835,-0.0017784363031387307,0.0,-0.00032711558043954647,0.0,0.0,-0.008740541636943822,-0.0019663728773593736,-0.008816983401775363,0.0,0.024930645897984494,0.0032343752682208737,0.0003067058976739534,-0.004029216617345788,-0.0015455040335655423,-0.031322031170129744,-0.031454954594373696,-0.009651708677411053,0.06939479029737414,-0.032943747416138675,0.0017903043329715873,-0.009210731461644167,-0.006805529296398161
-0.005437015946954496,-0.06546081993728878,-0.002154143843799837,-0.032227876298129565,-0.021912446618080145,-0.0014739315584302026,0.029223446224350497,-0.08101039238274098,0.0004122992884367793,-0.0023191816778853624,0.00018578508403153948,0.008424916397780188,-0.002157375323586161,0.0,-0.0015129406750202107,0.0009994612121954523,-0.006559222210198657,-0.001653825752437105,-0.008579209754243491,0.0,-0.003271431177854542,-0.006983678434044127,-0.003343111705034988,-0.0052798468247056,-0.00165773989632724,-0.0013788219075650254,0.0,0.006326402656268312,0.0,0.0,-0.013212049305438997,-0.0037347230315208525,-0.0056565548479557,0.0,0.00038077779114248367,0.002447981550358247,-0.00019264020025731854,-0.0046877462323755,-0.00043838317506014225,-0.13350354427471756,-0.008802642291411755,-0.006292759804055111,-0.010820065992884318,0.0071115562645718555,0.0028381889592856147,0.0013956608576700114,-0.0029675925057381326
-0.009425440225750176,0.06625418400391936,0.004597093453630852,-0.0152876403927803,-0.014091222584247581,-0.0015586462616920815,-0.042356316875666405,0.10673030418343843,-5.2082054316976434e-05,-0.009082105597481183,0.0018066533468663326,-0.011837167963385575,0.0006953589245676794,0.0,0.0002419897913932545,0.001407791487872595,-0.004316901862621264,0.009117011353373533,0.01507348752580584,0.0,-0.00211492180824277,-0.002411746978759788,-0.004334829747676849,-0.001489111483097022,0.0016174838691949411,-0.00043563615530728406,0.0,-0.005725077656097671,0.0,0.0,-0.020531371906399726,0.00016084266826507654,-0.00799751311540603,0.0,0.00782921752892432,0.03042495692614469,0.0006307738274335672,-0.003202878087758987,-0.0023182637989521138,-0.03273352116346362,0.0274424012005329,0.004433481292799107,0.01952752801589669,0.023672959441319114,-0.0023810807615518292,-0.0010939816199243002,-0.005836448669433614
0.004036416960880165,-0.05667361201252789,0.00017455294728280224,-0.045690747201442714,-0.018414021879434583,-0.004525130763649951,0.02147998124361039,-0.07213044881820677,-0.0010055510327220095,-0.0014229846745729136,0.006507605910301206,-0.005062464042566717,-0.004057253655046236,0.0,-0.002718475759029393,0.0006147300079464707,-0.008069271966814992,0.0005620867758989179,-0.011283163242042055,0.0,-0.007776184491813179,-0.004608480632305137,-0.0030832907743751983,0.0002911875024437932,-0.00174843691289428,-0.0008969770651310882,0.0,-0.017484069517813616,0.0,0.0,-0.016277271322906017,0.0019538443163037295,-0.009289076887071132,0.0,-0.0035516859591007144,0.017900473978370413,0.005985429733991646,-0.008842509239912033,-0.0005144264549016841,-0.011577555094845579,0.002113317451439778,-0.007009016489610095,-0.07434725999832154,0.00030008189845831534,0.0006475874688476324,0.004891964262351389,-0.0012626774981617794
-0.004191280235536388,-0.06616060699103402,0.000445301225408902,-0.057562587754800915,-0.02076872458681464,-0.0021915616560727325,0.010439382684417072,-0.04331080748699606,-0.0006956992996856419,0.012705333288759002,0.006070029037073252,-0.005025420878082519,-0.0017272568494081444,0.0,-0.0006572755984961976,0.00015246759168803525,-0.00582685895264147,-4.012173041701827e-05,-0.013345482693985111,0.0,-0.003701148927211753,-0.009966317079961304,-0.0013647651718929482,-0.0006541921687312352,-0.00033909155055879964,-0.001196952667087331,0.0009392610727809378,-0.0039438379509374715,0.0,0.0,-0.005706944288685921,0.0009990570880472546,-0.01705981494858861,0.0,-0.0029134814534336265,0.0317280145722907,0.0004873949009925136,-0.0025072705559432487,-0.0027553633693605667,-0.04299428089521824,0.0003093247348442754,0.015831675445660956,-0.1339618244022131,0.003913817252032457,-0.0002867797447834164,-0.004905954170972112,-0.008083120086230342
-0.006424233457073575,-0.0468528716173023,-0.0033863129839301065,-0.0375422802940011,-0.02674528047442437,-0.01030986629426481,0.0101719562802464,-0.06836399151012303,-0.0008046536706388229,0.004535533767193555,0.0036738204024732157,-0.002586218393407752,-0.0016152660083025728,0.0,-0.00231950230896473,0.000270092710852635,-0.004416702669113894,-0.0005316738784313258,-0.008629713691771061,0.0,-0.005358265936374673,-0.008519075289368606,-0.0019087266456336016,0.0007705616764724019,-0.000622120983898633,-0.00048003228381274417,0.0,-0.022908469587564484,0.0,0.0,-0.005531440787017356,-0.00013091320171950208,-0.013454046845436086,0.0,-0.0010245279967784973,0.004924488281831171,0.00030042015016079615,-0.0034225491806864627,0.00025244402699172233,-0.001311035496182729,-0.015320879556238648,-0.004997896775603278,-0.08194625305011867,0.00034231874160470244,-0.0004634020850062398,-0.00632271369919183,-0.005347076449543221
-0.01473528041504324,0.031911986134946335,-0.0015207557380199077,-0.016519024372100816,-0.013193054944276777,-0.005265778303146368,-0.00027388574555511913,0.061712756305933036,0.00048230295069517926,-0.0022521315421909216,0.0035093333385884384,0.004243882596492776,0.013930152952671054,0.0,0.011545567996799955,0.0013696232438087375,-0.0007860720157623624,0.00042251065373416496,-0.006745825484395035,0.0,-0.0052657565474510115,-0.0068531894683838135,0.002101706266403186,0.0016983425617217718,-0.0035240715742111406,-0.0006630800850689345,0.0,-0.0029885599575937005,0.0,0.0,0.04141085982322695,-0.0008047141879796715,-0.008127666711807258,0.0,-0.0027903309464454573,-0.00010935529135169819,4.675313830374006e-05,-0.006062060967087751,-0.0027568569779395924,0.011028959713876269,-0.007685981243848838,-0.0019044243451208087,0.06473665106110277,-0.005217949859797982,0.0018442505225539363,-0.001999750705435843,-0.005340568721294375
0.012805895749479518,-0.04969002973288297,0.004001143239438537,-0.044936513677239415,-0.02025108881294728,-0.017981143668293967,0.005654707616195076,-0.021550295874476405,0.0010132528282701947,0.011260594706982388,0.009356501474976534,-0.01118746388703587,-0.008068374954164015,0.0,-0.008917885944247236,0.004212322961539033,-0.0066640786826610565,0.005688292905688286,-0.006674060244113197,0.0,-0.00026175171136857966,-0.010318361520767205,-0.008351681102067215,0.004734229296445819,-0.00031610468402504255,-0.0024477469921111994,0.0,-0.029212997481226924,0.0,0.0,-0.011401100680232035,0.0012694831192493206,-0.010980309545993813,0.0,-0.0023436541855335336,-0.023544806744903335,0.001411599256098267,-0.006424122974276539,-0.003881142660975452,0.009681989690288897,-0.0036498971097171234,-0.021829969724640255,4.307270050050993e-05,-0.027329336376860733,0.0020380907692015074,-0.0005080392956733765,-0.00438350252807139
-0.0036841280944645283,0.0902524961344898,0.007598635302856566,-0.02415163099765774,-0.008183140754699697,0.0013856101036071877,-0.021461510006338363,0.055646973922848675,-0.005018537789583194,0.015261214170604998,-0.010747910458594578,-0.002479221536777959,-0.00042546063661574873,0.0,-0.0006099027395248535,0.0006327635049819813,-0.0047023211419582045,0.01621310511603949,0.02497437634039673,0.0,-0.002297158837318458,-0.0034510713815688876,-0.004298353493213641,0.0001572126150131692,-0.0006268948316574263,-0.001722014956176271,0.0,-0.007187650185078359,0.0,0.0,0.03774170071817934,-0.0011915123462676869,-0.006030282974243184,0.0,-0.004708522632718093,0.019321866892278217,-0.00030827322043477934,-0.005443335957825229,0.006852420577779378,-0.03762380151078101,0.025601167418062648,0.007193174390122292,0.10171890579164025,-0.015707459822297154,-0.00020809797570109367,-0.000308673568069906,-0.005211792662739717
-0.019495234265923506,-0.08505137064494192,0.011694893692620084,-0.035599247813224766,-0.01519982755184171,-0.0059134230762720175,-0.04066730765625834,0.06852283218875527,0.003344766162335866,-0.0005424916837364485,0.012227393575012707,-0.0006395110953599237,-0.0009376540407538547,0.0,-0.0015660768002271341,0.004932502619922174,-0.009183567762374875,0.005214613471180199,0.01641337792389097,0.0,-0.007117201983928706,-0.008442226648330692,-0.014776503602042801,-0.027162811635062095,0.00045354839414357695,0.002321491688489913,0.0,-0.0033150692284107386,0.0,0.0,-0.014098330438137074,-0.004480948671698598,-0.02019502781331539,0.0,-0.006153128817677489,0.012492763740010543,-0.0010573308914899604,-0.0010094216838479053,0.0014348591864108973,0.0162210944108665,-0.01243723951280118,-0.01981395266950131,0.008066067658364776,-0.0018960739951580652,-0.0050003873929381215,-0.019443593695759764,-0.01523234128952028
0.003470660415478055,-0.04048550978302956,0.0011885262979194622,-0.05722850022837521,-0.007128330245614061,-0.006767146242782499,0.014541880264878265,-0.06715127578936517,-0.0007614031061530177,-0.003363625602796662,0.0009760962892323699,-0.0013100303569808375,-0.002897592894732945,0.0,-0.002410531016066685,0.0013224832713604126,-0.004641450960189114,-0.0011262231040745849,-0.01140274580568076,0.0,-0.009093066230416311,-0.007585573531687276,-0.001457041669636958,0.0016927076410502319,-0.0014157839957624563,-0.00033443206921218716,0.0,-0.004509441200643768,0.0,0.0,-0.006226768009364598,5.878655239941258e-05,-0.015313762314617646,0.0,0.002359334174543634,0.006075818953104321,-0.0003591534495353821,-0.005476678069680926,-0.00044377832207829777,-0.06562723714392635,-0.023910170919261856,-0.006528156879357982,-0.060015906286425905,0.0007782113086432316,0.003490906530059873,0.0004573570191860124,-0.007069883495569224
0.004115603975951648,-0.04996241472661492,0.005633364543318753,-0.027725297510623886,-0.009323166012763978,-0.003409312069416054,-0.03119725966826084,0.09239977349527179,0.00047091983258723547,-0.003882117420434955,0.0011086338758468373,-0.00643169708549976,-0.0012517786026000899,0.0,-0.0007892966270446611,0.0003114449232816674,-0.00016212902963164133,-0.0002734123170375635,-0.009693578407168418,0.0,-0.003819732964038841,-0.0032296377420424904,-0.0011954642832279205,0.0027259896695613905,-0.0024477102980017817,-0.002166687324643146,0.0,-0.002027262775227384,0.0,0.0,0.05114648252725598,-0.002266206294298162,-0.006286225914955118,0.0,-0.0034289523959160073,0.003433635728433748,-0.0005062480643391598,-0.0008258508890866822,0.0006164669990539329,0.1358027451857924,-0.009383838437497655,-0.014725576424971243,0.04669899861328308,-0.022441925443708904,-0.0004896485432982489,0.03919718683697282,0.004781080354005096
0.025973134590312863,0.045967709515243746,-0.001138836666941645,-0.03637668907642362,-0.009268896877765664,-0.00025116205215455767,0.008894931836985032,-0.04443582758307457,-0.0015459995390847414,0.03355448098853228,0.02032981852069496,0.014578051958233168,-0.0025508507248014345,0.0,-0.001242166757583596,-0.0016118168085813567,-0.002509718984365472,0.0037051583826542,-0.01733343377709387,0.0,-0.0027734240889549233,-0.002916781306266769,-0.001532443910837178,0.0005907413363456793,-0.001769634410738935,-0.002005327139049773,0.0,0.000758109400048862,0.0,0.0,0.04523958234116435,0.0007734676450490696,-0.010054480731487264,0.0,-0.004303680509328833,-0.01859259720891715,5.183666944502674e-05,-0.0043050482869147755,-0.0028907498717308244,-0.0893245722632855,0.009577001342549907,-0.004386785570532098,0.12636205562390387,0.0012979368586092943,0.003125343117862972,-0.003949405178427706,-0.004102844148874324
0.009102070117369312,-0.028993508042767624,-0.00024498675018548577,-0.04054396070539951,-0.028529877942055453,-0.002918211873620749,0.0035026729339733553,-0.05596811223775147,-0.0001295736059546554,-0.0035263348743319323,0.0026518930587917655,0.0040670883934944835,-0.0006535294279456094,0.0,-0.003122622445225702,0.00045477131381631286,-0.002883327603340133,0.007867068797349941,-0.004398953486233939,0.0,-0.003850911706686014,-0.002905684709548967,-0.003445921894162887,0.0033329280838370334,-0.00020855017006395082,-0.0011030196491628869,0.0,-0.020352852893993273,0.0,0.0,-0.004755262583494197,0.0003096751123666669,-0.008264149725437195,0.014395002294331771,-0.0013535026647150394,0.009743243893608464,0.0006918104132637437,-0.006777536794543279,-0.0004675041511654626,-0.10185385116375985,-0.006912165516987451,-0.01992759987711907,-0.0011087026726454702,0.001992619186639788,0.0020358625892549775,0.006218542391434295,-0.008270693346858052
-0.0012855394650250485,0.06782936313189566,0.009795687254518265,-0.02763576656579969,-0.01202192842960359,0.000489774048328423,0.004716244190931307,-0.027633862644433987,0.0009790270403027546,-0.0026258307322859775,0.0007297983020543852,0.003265817631036061,-0.002214911766350247,0.0,-0.001379159092903176,-0.00022581338882443625,0.046659356756135834,-0.0005695258080958832,0.009803729727864308,0.0,-0.003946344256401085,-0.0019216322898864546,-0.0011776394397020884,-0.003184833824634553,-0.0004767519142478416,-0.0016818270087242126,0.0,-0.012337321601808088,0.0,0.0,0.04061183847486971,0.0007129484182223644,-0.008164078593254104,0.0,0.02687005929648878,0.024071956910192926,-0.00021884810179473302,-0.006103914082050327,-0.0008061081171036044,0.0016798926144838133,0.030277834814041865,0.023222037442028526,0.027222126722335843,-0.004352474212646451,0.001278253346681607,0.009870336488820602,-0.005481969118118324
-0.0023650050163269154,-0.05702067397534846,-0.0089907437562943,-0.024853992462158192,-0.025600721240043645,-0.006307014524936705,-0.06057113805785774,0.07323707669973373,0.001898226179182505,-0.0038637925591319677,-0.011877964176237571,0.006921408576890831,-0.0001394744962453509,0.0,-0.0011199964582919997,0.0033958539366722162,-0.004584129229187994,0.0015417686104774453,-0.004645793586969371,0.0,-0.0018901938199996915,-0.009311364889144885,0.00011550001800061938,0.004341700822114936,0.0012662832997739626,-0.00029462471604346785,0.0,0.0042439333349466035,0.0,0.0,0.023294047061353934,-0.0015720290970057116,-0.014239875972270943,0.0,-0.004947322905063639,0.008225667253136615,-0.00038258641958235917,-0.007975943014025683,0.0022739675641059998,0.011369799096137279,0.004318611621856677,0.007430579094216239,0.04122200451791283,-0.0048683523386716665,-0.00042973309755323097,0.02598568037152288,-0.006754145007580509
0.005909155290573814,0.07286684274673463,0.009561111349612489,-0.03841670185327531,-0.02042360126972198,-2.202823758129524e-05,0.004891627132892623,-0.03099573008716111,-0.005778637444600471,-0.006162643842399118,-0.026082022627815615,-0.00964602276682855,-0.0010567753762006915,0.0,-0.002295946180820463,0.0012448486126959424,0.04044395199976861,0.0005654308199882496,0.00613697500899435,0.0,0.0006433838605880704,-0.006113812327384949,0.022621613880619396,-0.021121781151741736,-0.002998713329434355,0.0005298902839422082,0.0,-0.01986634396016601,0.0,0.0,-0.018262098431587215,0.0027444575726985887,-0.011878162920475027,0.0,0.006565074678510446,0.01883217677474025,-6.564348936077824e-05,-0.0014009530842304108,0.0010346323251724243,0.007677688561379931,0.06106943001970647,-0.0126638711243868,0.017368887420743717,0.003678444921970392,0.0015089665725827317,0.0025488919205963745,-0.013434738218784326
0.0017710112966596997,-0.053903571432456374,0.00569541256874799,-0.05067176036536693,-0.021014394052326663,-0.0034247549623251244,-0.004345716903917496,-0.02883423740044236,-0.0005994529090821571,-0.0033549885218962933,-0.0005345856212079503,0.016824885876849292,-0.0070017175190150716,0.0,-0.0024465483799576554,0.0021835248917341163,-0.005760506750084458,0.009671656712889665,0.006504691876471055,0.0,-0.004905731678009034,-0.009903999604284786,-0.0014268863759934747,0.006835470041260117,0.0002701640874147454,-0.0021417102776467717,0.0,0.007487905058078455,0.0,0.0,-0.009914205558598038,-0.01564538851380349,-0.004842821359634389,0.0,0.0007467701099812957,0.03978729920927433,-0.00019327044486998346,-0.004961588196456444,0.011549722123891104,-0.04211232265457512,-0.010497030513361087,-0.004860877399332823,-0.10293767313938589,0.011145379533991223,0.00542711499147118,-0.00587050802074373,0.02395743478555233
-0.005495948716998114,-0.04246951563283802,-0.002918327078223211,-0.04751030966639516,-0.018989968523383124,-0.0072653068229556195,0.009754130933433774,-0.047117317803204065,-0.0004971959162503592,-0.0020508772693574456,0.001793444268405428,-7.576694712044252e-05,-0.002152243182063092,0.0,-0.002815064676105962,0.0014001182653009987,-0.0022167035937309294,0.001111968569457538,-0.008827785179018978,0.0,-0.006519853994250313,-0.005534165203571334,-0.004388505183160293,-0.002119604349136328,-0.0030830532871186644,-0.0005967517197132052,0.0,-0.015784860257990654,0.0,0.0,-0.0163366249203682,-0.0024768365267663905,-0.01777226146310569,0.0,0.01325817422941325,0.0021771017182618535,0.00013803428970277087,-0.0039050400815904274,-0.0009851970896124912,0.011210919367149467,-0.024144013654440646,-0.00039282991550862456,-0.06659218900837005,-0.0062953782267868574,0.0005745096970349584,-0.008462946224026394,-0.007922416906803842
-0.007843086076900367,-0.027335856817662707,-0.0022158701345324425,-0.05336448326706887,-0.011605011331848804,-0.002098301649093623,0.0055748718883842155,-0.025433443114161482,-0.0003892444074153796,-0.004781946232542411,0.0006292557902634055,-0.005542010897770525,-0.004175218641757954,0.0,-0.0018741816282272367,0.0017392049916088413,-0.0036434712354093957,-0.0015817886218428556,-0.006363979447633027,0.0,-0.004032606482505793,-0.0032190832495689464,-0.006979548651725065,-0.0006342309061437706,-0.001313375085592268,0.006420837775804086,0.0,0.004452250022441144,0.0,0.0,-0.014124692417681203,-7.085781544395597e-07,-0.010344351381063474,0.0,-0.0004423474334180333,-0.004895325354300428,-0.00013495346531273295,-0.0047727493662387335,-0.0027767566591501286,-0.09634824587032198,0.0040321473591029555,-0.008565063434652964,-0.04911237086635082,-0.002198171010240904,0.0009116886928677778,-0.011324138217605646,-4.452345892774767e-06
0.0037715984880924425,-0.018181264698505395,0.003746868669986775,0.13472912882920354,0.10540884733200079,0.0018032097816467196,-0.0063683555368333755,-0.002146161198616048,-0.0007552590966224959,0.0250056561827659,3.577739000321101e-05,-0.00943400131072844,-0.00015983954071996376,0.0,0.015465981364250203,0.0005408439040184287,-0.0019407172501087477,0.00014303267002102604,-0.012801102250814461,0.0,3.593325614928422e-05,-0.0029198050498962513,0.0008057254552841231,-0.0015828922390937472,-0.005901733934879305,0.0015905410051345603,0.0,0.006008872985839853,0.0,0.0,0.008045126795768742,0.0018496164679527305,-0.002075514197349526,0.0,-0.0101153281331062,0.007490580379962919,0.0008392609655857031,-0.002498444616794604,0.010581456068903178,-0.006892882287502233,0.002857173681259151,0.04789734738878909,0.0687596791423857,-0.0490544468350709,-0.00036381971091037357,-0.0010137101821601213,-0.009327214360237146
0.0005790476500988073,-0.018607466518878957,-0.0027453392744064553,0.12503272227942944,0.09652422755956652,0.02372455804608764,-0.006157286912202853,0.03296745479106902,-0.0017638018541037692,0.007508734408766038,0.0029139542486518732,0.002527537420392051,-0.002319688573479667,0.0,-1.320123672482465e-05,0.001070646401494707,0.000573880001902588,0.0009725600481033381,-0.0025662722438573593,0.0,-0.00046482861042021484,-0.0010486018657684393,-0.0005410140752792336,0.0001842927932739491,-0.0006623610854148976,9.523749351503241e-05,0.0,0.0013340805470943295,0.0,0.0,0.011689683087170166,-0.00013185302726928527,-0.0027448797225952115,0.0,-0.002196938991546604,-0.003774253427982349,0.000137401223182676,-0.0027327866107225707,-0.0007388713955879256,0.07108016163110728,-0.012390899760648583,-0.023432043194770824,0.05436731755733487,-0.00011480778455730256,-0.0007178808748722343,0.04672650396823885,-0.004129708334803611
-0.007346529467031376,-0.050047816489823184,-0.000544394562020916,-0.04935791768133639,-0.021858008503913874,-0.008189430870115744,0.027675653379410498,-0.0600395097397268,-0.0015218677185476065,-0.0018715689238160676,0.0021116297692060273,-0.011640930091962196,-0.003956524161621927,0.0,-0.003422837071120746,0.0015541426930576752,-0.007334159445017585,0.0012985704652965294,-0.011779298027977343,0.0,-0.00016101807355878295,-0.009939953330904255,-0.0022487971931696195,-0.00019794802181420657,-0.0014861990138888281,-9.729538112877335e-05,0.0,-0.005219302857294692,0.0,0.0,-0.016286954656243316,0.00138880798593162,-0.007075342815369364,0.0,0.0005635505728423598,0.008965010391548291,-0.001038956893607966,-0.004565146882086972,-0.0009779539890587413,-0.008360718102194367,0.0118493646290153,-0.003689192375168217,-0.12252908295951784,0.011022843709215528,-0.000578298848122355,-0.004372431775555016,-0.008719056015834207
-0.01644830934703348,0.02489453874528405,0.008450191989541028,-0.031856134235858896,-0.0174161314964294,0.0019483819603919594,0.024730732943862688,-0.04266931593418119,7.882881909609951e-05,-0.003203557133674567,-0.0009071307629346659,-0.00297979913651944,-0.005034440159797704,0.0,-0.0006541585922241189,0.0009207557141780731,-0.0027946443855762226,-0.001494664549827579,0.002408481389284123,0.0,-0.0005601227283477672,-0.0018769478797912298,0.0004932039976120184,-0.0016305401921272444,-0.0008221805095672552,-0.0010979864001273987,0.0,-0.006045250957831705,0.0,0.0,0.0473657827079296,0.0023271967470645805,-0.004033131599426282,0.0,-0.0009391713142395397,-0.0007494674623012287,0.0006738927215337587,-0.0030729190260172234,0.056956903450191,0.19916948048863561,-0.0006238569319248766,-0.0028939995169639243,0.05955467868596315,-0.010520046129822741,-0.001341411024332051,0.024707413017749813,0.004739585113711614
0.00011721391230823386,0.04115546856075525,-0.004711471498012543,-0.014229929447174078,-0.011593469381332377,-0.005416638851165778,-0.03407487098127601,0.026788434060290467,-0.00046830413863063747,-0.005064197182655356,0.0028943791985511502,-0.012624217420816403,0.02368994300253688,0.0,0.01250291869044301,0.0010068747960031155,-0.00047768265008926725,0.0028943389654159657,-0.025629155337810516,0.0,-0.004755541086196885,-0.001790398955345135,-0.0009491997957229714,-1.566857099533081e-05,-0.0009153097867965476,0.013989606313407371,0.0,0.0110628500953317,0.0,0.0,-0.020147484242916097,-0.00029589742422106435,-0.012535863816738158,0.0,0.0008219692111015586,-0.027819985300302524,0.0003180368244648235,-0.004660422429442396,-0.001914892494678494,0.01418654933571814,-0.007562560141086555,0.017243963591754424,0.0766167298704386,-0.012763677835464476,-0.0019949096627533136,-0.0004010866768658361,-0.0027111037075519817
0.0010843803361058474,0.06433247031643988,0.0029253548197448187,-0.03512170402333137,-0.018247541189193722,-0.002846104204654698,0.005162192350253447,-0.07823181673884391,-0.0021796992048621067,-0.005388277620077153,0.001553524844348425,0.002043217197060604,-0.0025511748716235128,0.0,-0.0044919866323471225,0.0009569475427270019,-0.00965530037879947,-0.029572893809527157,0.030463997889310104,0.0,-0.003933404386043532,-0.0030437439680099654,-0.005753708295524129,-0.0010473275184631203,-0.0007306758314370998,-0.0004066052474081677,0.0,-0.02113973156549037,0.0,0.0,-0.03472228057682514,0.0017312845587730552,-0.011829782426357266,0.0,-0.002024487853050233,0.049672788837924586,-0.002450704285874933,-0.008146078065037726,0.0014985907077789268,0.008755111293867218,0.050119651565328216,0.029635528996586835,-0.0355243335664272,0.008571372907608732,0.0014748072437941878,-0.012316983100026851,-0.009797996878623982
-0.0023635674361139614,-0.010995059800334286,0.004228304838761687,-0.06505619061179459,-0.005857279207557452,-0.0061710788309574105,0.01958789077121765,-0.07780744091607628,-0.0016042367182672046,-0.0013906149473041363,-0.00044784503057598846,0.0005736296577379119,-0.0023269589291885218,0.0,-0.0024127636663615684,0.0010003854893148173,-0.007307224003598095,0.0037650350341573227,-0.009604852092452348,0.0,-0.008472319580614562,-0.0011813035607338152,-0.006959127346053716,-0.0021026749536395273,-0.0011222773604094988,-0.00035772262141109054,0.0,-0.014042590516619366,0.0,0.0,-0.02015155866742134,-1.581235323100047e-05,-0.008043226227164278,0.0,-0.0008815127983689205,-0.0059195588994771136,5.329308100044446e-05,-0.006006480865180491,-0.004224610105156901,-0.07474594166502357,-0.000312623698264361,-0.008745380649343118,-0.040499378642998636,-0.0028761521587148398,0.003223237805068474,-0.01561350257135928,-0.0025430817157030133
-0.016342579945921892,-0.06451622862368822,-0.019255241453647626,-0.04170457012951376,-0.011256197988986916,-0.008771755695342998,0.010194159299135197,0.07416557163000106,0.0039005769602954155,0.04088509472087029,0.024060645420104304,-0.0010453379526734474,0.16076161437667905,0.0,0.0003688287734985307,0.0027731358632445136,-0.009259617626667022,0.005552649348974231,-0.012593582049012203,0.0,-0.0054385727643966875,-0.004566962271928793,1.357998698950369e-05,0.0014284534193575171,-0.0005627322196960771,0.0014813172072172531,0.0,0.019630685970187217,0.053080127947032485,0.0,-0.01671218022704124,-0.0029315657913685234,-0.0022921574115753185,0.0,0.0013560703396797436,-0.02018469974398615,0.0021296278014779346,-0.006424374431371699,0.0432376238424331,0.03640952080488205,0.013319246880710095,0.03496225118637086,-0.021280837301164895,0.022660970520228196,-0.00197791595011948,0.031123858764767642,-0.0066881167143583165
0.004711405821144599,-0.039658666118048136,0.011108408677391712,-0.04352469589561225,-0.01832018341869114,-0.010150328055024145,0.017426193803548803,-0.07126957222819329,0.0008901556301861985,-0.0014334122696891272,0.000766419731080506,0.009260792005807171,0.0002838835120200986,0.0,-0.004273252487182619,0.002075352221727375,-0.001137989759445207,0.03385020455811174,0.005198041917756177,0.0,-0.0020942893624305847,-0.013789252638816828,-0.001110009439289586,-0.00029086642898618065,3.401629626752223e-05,-0.000659512169659135,0.0,-0.02181607570499182,0.0,0.0,-0.008921317085623728,2.0843651145706354e-05,-0.011308692842721943,0.0,-0.002471556998789301,0.0024096962064504637,-0.00011170637328177663,-0.004442148804664606,-0.0016336848586797764,0.009446733798831708,-0.027421922534704213,-0.017196305897086844,-0.07378178000450134,0.019842061395756894,0.0008144036680459987,-0.004449029229581361,0.00039866691455243963
-0.012421431262046118,-0.04191402600146829,-0.0029362680763006105,-0.03871030464768409,-0.016667107641696904,-0.0032380357384681757,-0.014924359247088431,-0.06622705034911633,-0.0003816276043653588,-0.005749329850077624,-0.0024007584899664036,0.0011233400553464779,-0.004612038359045986,0.0,-0.0045213083922862884,0.0012617290765047084,-0.0068096999824047155,-0.0013117735087871396,-0.012325529977679245,0.0,-0.004717193245887735,-0.004170168936252605,0.0013741380162536898,-0.0007572393119335136,-0.004227728620171539,-0.0011586347222328208,0.0,0.025990110458806157,0.0,0.0,-0.004665388260036721,-0.0009484531357884518,-0.008554862439632382,0.0,-0.0014354606717825041,-0.020037001175805924,0.0013827681541442871,-0.006978047564625764,-0.004525545090436914,-0.0692901179846376,-0.0030630627740174665,-0.02140412178821864,0.10297822251915931,0.040606946069747206,-0.00035541934892535654,-0.0008189845085144198,-0.004566763043403602
-0.016559909484349197,-0.036460361517965806,-0.0011332269385456867,-0.04961293168365957,-0.01684436202049258,-0.00022799387574194696,0.008570609486196215,-0.06851231046020985,-0.0002711004763841368,-0.0034866887005045866,0.007156331948935975,-0.0028355628205463286,-0.002476681284606458,0.0,-0.004558043479919435,-9.258331730961633e-05,-0.0054938334599137495,0.0026154305599629824,-0.005360368974506841,0.0,-0.006988888382911687,-0.007170544527471068,-0.001995041342452153,-0.0002469637617468906,-0.0029518684372305953,-0.002845118464902041,0.0,-0.0037339750118553627,0.0,0.0,-0.013621842600405248,0.0010034740343689702,-0.017375496476888644,0.0,0.007116669290699068,0.0066452290257439095,0.00012070750817658182,-0.005890352316200734,-0.0011096059717237792,-0.09327832792885604,0.0022041536937467826,-0.005815317174419743,-0.0007032728986814674,-0.01429312098305674,0.0054295028513297455,-0.0008011302445083725,-0.01009063296020031
-0.01227217977866528,-0.07314974516630174,0.010475527904927756,-0.03600522171705961,-0.02350478909909723,-0.0036195570230484198,0.010776875503361205,-0.035879758596420286,-8.474879898130727e-05,-0.005749055817723281,-0.0026042117178440016,0.0036674036830663947,-0.01086918344721198,0.0,3.2078921794881365e-05,-4.9950629472744756e-05,0.041234210655093195,-0.003352723419666276,0.08116423207335174,0.0,-0.004893962442874933,-0.0031504607200622536,0.0020425508171319773,-0.003536341711878749,0.001598343355581136,-0.0017157590389251798,0.0,0.02126584814861418,0.0,0.0,-0.011590716987848304,0.004522316139191407,-0.003315136283636083,0.0,-0.006539724729955176,0.004761923942714935,0.007170851062983291,-0.006810832172632224,0.0029332803189754397,0.012636053059250113,0.016055386466905464,0.006602478325366978,-0.10278591073118148,-0.029442708222195496,0.00984601236879823,-0.008565908856689952,0.022953827958554024
-0.0020166525337844965,-0.04301194235216825,0.006334720840677599,-0.024751252979040156,-0.02059695001691582,-0.005307281538844105,-0.0052213129401206815,-0.0125082479417324,0.0014066032879054557,-0.0038460653834044845,-0.006951332227326933,-0.002202903414145127,-0.006914222184568629,0.0,-0.00369456764310596,0.0015790982451289876,-0.004591606371104728,0.005336850229650733,-0.014761314410716306,0.0,0.0005965539813041765,-0.019744007959961896,-0.003087904695421445,0.0013386404514312694,0.0019613573513924953,-0.001184366848319754,0.06803189406171442,0.0010578247299417864,0.0,0.0,-0.0093459203839302,0.006147694559767852,-0.004418665468692767,0.0,0.0047359594702720414,-0.012609229814261214,0.00040672934614122136,-0.004442160259932257,-0.0003555113822221803,-0.036886228579096514,0.005420466633513574,-0.014093313356861481,-0.009080262221395977,0.0016384657938033481,0.001950901793316022,-0.004855900425463924,-0.010980311948806068
-0.016732164062559604,-0.06892391685396435,0.0015969270840286987,-0.04337640181183815,-0.016647630929946894,-0.001985042616724969,0.013183788787573592,-0.02277569234371185,-0.00033015444874762157,-0.006209882013499743,0.0021612070128321503,-0.005957200974226001,-0.004545074813067915,0.0,-0.0019574511051178023,0.0007282032817602091,-0.00673488624393942,-0.01020407723262906,0.013431357871741045,0.0,-0.008471390008926397,-0.007103323638439185,-0.005095289871096614,-0.0012623669207096205,-0.003844601847231399,-0.0009970656223595026,0.0,0.002121792398393163,0.0,0.0,0.017295871004462227,-0.0007272377982735778,-0.010144247114658375,0.0,-0.0031538295000791555,0.0036836217716336578,0.0003028794005513341,-0.004944963604211788,0.033476343853399176,-0.059849871052429074,-0.022452862858772266,0.005631755534559468,0.047494387673214095,-0.009974494678899659,0.0007940681651234793,0.0007427579350769709,-0.0012121280282735847
0.0010203426331281407,-0.057575972974300366,-0.005828142091631877,-0.024288091659545902,-0.013278596997261083,-0.006901390254497514,-0.01610363379120827,-0.012725114673376114,0.0023378323018551084,0.019975313246250154,0.005049957381561415,-0.012131261839531338,0.01873919196426868,0.0,-0.013919102996587773,0.0033856901526451433,-0.0009695757180452069,-0.001121570467948918,-0.0037525239959359247,0.0,-0.003802701830863925,-0.0038338793814182426,0.0006526161730289193,0.0036321014165878462,-0.0008419256657362095,-0.0005422861874103957,0.0,-0.0008775640325620893,0.0,0.0,-0.025668360441923138,-0.0005345170199870797,0.16153589505702257,-0.0985020535625517,-0.0007684959471225827,-0.0753429247252643,0.0010263308137655192,-0.0029921782761812288,0.004654290974140163,0.0833009855076671,0.018589706122875194,-0.0002377101778984203,-0.03406348562799394,-0.019607647778466353,0.005632510036230137,-0.01426712122745813,-0.006618172079324747
-0.01109876427799461,0.04922965491190551,0.0008825060725212164,-0.030157418698072425,-0.018603997230529773,0.001976325213909169,0.019519890844821947,-0.03477059662342072,-0.0001393892988562906,-0.0029409030079841636,0.0033106053620576836,-0.0041994965821504915,0.04630432202480733,0.014779901858419209,-0.00443127900362017,0.0021885606274008873,-0.00722643446177243,-0.000493039041757598,-0.00910617515444756,0.0,-0.005431305468082431,-0.002097215652465817,-0.0018824344128370585,-0.00041004598140714776,-0.0013987506087869417,-0.0015706640761345703,0.0,0.011185682471841568,0.0,0.0,0.037068871799856434,0.0012887141667306257,-0.00917294383049011,0.0,-0.0025795432925224404,-0.006315507721155883,0.002572214761748931,-0.006902622282505044,-0.003446071147918728,-0.06413337727077303,-0.0032628903165459466,-0.00894199240952731,0.00727858162485065,-0.005174522418528782,-0.004865494482219235,-0.006330535076558591,-0.005368751734495164
-0.013202686477452513,0.04619498321786519,0.004497485905885695,-0.031541158705949784,-0.006751256585121129,-0.006131696254014968,0.0004267781227827172,-0.03890154227614401,0.0012533417716622808,-0.005249901376664645,-0.00048148587346077965,0.003169137975200992,-0.002316748499870319,0.0,-0.002305595874786348,0.0013310299068689524,-0.005011681169271476,-0.00675722148269417,0.0059253110829740885,0.0,0.0005896127223968817,-0.007518162131309514,-0.0014392872154712633,-0.002497840225696546,-0.004852530099451524,-0.0006263299286365376,0.0,0.028285112734883988,0.0,0.0,0.03999117316678166,0.00019790787249807096,-0.00782108068466189,0.0,-0.0014622487872839318,0.0034446982666850035,0.0012970342300832327,-0.003144242838025113,-0.001396465897560123,-0.045022731721401255,-0.029562856182455993,-0.0031627655215561434,0.10627579425461592,0.010270307771861525,0.0003216574806720329,0.004094860665500133,-0.00210478812456133
-0.0019043901422992372,-0.06348518889397384,-0.003304427117109282,-0.020970189603976924,-0.04374346956610682,-0.01333282580599189,0.007423901935107991,-0.03354427345097066,-0.0021711017237976277,0.01165796807967126,0.005628624712117031,-0.0010181386908516103,-0.002578319394960978,0.0,-0.0007196737779304602,0.001055618422105914,-0.010146373091265565,0.00451266883872448,-0.012946919281966968,0.0,-0.0037655829451978245,-0.007356932312250146,-0.0017858258378692093,-0.00038286351133138413,-0.001957567199133311,-0.0009327767533250236,0.0,-0.0019695677561685386,0.0,0.0,-0.007629227824509171,0.0010056461882777517,-0.01812974419444799,0.0,-0.003697642656043193,-0.002712577586062248,0.00012946161907168713,-0.00302606821060181,0.0010656695906073044,-0.02265491874422878,0.002336094174534103,-0.005961709490511544,-0.1291746313904878,0.00934308288502507,-0.0007939251465722899,-0.0062653501098975505,-0.0049536495935171825
-0.004862608667463075,-0.0383992715436034,0.0006136621627956668,-0.04753858203999699,-0.01527371078729628,-0.009382135299965733,0.01612970011308791,-0.05881533605977894,-0.0015300716599449538,-0.002029722668230524,0.0009151992481201826,0.0023032746789976855,-0.003280792078003277,0.0,-0.004961547106504448,0.0013546287454664768,0.0009657371696084743,0.004387861797586087,-0.007006501639261836,0.0,-0.0031835955008864547,-0.004603139758110067,-0.0010195093508809962,-1.2433268129830033e-05,-0.0012412825832143343,-0.0004019654542207476,0.0,-0.008618212030269232,0.0,0.0,-0.012972099604085102,0.0005030336324125528,-0.009220827459357678,0.0,-0.0028912425786256774,0.011476263655349608,-0.00011405237019062459,-0.00394518848508596,-0.002072303425520651,-0.08647582019213587,-0.006505020707845699,-0.022266777618788182,-0.0589733641478233,-0.0016682255920022586,0.00036225128918887517,-3.880863543598463e-05,-0.002435661177150897
-0.007384585505351399,0.07672155017033219,0.00018400639295579335,-0.02006159126758575,-0.01508642017841344,0.0013565814495086759,-0.006953342938795709,0.06279478983022269,-0.0024796938244253386,0.033158867508172984,0.0009090175759047525,0.012104700049385436,-0.0003466337174177492,0.0,-0.0007747308909893114,0.00023805052042008557,-0.00838380217552187,0.00169373378157614,-0.0011544920131563718,0.0,-0.0023506957292556696,6.792247295378528e-05,-0.001560466960072504,-0.0006431494653224845,-0.0026092343032360354,-0.000789854526519751,0.0,0.010979497944936162,0.0,0.0,-0.01128486737608908,0.0003882636129856065,-0.00551478594541549,0.0,-0.006263515055179608,0.032278244243934745,0.0001725471019745073,-0.003621776364743673,0.007764929989352881,-0.04595885628834365,0.0006876315502449826,0.01315348856151105,0.13941151791717854,0.013361689150333395,0.00076451305299996,-0.0017806152720004353,-0.004311182321980633
-0.0001043912954628197,-0.052340510571375495,-0.0034091419167816724,-0.05139228794723749,-0.006672615855932245,-0.0038641616329550717,0.017817525230348116,-0.09373876040801406,-0.0011772130429744676,-0.0031539309024810787,-0.006149139460176242,0.00013934623450039332,-0.0016996363550424443,0.0,-0.0009974925965070547,0.001321346089243891,-0.0038972879666835103,-0.0015075517073273627,-0.01300914308056235,0.0,-0.007834792286157615,-0.004053552150726308,-0.0035795889236032996,0.0005283635202795282,-0.001168326828628774,-0.0013172995578497534,0.0,-0.00536484711337833,0.0,0.0,-0.01708550080657007,0.0010472460137680023,-0.0070750226825475465,0.0,-0.0029926019161939862,-0.015160678550600992,0.0004013829212635711,-0.007891059573739763,-0.0005548392981290853,0.012187959430739297,-0.004636866864748311,-0.006297734184190648,-0.05315595421474427,0.0037010363675653996,0.00035049495287239885,-0.008893811479210867,-0.005323532223701487
0.004937265780754388,-0.030254821456037473,0.000590440016239896,-0.05064477346837522,-0.005595903061330312,-0.014538648948073399,0.01220547645352782,-0.06774998418986798,9.374923072754185e-05,-0.002301623895764368,-0.0041731319762766395,-0.0009043229930102703,-0.003356640897691252,0.0,-0.004566410779952998,0.0004064119420945783,-0.003696331642568107,-0.013602523347362894,0.009777507008984682,0.0,-0.0010515394806861755,-0.009133278243243701,-0.0010799005627632231,0.001736555099487308,-0.0012788619101047477,-0.001306273918598888,0.0,-0.01862810298800468,0.0,0.0,-0.009694380685687051,-2.2863959893582725e-05,-0.013804536424577244,0.0,-0.0020556963607668843,0.010198546671308567,-0.0009319847542792609,-0.007012366112321609,0.0006772181391715981,-0.004588984414003787,-0.02335948286112398,-0.011799017488956468,-0.07758628531359134,-0.008624331350438288,0.0021357709681614975,-0.0030587231321260316,-0.007812568657100172
0.004150961283594351,-0.043376181190833446,0.0016145851742476736,-0.015073051452636765,-0.016795986294746407,0.0010264039039612205,-0.01596592377871278,0.08600306302309041,0.0011299762595445018,-0.006393734356388486,0.0015594740957021458,0.0019681187346577977,0.010012842342257494,0.0,0.023805364780128013,-5.54290413856684e-05,-0.004390631243586546,-0.0028291688766330925,0.013110750671476129,0.0,-0.001327660679817183,-0.0010126280784606978,0.0007633299380541136,0.002087956666946389,0.0028101281076669815,-0.0027266769576817784,0.0,0.005128477262333092,0.0,0.0,0.034408888723701236,-0.0009028584044426524,-0.0037470120191574197,0.0,-0.0011981850862503585,-0.0010116791632026056,-0.00024392063729469782,-0.002543590366840376,0.00018916368484506174,0.17250218272209167,-0.015312695242464536,0.02024437742307783,0.08551221616566182,0.004352990984916705,-0.005318895317614147,-0.002078163800761118,-0.003382362648844728
0.00537640498951078,0.050553206503391235,-0.0005782467406242608,-0.014668855667114289,-0.01275477707386019,0.002093197107315009,0.003853941205889,0.06408829957246784,-0.004269467592239368,0.015897864233702375,0.0013875015545636582,0.0003390523791313438,0.006639856612309869,0.0,0.009449960216879882,0.0035598969832062455,0.024486767817288646,0.0012268595397472715,0.017557161701843155,0.0,-0.0018548947572707974,0.00010665476322174738,3.219204023480193e-05,0.0014645671844482622,-0.004814222157001502,-3.6835074424756975e-05,0.0,0.0026628628000616994,0.0,0.0,0.01736214829608798,-0.0009377747774124146,-0.005201988220214837,0.0,-0.004302590787410743,-0.007252772264182583,0.0012102854996919321,-0.0035750600695610146,-0.00011234492063522117,0.09354400500655174,-0.003274381458759301,0.025737177357077617,0.0783677712827921,0.00021524686366314327,0.001455484330654122,-0.0001430639438331216,0.02330826874822381
0.008657564381137503,-0.04778389768674972,0.006198993511497976,-0.055313317887485045,-0.01863852705806493,-0.002280030148103837,0.015214001205749825,-0.1000078439898789,-0.00046133856289089226,-0.0009395057521760369,-0.0009082566108554509,0.0013529192982241617,-0.0009405426960438362,0.0,-0.0031637246161699273,0.0017201398219913178,-0.008742715474218128,0.01110875386744738,0.0007821847591549143,0.0,-0.007690323144197472,-0.003164094984531421,-0.0025456091016531,-0.002546375077217819,-0.0019132047332823185,-0.0008258703351020913,0.0,-0.0046795929130166725,0.0,0.0,-0.010439817309379588,-4.61378879845209e-05,-0.014253904446959481,0.0,-0.005428770184516915,-0.00501307091675697,-0.0006880593299865845,-0.003878191243857146,0.0003503646329045401,-0.055984004726633445,0.004320821026340141,0.0042021537711843665,-0.050166985448449844,0.038572957087308166,-0.004830156564712515,-0.011275095022283493,-0.014589745262637732
-0.011989348763599979,-0.043887916766107066,0.006795143163762993,-0.03747890267521145,-0.007789782471954804,-0.00831401757895947,0.004191175885498527,-0.05396728247404098,-0.0007745642773807349,-0.00460187317803501,0.0030375406518578785,-0.0003602434508502561,-0.0022418381273746346,0.0,-0.0019430823996663092,0.0014128183387219634,-0.0057974719256162766,-0.005217143185436729,0.01057386697269977,0.0,-0.008000350296497365,-0.004155768901109691,0.0006642083078622837,-0.00024351503700020816,-0.0018269615899771524,-0.0011739471182226902,0.0,-0.016252538803964857,0.0,0.0,-0.022499184794724,4.060013219711611e-05,-0.011787032485008245,0.0,-0.004278991986066107,-0.007263145102187989,-0.00012514341622588132,-0.006298853037878874,-5.492096766827881e-05,-0.007260083677247148,0.007272154940292241,-0.019468140150420365,-0.06973399197682739,-0.00819552031345664,-0.001593257961794733,-0.01821728947572411,-0.00920891735702753
-0.0015828545391559368,-0.04592961125075817,-0.0037526784837245697,-0.024473396837711325,-0.010684206634759913,-0.009739940315485002,-0.03780474141240117,0.06185797896236181,0.0013571476936340143,-0.004114869050681619,0.0022059987485409105,-0.010356184942647811,-0.0014576542377471857,0.0,-0.0015281365811825043,0.002774319592863339,-0.011464800387620905,0.0006351336836814825,0.0019829032570123917,0.0,-0.0014759182929992842,-0.005723339319229137,0.002569134533405293,0.00233078032732012,-0.005003787130117426,0.001654874384403232,0.0,0.004534593410789989,0.0,0.0,0.053684909790754326,-0.003923975080251663,-0.013251478374004394,0.0,-0.006121216565370569,0.005930606722831716,-0.0006051724683493465,-0.00564323008060455,-0.00040448844432833253,0.02054250128567217,-0.009831660240888607,-0.0178012381028384,0.07202051599510015,-0.0005944024026393879,0.0010493202880024755,-0.011552066355943691,-0.0021838395297527347
-0.014449361450970172,-0.03719403221737594,-0.0013445112854242325,-0.03689748525619509,-0.015571946352720245,-0.007775370180606825,-0.0025525657134130575,-0.067422368330881,-0.0005174345802515662,-0.007445554640144125,-0.005063590584322819,0.0036511372216045945,-0.004423859119415285,0.0,-0.004391039311885836,0.002031639479100733,-0.003826321437954916,0.001463253870606418,-0.010308798551559431,0.0,-0.00048197299242021263,-0.009987383186817161,-0.004153620116412654,-0.00026818305253983876,-0.004004949629306809,-0.0029172356612980344,0.0,0.0074744652863592,0.0,0.0,0.00905429545789957,-4.156811162828178e-05,-0.01107952639460566,0.0,-0.001751607507467265,-0.0020651545003056576,0.0004417899250984264,-0.005742719545960423,-0.0028900100290775443,0.014036244074814033,0.001390210278332235,-0.010292947730049462,0.045308185452595365,-0.0029596858285367428,7.8652794472861e-05,-0.012519363909959808,-0.0033650024794042166
-0.007235477911308408,-0.08313060791231693,-0.0010613381862640547,-0.04193349689245224,-0.02489917960017919,-0.00239732027053835,0.006419976139441147,-0.011409643217921261,-0.003056014552712427,0.022666034242138283,0.0036153825186193145,0.0064150234684348245,-0.0037025382369756527,0.0,-0.0008687517046928328,0.0012849382311105884,-0.0034467598050832993,0.00268260419368746,-0.008135040029883384,0.0,-0.0006208145618438743,-0.008826069831848152,-0.0039587165415287395,0.0008889372646808669,-0.0018191806413233175,-0.00078077211976052,0.0,0.008189136702567323,0.0,0.0,0.015821607736870635,-0.0011478685587644477,-0.017094695121049885,0.0,-0.0012513079866766919,-0.002499860776588314,0.0004947181791067068,-0.005571142882108665,-0.00280240297317505,-0.05777415744028985,-0.009745141081511977,-0.00973578438162806,-0.0056194652337581,0.016737841013818977,0.0003392732329666748,-0.0014432360790670035,-0.002073144577443592
0.015474921651184553,0.047035722676664615,-0.002878944710828363,-0.03299137838184829,-0.0225903996825218,-0.002427519261837041,0.019559609517455112,-0.04424638301134112,-0.004587579257786273,0.03381617200328038,0.00044934766367077383,0.020288867279887213,-0.0009182999841868544,0.0,-0.0024529254436492787,0.002933058068156247,-0.003753018379211409,-0.015344759859144713,0.014423878351226466,0.0,0.0011634838581084939,-0.005354374349117286,-0.0002510171243921,-0.0012328127026558222,-0.00699859761632976,-0.0013650495465845347,0.0,0.016501145092770453,0.0,0.0,-0.021774378567934016,-0.005131512526422716,-0.0061840164661407515,0.0,0.0062254663044586656,0.001189100611954902,-0.00020614326000215066,-0.0038934585452079784,0.0005577483773231973,-0.11484880369389433,0.06238882650621236,-0.026243830863386414,0.13630152957513927,0.013533255378715664,0.0034447752404958287,0.0022815561154857222,-0.0046813616156577975
-0.010436886921525002,-0.05753669120371342,-0.004811411499977103,-0.04859435722231867,-0.02788568943738938,-0.005228410437703085,0.014860278097912683,-0.05531456783413888,-0.00285026699304583,0.014232200160622599,0.010772281559184221,0.001789881996810433,-0.00745927006006239,0.0,-0.0031194433569908253,-4.549350589512502e-05,0.037117990870028705,0.004198135361075411,0.003385967761278169,0.0,-0.005850360691547402,-0.01030286833643912,-0.0017979901283979444,-0.0004472385346889485,-0.0025083982385694925,-0.0012814418971538732,0.0,-0.020146800568327322,0.0,0.0,-0.008546033129096048,-0.0005155209731310534,-0.01068580776453018,0.0,-0.0039986647665500585,-0.0036684611253440247,0.0006777830980718436,-0.004450439065694811,0.0076827959995716955,0.009612955804914197,-0.0035780468955636108,-0.0068540534004569165,0.02169149068184195,0.03365526180714368,-0.0038237136602401745,-0.0032951905019581174,-0.008068126738071446
-0.005351904202252629,-0.0668739122711122,0.0016960469074547221,-0.04517106540501119,-0.011100581735372553,-0.004200140461325642,-0.00639952042140067,-0.0729094824194908,-0.0021407150477170955,-0.002609206717461357,0.0017712563741952153,0.00021539334207773542,-0.001114920619875212,0.0,-0.0022801831364631375,0.002313071088865415,-0.00877306539565327,-0.0026861767377704404,0.005900313640013356,0.0,-0.001108389645814896,-0.007086901143193242,-0.0008950131200253855,0.0010080561786890013,-0.0023216751962900073,-0.000913277603685838,0.0,-0.008152544181793932,0.0,0.0,-0.007448854576796275,6.505337543783254e-05,-0.010185713917016975,0.0,0.0042895243037491815,0.00508985056541858,0.0003172509558498904,-0.004760050121694795,0.0003803117200732106,-0.0540000225417316,0.022476265821605924,-0.01347888335119933,-0.04133443143684418,0.011280203163623811,-0.0016240129154175553,-0.006818004874512548,-0.00840433232486247
0.009795125965029017,0.07637460063211621,0.00023264832794664403,-0.01618946582078931,-0.0031359294056892417,-0.0017779594659805276,0.006202538236975683,-0.04903794363141062,0.003292421707883464,-0.00320138212293386,0.0072140846867114194,-0.009258318189531572,-0.002364086061716064,0.0,-0.0011315478943288299,-0.0015899439901113366,0.05877562809735537,-0.0011468932032585033,0.03455856749787925,0.0,-0.008825664073228864,0.002227106094360387,-0.003990159211680305,-0.001194806247949598,-0.0010589709877967812,-0.001207604818046104,0.0,0.015063067246228468,0.0,0.0,-0.02184933211654426,0.0011369360703974707,-0.00896426498889924,-0.04033480038866402,-0.003396596163511262,0.019368870388716472,0.001048843767493951,-0.001899297833442698,0.0033513100445270727,0.002226638793945329,0.028282188195735233,-0.00491306120529772,-0.10438743848353627,-0.0025240678060799715,0.00793756823055447,-0.0005982782039791468,-0.0035912912338972036
0.005739687932655196,0.06472510944120582,0.0032801418006420113,-0.024572521746158593,-0.008649058341980015,-0.0009122627973556785,0.0074906100705265655,-0.037512492239475226,-0.002964791934937233,0.011995599148795028,0.009954458991996956,-0.006922373748384392,-0.002223052233457562,0.0,-0.0007005369663238559,0.0011124785058200526,-0.003974504619836783,-0.00827828109264378,0.0015324348956346767,0.0,-0.006914189457893349,-0.00453542172908783,0.0026125072687864515,-0.000151841640472411,-0.0018619902431964708,-0.0011273817718029377,0.0,0.014197128042578694,0.0,0.0,-0.014321278631687195,0.0031020487844944378,0.14621483128517868,0.0,-0.0013056892901658623,0.017921274807304127,0.0007813590764999268,-0.00760104440152648,-0.0004273024201393305,0.13680356093682347,-0.008380652759224172,0.0031173525378108136,0.005707684941589852,-0.013204855914227653,-0.0025714598735794014,0.012775552272796614,-0.003097014511004137
-0.009270817413926158,-0.04835605531930927,-0.00011129030026496567,-0.01860012486577034,-0.015780989974737203,-0.002526674270629886,-0.0019181775674224355,0.10593757092487066,0.0009258205443620493,-0.006150795631110678,-0.00043235529214147306,-0.00831856380216775,-0.003676456883549728,0.0,-0.00032095283269881203,0.0011748279258608496,-0.01182511255145069,0.006798026757314807,0.009335387516766824,0.0,-0.0022277647256851163,-0.00503979235887525,-0.0035069003514944797,0.0028323419392109195,-0.000820771604776338,-0.0008344531012698664,0.0,0.008720692219212595,0.0,0.0,0.041511138174682854,-0.003530155420303299,-0.005719866752624481,-0.025372791886329682,-0.002130939662456477,-0.005245043216273199,0.00020783222280440494,-0.002575736492872266,-0.0006793415546417214,0.11238949617370968,-0.013811650453135371,-0.003899757694452999,0.10903751788660879,0.031251447796821624,-0.003437575940042764,0.002682054201140982,-0.001406268738210148
-0.005655754208564762,0.04764497375115753,-0.008804539367556596,-0.01896680504083631,-0.009632602334022522,-0.00645821571350097,-0.0010548373311757842,0.06145110189914707,0.0011160260438918823,-0.005426753442734467,-0.006372847557067879,0.009823977798223499,-0.0016165760159492781,0.0,8.954167366029275e-05,0.0002623964101076126,0.029640113264322254,0.000998265594244041,0.017777175083756425,0.0,-0.0006980872154235818,-0.004146220684051544,-0.0011868712306022933,-0.0002536320686340465,0.0008006065338850288,-0.0008777678012847345,0.0,0.0009709245059639215,0.0,0.0,-0.025308883935213078,-0.0003823238890618419,0.16954256653785704,0.0,-0.0011407995223998713,8.007556200029242e-05,6.419382989397704e-06,-0.002165470421314264,0.0028480112552642656,0.13782447663135822,0.0004007573425769406,0.014156103581190072,-0.043682998642325416,-0.02902338129468257,-0.0013021270930766715,-0.02360995571129021,0.016595166474580786
-0.003244830784387885,-0.04655656435526907,-0.0029078959254548037,-0.054754435354843735,-0.0051113593019545,-0.005461756195873042,0.03882861105725169,-0.07751956757623703,-0.0006238544173538503,-0.001674406779929979,0.0002981554809957654,0.003366696932353072,0.001175533360801645,0.0,-0.0035207407921552594,0.0005055246874690056,-0.005472104633226976,-0.021218826014082877,0.005125333927571776,0.0,-0.006132526826113477,-0.008648052215576157,-0.00019102860940620192,-0.000866856714710592,-0.000451951716095203,-0.002693459948059189,0.0,-0.0032392530771903696,0.0,0.0,-0.005675016678869729,-0.0002621236862614812,-0.010329840481281279,0.0,-0.003254904840141554,0.010227553397417068,-0.00019053931348027298,-0.0032827197760343513,0.002333189323544503,-0.04784795829327776,-0.014327702959999453,-0.006019970718771201,-0.06350627963431178,-0.020971284750849008,0.0009180569043382991,-0.01005704152630642,-0.013755959039554014
0.013573630722239632,0.0644142291881144,0.00026455877348779966,-0.040626618713140494,-0.014492928981781006,-0.004692607372999175,0.008315390376374132,-0.04407375916838646,-9.970770217476721e-05,-0.007436453662812675,-0.003784157512709524,0.004586436334066107,-0.0035243148729205143,0.0,-0.0035189919173717332,0.0017967873066663809,-0.004713822500780257,0.0009911230206489652,-0.007284951340407103,0.0,-0.0019858554005622864,-0.0051811014115810405,-0.004457870107144102,-9.063690900804056e-05,-0.0028502601385116677,-0.001459220200777045,0.0,0.009139931425452219,0.0,0.0,0.03882813172414898,0.001617315802723146,-0.00827101975679398,0.0,-0.0028124119341373377,-0.004270335836336042,-0.00016829486005012773,-0.00967167191207409,-0.0031848824024200417,-0.046024539913050805,0.001234998218715172,-0.029846647894009926,-0.01754677259363234,-0.01825214617885651,0.0005084697622805556,-0.010511409593746052,-0.006995598785579177
0.005436969655565921,-0.03619954074732961,-0.0005401286482810963,-0.0490901429206133,-0.013241073247045265,-0.002995216660201548,0.0033569092210382484,-0.008328045867383501,-0.0006884085759520653,-0.005170789947733297,0.0029058039654046436,0.013283549398183832,-0.0034943921864032737,0.0,-0.005782126747071743,0.001887912619858989,-0.005878740288317211,0.005549952983856202,-0.008533502556383611,0.0,-0.006451939679682259,0.00032283455133436806,-0.005758281126618386,-6.920620799086286e-06,-0.0009188870713114639,-0.00037436783313749,0.0,-0.011393738016486174,0.0,0.0,-0.015044803097844117,0.0007429816573858092,-0.01986357465386391,-0.0015135418251156843,-0.002957960963249226,0.013869227720424551,0.0010093208122998534,-0.004544864986091857,-0.0032089345902204525,-0.05506250677630305,0.004880529399961232,0.0027166342455893742,-0.07156796804629267,-0.0033145348681137,0.0006011181324720553,-0.006617820896208264,-0.010722828805446616
0.00759909139946105,0.024991492033004742,-0.007999971508979797,-0.0325595885515213,-0.011918936967849708,-0.011365394890308383,-0.004059015661478038,-0.06372363694012165,-0.0005961269140243586,-0.005352929078508151,-0.0027768179774284307,9.218133985997023e-05,-0.003719880580902113,0.0,-0.0008589324355125494,0.0018698588013648931,-0.017353754565119756,-0.0032849413156509633,-0.007582793384790426,0.0,-0.0022205346822738448,-0.0012738299369811912,-0.0030134115740657053,-0.0015836635231971652,-0.0014244600571691746,0.02691739167086779,0.0,0.02953726459294559,0.0,0.0,-0.019423511698842044,0.00030630864202974006,-0.010172266364097626,0.0,1.061260700235822e-06,0.03134202496148644,0.0008464727923274129,-0.005051113665103912,-0.00023734390735624666,0.10558454857673494,-0.0350191983487457,-0.030585172427818164,0.015374013837426898,0.007621459525544189,0.0041503679938614535,0.009883565348573015,-0.002417334169149382
0.0015650923177599751,-0.037862246446311476,0.010007654055952997,-0.024794218242168403,-0.013543229699134796,0.002316060662269581,0.002943154498934758,-0.05286308005452156,0.002271514935418939,0.020393353812396542,0.015111444247886546,0.012785464348271491,-0.0012246111035346952,0.0,-0.00023626670241352898,0.0038348567858338123,0.02791554681956765,-0.0013774879276752527,0.013153370204381648,0.0,0.0005911260843276811,-0.002697893083095565,-0.0013709948956966145,1.4063268899910941e-05,-0.004815613180398942,-0.0016782513959333334,0.0,-0.004618454799056038,0.0,0.0,0.029750209571793695,0.00121910585090515,-0.0036260059475898554,0.0,0.010443132966756863,-0.004955037082545466,7.057540118690642e-05,-0.0035110826790333005,-0.0008720764517783919,0.09169305119663476,0.0012864688783884304,-0.0031057993881404566,0.03354631200432778,0.015157229043543358,-0.00013748724013565305,0.02364233641419558,-0.007491421783342972
-0.0075022649765014715,0.06693930512294174,0.004351563639938827,-0.022685382366180423,-0.011217330396175396,-0.0021802058815956205,-0.0026974450051784893,-0.03550307922065257,0.0006833795458077996,-0.002983097434043902,0.0007999345660209545,0.0019622696936130724,0.04328338176012039,0.0,0.039478192478418356,0.002518735788762577,-0.0036993514001369687,0.0023632691428065455,0.01934000264853239,0.0,-0.0021513763070106495,-0.002950192093849169,-0.0018537813425063832,0.001436328887939431,-0.0014081153273582392,-0.0004906404018401866,0.0,-0.0020892177522182642,0.0,0.0,0.031194102843292076,0.00229455545544624,-0.007342349886894223,0.0,-0.0029141399264335788,0.00967563841491939,0.0010963338799774847,-0.005397973954677615,0.0337979296408594,0.0056692253053188535,0.0006304527772590385,0.006536219809204352,0.04234233795665207,-0.0027260403521359444,0.0002640508674085218,0.005713733350858119,0.002574034035205841
-0.0010316225583665156,-0.041845255298539996,-0.004148830100893966,-0.03708496686071158,-0.007413464039564152,-0.01106861483305692,0.0034551420621573986,-0.07062194712460043,-0.0013622037973255036,-0.003641740484163148,-0.005261351838707941,-0.0024274722533300513,-0.00278613537549971,0.0,-0.003261492401361449,0.000889197960495941,-0.0051313222572207245,0.0018124834448099286,-0.011210377439856506,0.0,-0.008823842704296106,-0.006676474288105971,-0.002164348028600216,-0.0015639026835560926,-0.0025751906447112477,-0.002422636877745396,0.0,-0.00763732884544879,0.0,0.0,-0.009853101745247832,0.0003522781748324655,-0.012803462296724313,0.0,0.0004664094746112679,-0.007020633546635506,-3.013009205461714e-05,-0.008302447143942127,-0.004173869788646714,0.0020813500764779863,-0.012652336796745656,-0.020394746633246544,-0.030800429126247773,0.0008824763074517308,-0.0004736595507711279,-0.003495389409363253,-0.002426643744111074
-0.016321380808949487,0.08239453437738123,0.005747890975326325,-0.0359393036365509,-0.018126712441444398,0.0018117472529411427,0.0009534311480819957,-0.03872206687927246,0.0006364098191261325,-0.0018223048280924803,0.011442501964047558,-0.0005815727170556673,3.492638468743925e-05,0.0,-0.0019068795442581388,0.0018552217818796346,0.03528564339503645,0.0034574539959430495,0.008627954181283731,0.0,0.00046356737613678645,-0.004139896333217624,0.051717994362115854,0.00956850334070622,-0.002113377898931512,0.0018929211050271733,0.0,-0.010371275460347523,0.0,0.0,-0.01892724469304083,0.005466123372316362,-0.011781451255083064,0.0,0.009304532175883645,0.02825796278193593,-0.0005402866564691022,-0.002939133811742045,-0.001251619160175299,0.01681313106790186,0.00904144380241631,-0.0014265829510986816,0.010581110976636388,0.007967823427170506,-0.0003508510347455529,0.005425428058952075,-0.0215941061452031
-0.001296466831117879,-0.05424436183180659,-0.0039406513608992305,-0.03454574063420296,-0.01707727201282977,-0.0026894724369048717,-0.015895509799011054,-0.027021244391798982,-0.0004644309589638962,-0.004540020972490316,-0.0020468625426292575,1.0415297001603596e-05,-0.001488350443542008,0.0,-0.0003034788370132324,0.0009595971181988738,-0.006340903490781813,-0.006785681918263425,0.021036624126136327,0.0,-0.001966297924518634,-0.0032959055900573797,-0.0029494413267821123,-0.0006500941514968883,0.0002110259421169436,-0.00046365231275552476,0.0,0.007479387708008295,0.0,0.0,-0.006747672483325001,0.00024257128126918548,0.17387504193466152,0.0,-0.0029455573856830564,-0.005567243583500359,-0.00015709929168225556,-0.00487703122198585,-0.00245186507701875,0.037415175102651105,-0.00032910618931053515,0.005751378689892631,0.021709345066919905,0.04426439188420772,-0.0007507811766118144,0.005315337651409235,-0.004312627464532842
-0.010308439740911168,0.018685403224080827,-0.002787861824035648,-0.017917091250419626,-0.012700728178024312,0.0006655931472778487,0.01807228222489357,0.0866988795995712,0.0003330320119857566,-0.0039384859800338234,0.001174526810646087,0.001537195444107048,0.02520817341282966,0.0,0.02261883093044159,0.0006421741098165401,-0.004137592613697033,-0.0014890167117118935,-0.00210863754153251,0.0,-0.0023834306001662975,-0.001085295677185072,0.0008968222141265969,0.0005446693301200678,0.000168646629899738,-0.0012679408490658128,0.0,0.009687355011701593,0.0,0.0,0.01376083541661502,-0.0009104716777802169,-0.0074996727705001764,0.0,-0.0013434165716170732,0.006786929527297619,0.00015244424343105467,0.051410989332944135,-0.00041389465332034026,-0.0428901320882141,0.01084957474842671,0.016345542361959814,0.05787456600926816,0.0019149979017674956,0.0008430822193623011,0.002801569849252672,-0.00209671050310134
0.018489083573222154,0.05486479742452502,-0.0033968915790319465,-0.019188934862613694,-0.016125889271497718,-0.004195331633090993,-0.040077124331146435,0.051168253934010866,0.000358114875853105,-0.0010037949681282188,-0.009131637811660764,0.013759348057210435,0.03191864240914585,0.0,0.025337746292352664,0.001232435107231089,-0.0055452557653188905,-0.00030854545533653965,-0.014453045092523098,0.0,-0.0011046895384788646,-0.009059248268604297,-0.003274059705436233,0.0026034298539161504,-0.0013369475677609266,-0.0004733879864215751,0.0,-0.002289808019995676,0.0,0.0,0.04416139117442075,0.0007616165000945418,-0.016239943951368324,0.0,-0.008050773069262496,-0.005240782238543018,-1.0420754551904166e-05,-0.0037407488375902354,-0.0013771246373653623,-0.13246242059394717,-0.016676081847399465,-0.0039607589878141725,0.0028795750252902375,-0.005648152735084289,0.00973168596625329,0.0019281527493148765,-0.0043100488185882635
0.0030941525381058543,-0.04868280475027858,-0.0046343913301825634,-0.042578367851674556,-0.01495064606890082,-0.006076548434793952,-0.010753662660717943,-0.030402983725070956,-0.003056804127991204,-0.0071155404392629976,-6.954997777938732e-05,-0.006222290135920044,-0.004202400948852318,0.0,-0.0034259991347789856,0.0020741736516356607,-0.011466637142002585,0.0028345756977796663,-0.020677903145551665,0.0,-0.00331994891166687,-0.0022086587548255793,-0.0015357840992510363,-6.320040673017668e-05,0.00035114232450723926,-0.0003638972993940219,0.0,-0.013543416415341193,0.0,0.0,-0.01638169275596739,0.00366672432050108,-0.010138332098722475,-0.016424205256625996,-0.0019097136706113793,0.0057712075905874335,0.0004374178685247962,-0.0036022832244634873,-0.0020262525230646256,-0.03479332086164505,0.008191214776597927,6.0839205980461886e-06,-0.10446471746545284,-0.0004499041521921626,-0.0002689865930005919,0.03166043258737772,-0.004211055301129821
-0.005205136481672534,0.06421365136280655,0.008178485576063405,-0.026775352135300662,-0.01904895663261416,-0.00013203412294385264,0.019658057671040285,-0.07644344780594109,-2.5285203009844937e-05,-0.006808307906612757,0.001736745070666068,-0.013600775222294026,0.0008493599668145113,0.0,-0.0014027816057204934,0.0023694152757525455,-0.006214934289455409,0.001626899465918541,0.01705686164088549,0.0,-0.0030724778771400174,-0.006472594290971745,0.0015649849362671386,-0.003383923247456566,-0.0029560418054461746,-0.00022636658512056873,0.0,-0.04101997461635619,0.0,0.0,-0.010976205542683595,5.715362727640172e-05,-0.008289025276899342,0.0,-0.0008950309455394989,-0.023939313217997554,6.349500268695851e-05,-0.001936059147119501,-0.0008058451116084997,-0.04670341894030569,0.005145051898434783,-0.012308150790631772,0.015230961162596937,0.038285433929413554,-0.0010952862910926509,-0.012969811037182782,-0.003081375062465669
-0.010525166057050228,0.06610017720609904,0.0027683386486023753,-0.04256968319416046,-0.009847301542758924,-0.006795960366725917,0.03157224409282211,-0.03777843251824378,-0.0018825553543865559,-0.0064900146238505985,-0.0036766983568668477,0.003601257801055857,0.0020610212814062834,0.0,0.031626090463250905,0.002016361802816391,-0.0032714472711086184,-0.018505478613078608,0.00800258005969226,0.0,-0.003910957574844359,-0.006299110651016265,-0.0019437672197818723,0.0010685020685196056,-0.0012092502415180229,-0.002479234114289297,0.0,-0.01852795995771883,0.0,0.0,-0.011489095389842968,0.0011765354871750011,-0.011354337930679331,0.0,-0.0019838517904281483,0.026963816210627573,-0.011086009368300426,-0.0016705875098705358,0.00040547326207160395,0.09619245592504738,0.017461312972009174,-0.018959466256201235,-0.03229540276341142,-0.005572893526405109,-0.012375244181603184,-0.00015112664550545607,-0.002174769695848233
0.01171973891556266,0.02141476497054101,-0.0018132807314396038,-0.02975097328424456,-0.003609630763530741,-0.004449177086353284,-0.01196407638490199,0.11996356520801779,0.0019502034038305083,0.05326925478875638,0.004503196403384202,0.001568003594875328,0.026627879282459632,0.0,0.0038806210458278423,0.001130929775536027,-0.00505612671375269,0.0032048839330673096,-0.002157721333205742,0.0,-0.0018446937203407399,-0.006129562258720356,-0.0009337720647454306,0.002963514029979686,-0.004646347314119337,0.01575725332135336,0.0,0.028542758878320473,0.0,0.0,-0.021783329844474786,0.0007405513525008955,-0.007364589273929578,-0.07091232836246489,-0.009716325700283052,0.0322225893009454,-9.86838340759355e-05,-0.0007909877598285819,0.0024015448987484145,0.027423393949866315,0.007574022489134219,0.007600489556789408,-0.04771059080958365,-0.002325708377175051,-0.004717159420251887,-0.008365136310458154,0.0465547858085483
0.0010168007947504443,0.03360357537865638,-0.0015689670294523062,0.1936521836649627,0.10367548555135725,0.026868826774880283,0.00402873326092959,-0.007692625150084509,0.004246330112218921,0.016465076319873373,-0.002615444697439656,-0.0020093280076980413,0.024630394885316514,0.0,0.015411231219768451,-0.0007352185249328569,-0.0026541239023208374,-0.0036886790301650374,0.004578368328511662,0.0,-0.0014720600843429466,0.00015779435634613592,-0.0006722655147314294,0.0007196646928786521,-0.0005810697562992628,-0.00034002810716629583,0.0,-0.014295674860477392,0.0,0.0,-0.007789140939712502,0.0001254951581358965,-0.007394563555717437,0.0,-0.010086234509944891,0.03113073080778117,-0.01024236220866448,-0.0016985629871487662,-0.0018596225976944547,0.004416765011847068,0.010267200022935852,-0.0037720583379268757,0.01629056695848702,-0.01141305848956109,-0.003381308522075438,0.002774543482810282,0.007202863078564409
-0.0028625948540866274,-0.043364716814830895,-0.0004787634499371085,-0.06931784372776746,-0.009538312479853633,-0.004146178215742091,0.030203633774071925,-0.05339779161848128,-3.410246223210442e-05,-0.004802226014435272,0.0005395866185426562,-0.0014238476660102667,-0.0030850438401102895,0.0,-0.0030469915270805448,-3.516772761941872e-05,-0.006908511575311416,-0.0004511458985507477,-0.010703235156834138,0.0,-0.008175435960292805,-0.006396901905536642,-0.0039932789374142776,-0.0010959770996123545,0.00041055213659999673,-0.001409466136246932,0.0,-0.004606237490661431,0.0,0.0,-0.012464225795120007,0.00046629037708043747,-0.013254697620868693,0.0,-0.003434569742530591,0.006617618370801215,0.0010424731951207133,-0.003527306597679865,-0.004192908927798278,0.01000095519237221,0.0004386724624783067,-0.0018520092451945018,-0.1590389280533418,0.005112003185786293,0.002549366434104725,-0.0016850203415378975,0.012713499655947088
0.00032891325652598113,0.06008993411436675,0.010514736445620648,-0.02805411085486409,-0.008045373260974903,-0.014044390618801111,0.01860969018191097,-0.04181153297424314,-0.0018608697783201733,-0.002770849876105791,0.004151392038911572,0.012811115449294475,-0.0011006037518382084,0.0,-0.00044836938381195846,0.004304816722869892,0.0261926878336817,0.0023947313427925276,0.031141239879652838,0.0,0.0016167050600051913,-0.004330447614192934,0.0016172367148101219,0.003043898940086359,-0.0011497682332992365,-0.0013243750482797578,0.0,-0.003995661241933679,0.0,0.0,-0.01909512445330619,-0.00499193388968705,-0.011179230809211738,0.0,-0.003201303333044081,-0.007357943318784227,-0.00025186866521834106,-0.0037395612895488872,0.0013782957196235568,-0.05827794465236366,0.0022586474195122608,0.07945846850052474,-0.008075937014073137,-0.03552241849713028,0.0013313243631273564,0.007551113236695495,0.02959361878223718
-8.852649480084462e-06,-0.045786194121465076,-0.003246251009404663,-0.06653842442668974,-0.024167041331529623,-0.004588948041200636,0.04421631001867355,-0.08108088431879878,-0.0035527313128113636,-0.003683344144374129,-0.000618587620556374,0.004098153347149497,-0.004269170090556135,0.0,-0.0018364388216286776,0.00046044881455601337,-0.0038652249798178644,-0.004877229668200013,-0.013638048432767391,0.0,-0.008639087695628406,-0.008510503023862845,-0.00034558929502964686,0.0004524565860629156,-0.0011031586397439175,-0.0001900687534362195,0.0,-0.0106169436732307,0.0,0.0,-0.006853506090119484,-0.0002990190591663326,-0.009699668698012837,0.0,-0.0030079930275678634,-0.004153772233985362,0.0039437955990433635,-0.004788143509067616,0.0014314695447683323,-0.01492617720854468,-0.016732071926817298,0.013794055525213483,-0.10921354721649551,0.0008828813582658773,0.011631415951997043,0.002388553945347656,-0.0031840098649263404
0.0005458806082606626,-0.04700294876936825,-0.006776888668537123,-0.05131029859185218,-0.006051632463932033,0.000797273516654956,0.012758385092020014,-0.04074663735926151,0.0005427152384072653,-0.0017850526282563728,-0.0009352731145918225,-0.0036876299907453447,-0.002623622268438347,0.0,-0.0017387473583221624,0.0015332835912704734,-0.0027897630631923687,-0.000900003015995049,-0.002236737459897997,0.0,0.053459127275273216,0.09933404318988326,0.00020150318741793405,0.003229899257421509,6.3706934451956965e-06,-8.546449244020704e-05,0.0,0.005407172702252855,0.0,0.0,-0.028498875573277488,-0.008324460238218312,-0.008056777715683,0.0,-0.0026042763888835807,0.003895008787512755,-0.002009474635124242,-0.0023774344474077336,-0.0016482537984847945,0.019718712382018555,0.002327948631718757,0.023885076399892596,-0.09774430859601124,-0.004370113173499696,-0.0038311719149350942,0.0015507247857749762,0.01308628385886551
0.01348036177456377,-0.06778509420342743,-0.00308486111462114,-0.019030588865280113,-0.019835416972637188,-0.006745874285697923,-0.04981955390423534,0.06632376999594271,0.0008811896294355359,-0.004295715242624287,0.004524151682853694,0.007063135057687769,-0.001073683649301549,0.0,-0.0014492854475974815,0.0002936332859098667,-0.005768160857260202,-0.000675301924347893,-0.008209736645221705,0.0,-0.0021457725763320834,-0.003772208839654928,0.0025771211832761876,0.0014429142326116695,-0.0007224914431571972,-0.0011089448258280732,0.0,0.0026820537727326177,0.0,0.0,0.02722616459242999,-0.002142427116632456,-0.007895324826240502,0.0,-0.004975110441446329,0.008299024831503604,0.00015890566632154046,-0.0038676580414175876,-0.005243046581745181,-0.12233125833794477,-0.016262846179306484,-0.010629053153097645,0.14289626196958125,0.009761203136295055,0.0016319264285266366,0.0033685482293366875,-0.001690956950187672
-0.010736099914647662,0.05729212050791832,0.012859336845576774,-0.023403557687997817,-0.01442602083086969,0.0011131191253662132,-0.03912673998624086,0.10117713807150719,-0.0003810630738735332,-0.004912314936518669,0.006987272920086995,-0.0010947822546586439,0.0003111402317881595,0.0,-0.0011508968472480618,0.0013724499568343318,-5.367092788219341e-05,-0.013527017310261708,0.007496584542095647,0.0,-0.002364001274108879,-0.006398073136806487,-0.0022364623844623732,-0.001525871157646158,-0.0020331955328583284,-0.001325527578592306,0.0,0.004766981932334602,0.0,0.0,-0.027472899928688982,0.0007576372195035042,-0.015481617748737353,0.0,-0.0010330358147621066,-0.008630737960338586,0.00045416942797604776,-0.00403226066380738,-0.001093829274177588,-0.044746208167634915,0.001406886624172321,-0.028473591022193462,0.00014004280790683166,-0.00914201745763421,0.0016454924130812343,-0.005904455408453968,-0.007699391543865175
0.011813956201076503,0.045213100961409486,-0.0034947831928729967,-0.01997229665517808,-0.008445147275924658,-0.0019864091277123075,-0.01412063337862493,0.05193920385092493,0.00043135045096281965,-0.0052894337382167755,0.0026932984218001055,-0.004373510195873648,0.025904785310849526,0.0,0.01975584008730949,0.0017147580534219997,-0.003080394715070711,-0.005720082838088253,0.02481466783210637,0.0,-0.0012926399707793856,-0.0031093078851699707,-0.0021870517730713246,0.0020514705777168185,-0.0015842461585998113,-0.0006757067143917106,0.0,0.012806443367153392,0.0,0.0,0.05711339097470042,-0.0010222719609737085,-0.004736672639846812,0.0,-0.0028478172421455283,0.00964507253840563,-0.0005617539957165907,-0.0025524096190928935,-0.0014356845617294334,0.09416151337325576,0.007602835930883872,0.004768059141933956,0.039008984416723236,0.0009053364768624172,-0.00043934063054620887,-0.0045766467601061345,-0.0031920135021209495
0.008107073185965402,0.0721436723601073,-0.0013048927485942996,-0.03953901231288909,-0.010735946297645571,-0.0035407748818397367,0.009515542015433337,-0.05259984999895098,0.0004971482604742006,-0.004878543913364397,-0.005209280131384719,0.003222370818257325,-0.0037191546522080954,0.0,-0.0017130866646766496,0.0009959403239190867,-0.007665415033698081,0.0002816613018512826,-0.009613815471529924,0.0,-0.0036669361591339378,-0.0037328013777732927,-0.002426129747182121,-0.0018962869048118336,-0.0007512223348021818,-0.0018351545929908841,0.0,0.015883817803114653,0.0,0.0,0.037592832930386066,0.0023109751194715367,-0.008821509778499603,0.0,-0.0020512217283248924,-0.009652025103569023,-8.924225345255388e-05,-0.006863347738981257,-0.0028634110093117005,-0.0026147154066711864,0.0019484944269061166,-0.005691280597820869,0.017126827109605086,-0.017764901975169778,0.002205438148230321,-0.0004515897482633424,-0.0027654311060905656
-0.009762147478759267,-0.044408097960986215,0.0016467992588877767,-0.02938516080379487,-0.010418489146977676,-0.001298141553997989,0.007454061619937419,-0.06804873533546925,-0.0010841153282672017,-0.004334333101287474,-0.005158698381856092,0.0007857726793736308,-0.003769495636224751,0.0,-0.0038398086279630705,0.0004600466694682781,-0.0028767617791891076,0.001840364299714542,-0.012270392887294292,0.0,-0.0019502067565917783,-0.0011061258614063346,-0.005238098632544277,-0.0005552177131176173,-0.0014072848483920042,-0.0017971899174153705,0.0,0.006904446966946129,0.0,0.0,0.02014658648986367,-0.00011668147519230954,-0.01417438223958016,0.0,-0.001979316323995596,-0.0071169211762025925,0.0003169078193605013,-0.0042429257649928415,-0.003933631926774983,-0.06029942996799945,-0.0068091426230966895,-0.028732835091650477,-0.006955926343798623,-0.0031094135530292943,-0.000793627114035203,-0.014561590338125818,-0.0017960404604673436
0.009761539821047355,0.03471228551119565,-0.004333661198616057,-0.02292977631092072,-0.009200711250305166,-0.006032050848007203,-0.01789310142397882,0.0844725404679775,-0.009000605195760764,0.02824487983947621,0.0019264574348926145,0.005930382297374331,-0.001809185743331887,0.0,-0.0021667823195457847,0.0008482781890779556,-0.0029980033636092807,0.0017684079753235438,0.01417289286851886,0.0,-0.0033114087581634644,-0.0032519593834876848,-0.004706313014030461,0.0032917660474777455,-0.0009329336322844162,-0.0009334279596805439,0.0,0.004733633871655901,0.0,0.0,0.044825390279293054,-0.0017349591478705573,-0.007298233509063723,0.0,-0.0035280734300613403,-0.008364944308996203,-4.612997174260891e-05,-0.00435995459556579,-0.0007437473535537864,0.013570333085954206,0.010434522922150802,-0.01519214242696762,0.03370376677252354,0.005304518574848732,-0.0006845731218345363,-0.005239272024482489,-0.001910155117511747
0.010455001406371608,-0.0556639251112938,-0.0017363674473017399,-0.0450352744758129,0.002638383358716953,-0.004185808300971983,0.028605385753326107,-0.05937308866530655,0.0004918848723172858,-0.0031037324480712586,0.005414189305156483,0.014192438772879554,-0.0017427028901875058,0.0,-1.4643296599392563e-05,0.0023322812560945816,-0.009713051933795194,0.014202449936419712,0.01560170256532728,0.0,-0.007370965033769605,-0.008178201317787168,-0.001125801131129256,-0.004824750572443012,-0.0012269101012498257,-0.0011525509878992923,0.0,0.018814440337009714,0.0,0.014966463788878157,-0.019583909697830706,1.087024807928938e-05,-0.007005728706717479,-0.007273558294400559,-0.005513186082243909,-0.006661124443635369,-7.922310382124653e-05,-0.00427462141960859,0.000503647178411476,-0.0019960708147846173,-0.02020921209827066,0.012366310684010368,-0.1578918081708252,0.024008132591843617,-0.00023960914462806127,0.008096156418323536,0.0012592094251886038
-0.004720333330333226,0.0723795604147017,0.007264375891536473,-0.029954577386379244,-0.01035227954387663,0.0027613541483879345,-0.02729867435060443,0.07616282692179088,-0.01135156065225601,0.0013016010634601394,-0.010893466807901847,0.0009482428152114419,0.0016905540227889482,0.0,-0.0007201926410198289,0.002955932393670091,0.03056858339346949,0.0005821844935417209,0.019289164785295715,0.0,-0.0013937610387802501,0.0004043072462082131,0.04364002160727978,0.009413020201027383,-0.007657581493258403,-5.67706767469478e-05,0.0,0.010231651514768597,0.0,0.0,0.04392764925956724,-0.001234817504882857,-0.0050445783138275135,0.0,-0.004078255742788334,0.02099525571800767,-0.0008451119065284729,0.00011118039488788867,0.026119211465120334,-0.035203800015151526,-0.016927319876849672,0.0434911064244807,0.01591702185571192,-0.008104105517268173,0.0004281556606292869,-0.0021310247201472565,-0.003518804907798767
0.009490088373422634,-0.04406689784489573,0.004442608254030339,-0.019729531407356254,-0.015423500239849064,0.000549100041389472,-0.03123395049944519,0.07111434994265436,0.00039416812360287823,-0.001754338033497338,0.0015880785137415143,0.001872526099905375,-0.0006846382655203431,0.0,0.03904281556606293,0.0026142314262688204,-0.001786730885505683,-0.0001739355176687274,0.03501854822039602,0.0,-0.002178330719470989,-0.004277690649032578,-0.0011508133262396192,0.0013043028116226096,0.0002624459564685988,-0.00025153726339338656,0.0,0.00029162224382162094,0.0,0.0,0.046690193153917814,-0.0036307181417942203,-0.007623673677444487,0.0,-0.0025588324666023232,-0.00039843174628914624,0.0007886620610952078,-0.0059436271339654845,-0.0012672269344329856,0.007535941395908574,0.009307271037250764,0.004272175133228334,0.06900835163891314,-0.006154727814719069,0.0017271585762500818,-0.0018728925753384584,-0.004904353022575386
-0.018815617244690663,-0.06405100425705315,0.000989443734288234,-0.03978908374905585,-0.023382490873336784,-0.0006378544867038788,-0.005495231635868542,-0.004079985097050681,-4.203477874387129e-06,-0.0033577971067279416,-0.01629916970152409,-0.00434301958885043,-0.00021710891276595368,0.0,-0.0016440571844578006,0.0017610668018460118,-0.002000946104526502,0.0019777484983205945,-0.007032404653728008,0.0,-0.004125313758850099,-0.007622566521167745,0.039244790785014624,0.0032429628353565915,-0.0029713299870491178,-0.0021801510080695086,0.0,0.004565586540848016,0.0,0.0,0.008132979534566404,0.0017440927773713921,-0.014176904112100597,0.0,-0.002829249277710902,0.001974184848368171,-3.255371004343144e-05,-0.0020511426776647496,-0.003337045907974248,-0.05616136839613321,-0.015983752980828297,-0.014444866813719273,0.00620493009686468,0.02229942239820959,-0.0009179245587438295,-0.007680384516716002,-0.010106382146477702
-0.0018455393146723509,-0.04072673566639423,0.00071465888991952,-0.0753117522969842,-0.009324503727257245,-0.0015189330279826996,0.026879539117217063,-0.07844542495906354,-6.126574240625238e-05,-0.0070333933830261375,0.0022751648444682554,0.0018402376677841004,-0.0020487398281693464,0.0,-0.003401454240083715,0.0010845199227333124,-0.007510868944227686,-0.002931413333863042,-0.003102907221764331,0.0,-0.00441662348806857,-0.006375490948557858,-0.0017221160978078687,-0.0020505318790674243,-0.00212405623868106,-0.00042897583916784443,0.0,-7.024914491921344e-05,0.0,0.0,-0.022305581197142613,0.0012727883085608543,-0.013998989388346664,0.0,0.008484555594623078,0.0029322994221001875,0.00017053921241313996,-0.0024948548525571858,-0.0004712614975869722,-0.036418175343424064,0.012192686442285772,0.0029249362321570466,-0.11300784905441107,0.009089625622145825,-0.0003265600837767113,0.00295345837250352,-0.013019331805408
-0.00023964822292327215,0.05586331009864809,0.004843677282333314,0.1206735642720014,-0.004622240662574828,-0.028550855517387397,-0.0028480100631714245,0.007203464806079862,-0.0007648884691298097,0.010561714768409725,0.009417158067226428,-0.0004499286413192083,0.0106367082893849,0.0,0.01459893748164176,-0.00012763261795045722,0.001325837373733485,-0.0027902702987194217,0.01280465930700303,0.0,-0.0011810290813446533,-0.003721830844879148,-0.0028459602594375633,0.0014147576689720331,-0.0006801197305321693,-3.5104155540449655e-05,0.0,0.009300055522471623,0.0,0.0,0.00024701237678526056,-0.00014777007512745133,0.11081639362499121,0.0,-0.0033916544914245894,-0.005575136542320225,0.0023012244701385853,0.028455650806427035,0.0006338366866111833,0.13454978466033934,0.0025160244107246266,0.010369556844234462,0.013247022638097378,-0.010491207987070095,-0.0006636517401784614,-0.003990012109279573,-0.005590728502720577
-0.03537041379138829,-0.07213506609201428,0.005588645366951819,-0.039353663101792336,-0.013015335798263528,-0.008996081575751304,0.0251068297494203,-0.07647390611469745,0.00018272139132020915,-0.0024072155356407304,-0.0009016944840550545,0.008862709067761904,0.02132039008662103,0.0,0.04285092141013594,0.0012379010953009195,-0.0028880222514271747,0.0015222172625362906,0.00421994878910481,0.0,-0.0009284457564353865,-0.01179350957274438,-0.0030645221378654414,0.0001192519068717729,9.851655922830937e-05,-0.0014923802763223554,0.0,0.008346640840172781,0.0,0.0,0.02077722978312524,0.0001690505258739039,-0.009926930814981465,0.0,0.0038103041425347345,-0.008303297348320485,-0.0008200766146182897,-0.005125726982951148,-0.001782488077878952,-0.125652414993383,-0.014622141681611543,-0.018269971804693363,-0.03967971455771475,0.03241040258668362,0.0016882359422743243,-0.007590321525931337,-0.004217797927558442
-0.017603106312453765,-0.06479719914495946,-0.0031236075609922254,-0.03287857547402381,-0.0207452914118767,-0.0007813704013824585,0.006850885711610327,-0.0431705977767706,-0.004213320789858699,0.0280628252029419,0.0011008369550108976,0.008198056444525731,-0.0017285041511058696,0.0,0.00042930826544762546,0.0010848733782768682,-0.012659523710608495,-0.0017012968659400884,-0.007546416968107206,0.0,-0.0020194968581199735,-0.0058747056126594865,-0.0012520612031221567,0.00015418693423271956,-0.0030821864306926905,-0.00232790865004065,0.0,0.00894232321530583,0.0,0.0,0.030237215310335158,-0.001293193129822623,-0.009262114167213426,0.0,-0.010049968510866175,-0.0015707858651876072,-0.0001684739347547204,-0.005179879739880544,0.000371242016553891,0.01265725058503453,0.006536668725311751,-0.0007596196420490975,0.030952858040109277,0.01976350320503112,-0.0022749992739408975,-0.009235209356993457,0.006949258800595964
-0.005577940959483385,-0.06623522992245853,-0.008012585304677473,-0.037774411737918845,-0.019345386922359487,-0.005572005659341822,0.04251960614230485,-0.08950172862038017,0.0001663466985337425,-0.005456543806940328,-0.0026353769190609333,0.007107339021749787,-0.005503118075430399,0.0,-0.000910367388278252,0.0022544430382549913,-0.00650035357102751,-0.005999139100313161,-0.010908145848661677,0.0,-0.007122030854225164,-0.008631730973720553,-0.0006773050688207161,0.0012883805483579758,-0.0034883667714894068,-0.002482031201943756,0.0,0.023119307686574747,0.0,0.0,-0.01484004106372594,-0.018656358113512392,-0.01531185060739515,0.0,0.00035370871424672545,0.003039160305634142,0.00010995614342393378,-0.006883359327912342,-0.003446174375712867,0.09423990580253305,0.0009413619711995391,-0.003442617226392039,-0.11363061140291393,0.08704157618805765,-0.00030376642709598056,-0.006834391918964684,0.011866434440016727
-0.007764616161584859,-0.033002613456919766,0.0020942582935094406,-0.06035950876772404,-0.033723693769425155,-0.006518032550811778,-0.0032303500687703574,-0.06265788340941071,0.005223493562079962,0.004718996249139323,0.002256629285402589,0.0005127828987315335,-0.00553260661661624,0.0,-0.0034793829172849455,-0.0020665682526305323,-0.003667873609811058,-0.014880300508812089,-0.003802187349647282,0.0,-0.0014463185332715608,-0.004943146705627455,-0.005200496595352891,0.00010881401598455964,-0.00043872111011296344,-0.001309710834175356,0.0,-0.01601590999402106,0.0,0.0,-0.01888951059430838,-0.0008432989194989277,-0.006816267296671855,0.0,-0.005042576640844343,-0.0061949043162167206,0.000503520397469398,-0.0033711481839418253,-0.004356296248733987,0.04173110333271326,-0.016117587070912126,-0.031022495077922943,-0.061146517591550945,-0.027782817874103777,-5.5245324037965504e-05,0.014159456398338086,-0.005733135850168762
0.00970903182402253,-0.060923445792868715,-0.0022130276449024502,-0.04947281267493964,-0.021423612032085676,-0.005869067087769499,0.022004014868289234,-0.08314379216171798,-0.0033768652379512834,-0.004346015304327017,-0.0016792451404035041,-0.00027690056711435554,-0.004577489513903863,0.0,-0.0024509652331471572,0.0020937568880617444,-0.005685226516798134,0.0004964764928445317,-0.008770354734733681,0.0,-0.008792548552155513,0.0004006341099739019,-0.0060759906470775615,-0.003349912688136114,-0.001617591902613645,-0.0013525775820016767,0.0,-0.003868442252278324,0.0,0.0,-0.004260277170687917,0.00012704933993519692,-0.008233521245419963,0.0,0.0013442152179777567,0.008815880240872506,0.0009204755350947294,-0.005350415045395501,-0.0015612371452152704,-0.02399155463092028,-0.013828073753975344,0.01754973925068043,-0.12336989485542289,0.0019658557604998322,0.0014687269367277614,0.007046756688505407,0.009122666087932874
-0.0014314581826329054,0.08576957665383814,0.006758223306387701,-0.01815870329737662,-0.024471657127141944,0.0012216702103614863,0.010565755655989079,-0.032882466614246375,0.006048360615968668,0.01741490434855225,-0.016097860243171475,0.003643360864371059,0.0010114446282387113,0.0,-0.0015901377797126748,-0.0022662041336297956,0.030113084353506542,0.0006800794601440618,0.010555323148146306,0.0,-0.0007831019163132003,-0.0010091435909271307,0.004701978638768173,0.004146701479330661,-0.002016954794526099,-0.0026290701329707566,0.0,0.0007419337332248421,0.0,0.0,-0.008090146631002493,-0.00018246009945868669,0.18981496058404448,0.0,-0.0030313660204410453,0.009631082648411421,0.00029183477163310934,0.005748151112347832,-0.00010533452033995028,0.008002345375716702,0.01643000477924944,0.027883128160610754,-0.012218866897746927,0.0015946442773565328,0.00560531966388228,0.0028690449474379487,-0.00012142881751059376
-0.017316258847713456,-0.04484646238386633,0.003289641737937915,-0.02264348149299622,-0.012472610175609605,-0.002918657362461108,0.016427086209878344,-0.04031011492013928,0.0003216669708490383,-0.008217739081010256,-0.0014750066772103443,0.005812377631664284,0.05129772417247297,0.059243353717029074,-0.0032968074083328247,0.0029329728893935647,-0.003687649667262982,-0.0009210934489965183,-0.0056438361108303026,0.0,-0.002350134551525107,-0.005429033041000397,-0.0032326894253492666,0.002237137481570256,-0.00012348197400569028,-0.002602645456790925,0.0,0.0016632575076073464,0.0,0.0,0.0028670121915638502,4.7914888709782444e-05,-0.007159771323204056,0.0,-0.0029914970695972265,0.012334754504263384,0.0073897180613130276,-0.004264419451355944,-0.0007973492145538497,0.016774500180035845,0.0013237714394926936,-0.004808839801698939,0.060030032517388504,0.03158273708075285,0.0027593470085412464,-0.014115003272891058,-0.004213582277297956
0.0003600862622261114,0.04544495016336442,-0.002468254528939756,-0.020358199179172504,-0.006576398015022272,-0.001739787459373504,-0.0015659312345087384,0.06437296774238349,-0.00043987572193149305,-0.0020201951265335083,0.0010021225921809651,0.0028534096293151012,0.004433502852916715,0.0,0.019289552057161957,0.0005578416585921842,-0.0019182150065898962,0.0024775347113609736,-0.004838684834539864,0.0,0.0635836804844439,0.0629755152761936,0.001826097071170818,0.0007266932725906727,0.0025387999415397156,-0.0018029512278735504,0.0,-0.0002624779939651156,0.0,0.0,0.015041246954351661,0.00045012295246127376,-0.005009591579437256,0.0,-0.0020950773358345,-0.004284402467310461,0.00020757353864608863,-0.0031526605784893136,0.0008295512199401611,0.008146135807037325,-0.0016822192072868392,0.010743907876312742,0.04980888873338696,-0.002517858594655975,-0.00034463969990608523,0.001571459025144606,-0.0028140278160571908
0.0010152117628604157,0.026546407486312096,0.0014346314966678514,-0.03690751893445851,-0.012160809561610225,-0.015291796326637262,-0.04051160659641027,-0.03147568002343179,-0.0036656750738620764,-0.006159630026668306,-0.00725705452263356,-0.007213191641494643,-0.00393508711829782,0.0,-0.0030725612118840256,0.0015340489149093736,-0.013372736163437357,6.639562547206684e-05,-0.019661326184868835,0.0,-0.003179040551185619,-0.01268266171216964,0.00013372866436839326,0.0005192179791629475,-0.0034039572067558754,-0.00157192163169384,0.0,0.016714391028508538,-0.03392224112991245,0.0,-0.01774506282061339,0.0001153621450066672,-0.011347750611603244,0.0,-0.0006523604318499632,0.00999650424346328,0.00010241653770209913,-0.004685052838176482,-0.0015869893133640262,-0.023413448510691524,-0.00938511493615806,0.00042581310030073705,-0.07875533403828741,-0.008685159077867863,0.0014661864703521127,-0.009194868467748155,-0.002452455721795546
-0.0012372577935457485,0.08647211295552551,-0.00680144555866713,-0.031057841479778248,-0.017625669240951575,-0.00378500953316685,-0.003971941489726322,-0.03954651407897469,0.001210959143936624,-0.002416106723248962,0.0025639501959085764,-0.0046801591664552555,-0.0018540046736598148,0.0,-0.0011012619733810347,0.0020420750975608526,0.02598916156217454,0.0009724512696265841,0.021916194204241013,0.0,-0.0010283100605011086,-0.0031015723943710882,-0.003048580437898629,-0.0021342644095420915,-0.002753105014562607,-0.00024067144840955734,0.0,0.005512268021702765,0.0,0.0,0.04184889348223808,0.0007200984004884781,-0.0071333232522010626,0.0,-0.006776300966739618,0.027307585589587707,-0.0004009591881185548,-0.006714164540171652,0.017496018577367073,-0.03327135212719437,0.028271365659311404,0.03488208085298536,0.01476519715040922,-0.011848263647407292,0.0015464437752961968,0.008015399277210261,-0.002830709666013731
-0.004334696326404798,0.0370447391923517,-0.0006395959109068011,-0.06376994498074055,-0.010858608148992074,-0.000985324010252961,0.0029162082029506736,-0.06993402577936648,-0.0016391824185848225,-0.0017891852930188093,0.001708475612103938,0.0012889886554330737,-0.0032742705754935514,0.0,-0.0038480269163846947,0.001483119111508141,-0.006355050951242447,0.0026644549332559067,-0.006384884528815742,0.0,-0.0024449580907821705,-0.005348039865493787,-0.003090417538769527,0.0014918203046545286,-0.0028415442444384292,-0.0013949587475508424,0.0,-0.01090490241069346,0.0,0.0,-0.020504848584532748,0.0021173398755490874,-0.016341312006115896,0.0,-0.003310122676193711,0.0028000069782137954,0.00013138934038577077,-0.004268133230507377,-0.0012282999604940475,0.0062714810017496375,-0.022054463773965832,-0.0175927022797987,-0.0756813075672835,-0.019281910266727216,0.00011286927387116341,-0.009649010710418224,-0.0053476714948192255
-0.0066574368998408295,-0.07614952941425143,-0.009624856859445571,-0.026053098961710902,-0.01710494268685578,-0.00029521957039832514,-0.03486345514655115,0.0836465441575274,-0.004960397928953197,0.013841012902557862,-0.022116643059998747,0.00983688974753022,-0.002153563778847456,0.0,-0.0021648082137108032,0.002853634655475612,-0.009047535806894297,0.0005469413846731219,-0.009379763007163977,0.0,-0.004406066536903369,-0.0020179894566536016,-0.0006354501098394388,0.002956565544009221,-0.002713799402117731,0.00012394059449435946,0.0,-0.0027029137499630512,0.0,0.0,0.02181699823588132,-0.0006703343801200551,-0.0170750781148672,0.0,-0.00704375177621841,0.0014652799814939277,5.3797587752341114e-05,-0.005797402635216747,-0.004454090222716339,-0.1394803789258003,0.01011531250551341,-0.0003689259942620815,0.020966989868320518,-0.010102974846959115,-0.0006592501886189053,-0.007868819236755378,-0.010826443582773196
-0.007276922576129441,-0.05360829235985875,-0.0016480883955955518,-0.03709458958357574,-0.028995908275246604,-0.0048887066170573215,0.030373638221062718,-0.0840435579791665,0.00010064114350825937,-0.004793945197016002,-0.001565524917095884,0.003151431530714033,-0.0013807534798979705,0.0,-0.0029467441886663615,0.0011007319483905958,-0.006920717619359501,0.0007764927670359592,-0.013078493690118174,0.0,-0.004687784612178801,-0.01292694404721259,-0.0027463805489242113,-0.004015682451426972,-0.001562676103785618,0.009814256699755771,0.0,-0.000921884076669828,0.0,0.0,-0.012400607038289324,0.0007288567535579174,-0.011604817807674403,0.0,-0.00362738031893969,-0.0035708326613530655,0.00021388522349297806,-0.007167985085397946,-0.00211184015497564,-0.08181192117743194,0.001304141310974954,-0.007144472105428595,-0.0056708405073731954,-0.0016798680229112295,0.001890730047598474,-0.01037077451124789,-0.005695551335811622
0.006116265654563913,0.04392301085405054,-0.0024845078587532043,-0.03876204192638397,-0.016369022428989383,-0.0013686648011207447,0.001090554632246471,-0.05460808109492066,-0.0023746858909726165,0.022764139138162137,0.005647656349465263,0.012274437248706804,-0.007117758803069585,0.0,-0.002442326843738546,0.002312635406851754,-0.011250064447522162,0.0002497631311416393,-0.011898403167724586,0.0,-0.0026885175704955966,-0.0015017676353454579,-0.003319630511105065,-0.0036474595963954803,-0.003694299235939974,-0.001238628327846547,0.0,0.0018911202251910841,0.0,0.0,0.032969846166670314,0.00042658880352974826,-0.0058408245444297735,0.0,-0.006773777902126327,0.02476781841367484,0.0009499498363584047,-0.004241156354546527,-0.002054649889469129,0.006005319915711876,-0.01782800678163768,-0.03159946407191455,0.02408150763250888,0.006670382628217342,-0.0015265577472746428,0.06301368001848456,-0.006142015159130071
-0.0012716342275962411,-0.03174530242569743,-0.0006657326593994956,-0.05166749710217119,-0.033585858214646575,-0.0019195779412984892,0.012874494856223481,-0.030456585567444558,0.00010527784936129048,-0.00450751110911371,0.0010685701295733568,0.022432062034495166,-0.0046211274410598024,0.0,-0.002514885216951382,0.0017399867530911994,0.0007727991789579225,0.005216984283179044,-0.007917371150106198,0.0,-0.002290300279855717,-0.015549985468387595,-0.004486691949423402,2.6661306619671366e-05,0.0007895524241030294,-0.0003501928597688733,0.014045667783357196,0.006143356575630615,0.0,0.0,-0.01603296373039484,0.003432670705951754,-0.011647319048643093,0.0,-3.9467075839641486e-05,0.01060389894526452,-0.001379068437963718,-0.0025046463543549197,-0.0008621986396610687,-0.032381833388935785,-0.0073338563297875164,0.014171542429830888,-0.12678643783321605,0.0024400772619992406,0.001361957238987091,0.008097283900715402,-0.0038366728229448227
-0.0015764244087040635,-0.09195139301009478,0.022101041674613964,-0.03210792496800424,-0.01797633975744245,0.0016358721256256037,0.03969260439276695,0.1378512286953628,-0.001394705474376673,-0.0053972764685750185,0.006173327341675777,-0.021085096914321172,0.0011334386467933555,0.0,-0.0017907741665839916,0.0008179971016943621,-0.008373536616563787,-0.004847678132355232,0.03131493814289568,0.0,4.816949367525414e-05,-0.00034202545881276136,-0.03579430834390218,-0.001983884805813435,-0.001062861196696796,-0.0017249206267296868,0.0,0.005856672497466214,0.0,0.0,-0.02644947499036787,0.00014756910502913834,-0.00980829924345017,0.0,-0.00011750042438507524,-0.0031368985958397655,0.00047979518771171237,-0.005117445141077037,-0.011283922540023944,0.023200941351242343,0.03454199332278221,-0.009997096247971071,0.06571423606947069,-0.00877383116632699,0.00039528432302177174,-0.0074310684949159544,-0.0045104323327541385
-0.0033218011725693886,0.04666417433880271,-0.0011141951382160065,-0.021211496293544796,-0.013894277811050432,-0.003556753993034345,-0.023061044691130517,0.04454689678736029,-0.00021035056561230503,-0.004283210188150394,0.0029687511175870984,-0.010128659829497316,0.008917625620961156,0.0,0.00984153687953948,0.0021066213399171807,-0.0028182271122932645,0.0010776212811470232,-0.01333702191710473,0.0,-0.006670853793621062,-0.0062163469195365695,-0.0017273337952792844,-6.066076457500458e-05,-0.0007668414339422891,-0.0004757816530764347,0.0,-0.009995801271870747,0.0,0.0,-0.04502980977296828,-0.0008888118714094062,-0.006338138580322256,0.0,-0.002875556647777555,-0.018053936809301396,-1.5565361827618585e-05,-0.007121452316641824,0.0006549811363220082,0.004697650745511067,0.011796944169327611,-0.016251165587455013,0.0007601254247129319,-0.00944326618686317,0.005646036192774789,-0.001826895624399194,-0.005036802440881755
-0.0007958970218896926,-0.03272255103569479,0.0016894247150048593,-0.04806874491274357,-0.010960465222597127,-0.003573478441685443,0.004291416672058405,-0.04310899979434907,-0.0001385753136128277,-0.002969316085800519,-0.002933330810628826,-0.0061548481136560335,-0.0030976469442248328,0.0,-0.002724054977297774,0.0014363040495663781,-0.004711810089647786,0.003018508870154611,-0.008732663290575135,0.0,-0.003346102405339467,-0.0014824987947940765,-0.0022187551390379662,-0.002993863262236121,-0.001335637215524918,-0.0003737425245344478,0.0,-0.00783060803543778,0.0,0.0,-0.010996430702507512,0.0006468893494456923,-0.005697781359776865,0.0,-0.0029475854709744504,-0.0030033229757100224,0.00023083473090080436,-0.005607442464679464,-0.0011428691819309993,-0.09190640822984278,-0.01299199724569916,-0.011158233890309927,-0.046298140543513,-0.007314954134635617,0.0011771427653729793,-0.0016287187067791642,-0.0055059380689635885
0.002994934720918538,-0.056734503172338,-0.003920189887285236,-0.029377781003713632,-0.018009108603000618,-0.002608440220356001,-0.05368592908605932,0.07628166416659951,-0.007369245160371046,0.03469554599840195,-0.00952174050733448,0.018109481134451932,-0.0004646280780434553,0.0,-0.0010831001400947726,0.0024364485591650276,-0.00919889807701113,0.0017642922699451502,-0.01003145754337309,0.0,-0.01013805896043779,-0.00345446556806564,-0.0006406714394688873,0.0014745084941387154,-0.0008479842264205173,-0.0010605449602007766,0.0,0.01035294700413944,0.0,0.0,-0.02038704708218575,0.01103618249297142,-0.012071511149406439,0.0,-0.007942648679018033,-0.002536355629563336,0.0001376912370324168,-0.0019438936561345932,-0.002181951701641094,0.0011972782853990616,-0.003835977101698501,-0.012382818683981889,0.06823344743810592,-0.02874770844355226,0.00010103109292686208,-0.0020248232781887032,-0.005081628402695049
-0.0073039751127362,0.08129913922399279,-0.0011640411615371493,-0.02681823551654816,-0.015942450463771823,-0.004695419371128079,0.0038613846385851247,-0.043143961280584314,-0.00030912483111023015,-0.004684846540913001,-0.001976165622472742,0.006204814766533673,-0.001989378780126616,0.0,-0.00042978197336196455,0.0012145274318754729,-0.010727951601147645,-0.002039413601160084,-0.01616067729890347,0.0,-0.0014840334653854481,-0.005700570642948127,-0.003225063718855392,-0.0014886116981506214,-0.0009248928725718863,-0.0013756839185952996,0.0,0.00890021920204162,0.0,0.0,-0.010660525411367389,-0.010692804679274609,-0.005955744087696085,0.0,-0.0037900061160326126,0.01440702609717845,0.0001323634386063144,-0.003189684599638004,0.00010065749287604953,0.07912000782787798,-0.023350896975025542,0.00022385339252650738,0.07530993964523075,-0.0018610709626227795,-0.00017286811023950466,0.023548436146229534,0.004661091947928103
-0.008133994750678525,-0.0428819850180298,-0.004304882958531375,-0.04479621518403293,-0.006069821268320088,-0.015810591429471985,0.03850399747490883,-0.10855416432023049,-0.00020032780244946813,-0.0019446453917771611,-0.001169460285454997,-0.0016422680206596811,-0.002686819955706604,0.0,-0.006746813505888016,-0.0013915678486227864,-0.005156030030921091,0.0010362521186471005,-0.004960774593055252,0.0,-0.006715776026248926,-0.01196424879133702,-0.002762375101447098,-0.0030929221212863955,-0.0016634566150605656,-0.002822872456163167,0.0,-0.002025879453867674,0.0,0.0,-0.01913556538522243,0.0002369682118296551,-0.01033509258180857,0.0,0.005352952382527296,0.006752650113776321,-4.775115288796483e-05,-0.003679977636784293,-0.0007526073232292929,-0.004788504918105896,-0.03074128687381744,-0.008012058548629273,-0.018781501306220888,0.005438063563778989,-0.0009006913844496062,-0.005826921565458172,-0.005345418043434618
-0.0030589145980775834,-0.04835530159063639,-0.005893454086035532,-0.031054150313138934,-0.008787842839956261,0.0021528351306915328,0.023766529597342073,0.09831863634288313,-0.0016013906523585086,0.02301223778165873,0.003057592287659616,0.009396739825606348,-0.0019896693155169176,0.0,-0.0007855202257633365,-0.0007920202612877181,0.02393914327025412,9.613126516344606e-05,0.001849353313446045,0.0,-0.00454921752214435,-0.0044109755754470625,-0.0005715036392212047,-0.0011386707425116993,-0.0011461847461760322,0.0001919189095496987,0.0,0.005054900404065893,0.0,0.0,0.03280016352422532,-0.00115133109502491,-0.007418410480022397,0.0,-0.008769452571868896,0.0026719352137297703,-0.0005073496513068321,-0.004798326641321182,0.020201786551624523,0.025336785353720193,0.0018971441686153612,-0.0024320695642382206,0.09093076810240744,-0.023880704399198344,-8.011758327458596e-06,0.003306964114308364,-0.0027345973998308404
0.004372185841202719,0.03580839589238166,0.0014864069968461846,-0.04732766136527061,-0.00540782183408739,-0.005281195342540762,-0.023225575927644987,0.04841678501106797,-0.003947793729603272,0.015282301008701316,-0.015957496762275675,0.0012713166326284442,0.03552196323871612,0.0,0.021032657735049726,0.0026681237854063733,-0.0030921047180891004,0.0014952483773231495,-0.009463873803615547,0.0,-0.0073091089725494385,-0.00801883101463316,0.00262144438922407,0.0018498203158378856,-0.002875278368592249,0.0002372865378856559,0.0,-0.001680432558059719,0.0,0.0,-0.009745718836784378,0.0010972162336111146,-0.010777723491191854,0.0,-0.0013362958282232273,-0.0019480227679014306,0.000684951012954127,-0.0065449181199073725,0.002161858379840842,0.007511181905865694,-0.0017490392085164896,-0.014064460918307292,0.031545176291838284,-0.011662833467125905,0.0016810395196080186,-0.0068051598966121785,-0.005982687175273893
-0.004279713369905985,-0.03266239762306217,-0.007118820957839445,-0.020880747288465534,-0.012366376817226438,0.003021563887596168,0.006383294221013774,0.0848296404629946,-0.0008975625038146751,0.0005825054645538508,-0.0058621563762426,-0.0032808152213692487,0.00294893175363542,0.0,-0.00037564814090729204,-0.0003470894694328486,-0.005632503405213318,0.009220593161880952,0.011010076403617841,0.0,0.0038713606446981463,0.010948482751846289,-0.00014603823423386952,-0.00045086801052096614,5.8302078396077484e-05,-0.0012425146996974945,0.0,0.0020748333819210762,0.0,0.0,-0.0033313840627670066,-0.0007802176475524836,0.1460972160100937,0.0,-0.0004313230514526034,-0.011783346831798602,0.00012259528040886591,-0.00212673038244246,0.009965567188337437,0.09864438757300376,-0.004064951101318021,0.01721828617155552,0.017939213775098328,0.00704280139878391,-0.002227517887949948,0.027215634267777233,0.0033773711323737687
0.00014664425048978476,-0.05021414355374873,-0.0013042585179209552,-0.04519682068377731,-0.010768963247537615,-0.012065900266170503,0.011255597854033128,-0.08421058604493738,-0.0006250177323818273,0.00034036785364149197,0.00253889223560691,0.0012772883055731585,-0.002100077476352472,0.0,-0.0045697500929236246,0.002179233925417065,-0.0049186675716191425,-0.00027661480009556066,-0.009048651326447736,0.0,-0.004555413872003533,-0.0015259990096092302,-0.001553606204688543,0.002229762729257345,-0.0020884377881884644,-0.001403993153944627,0.0,-0.003556872089393431,0.0,0.0,-0.007968183085322374,0.001215750761330136,-0.010304065234959123,0.0,-0.0007970412448048692,-0.0114696887973696,-6.307841278610504e-05,-0.005940992981195445,-0.0003358038514852668,-0.006102883490966632,0.0006795409042388012,-0.0015084356442093844,-0.10182604241068477,0.00017260245513171096,0.0015539759770035744,-0.004099132539704425,-0.00737107465043664
0.02340181902982294,-0.035431494535878294,0.003269463172182435,-0.03817004114389422,-0.02490194275975227,-0.009432658404111852,0.012963167950510973,-0.04370473928749562,-0.004590485431253899,0.024199176826514304,0.021651083929464243,0.003519835863262419,-0.0047181132435798745,0.0,-0.0043598710000515295,0.0025371747650206194,-0.002311305534094546,0.003397798687219608,-0.010893527939915645,0.0,-0.004269928932189956,-0.008135646879672997,-0.002416941635310643,0.004171790629625319,-0.0012079861760139476,-0.00041716050356628565,0.0,-0.022317185634747147,0.0,0.0,-0.0007230616360902747,0.004023080021142947,-0.005774896442890171,0.0,-0.0005916166678071044,0.006574325328692773,0.0011178079899400728,-0.007248780317604536,-0.0030054331570863735,-0.050236301058903324,-0.007545654601417484,-0.008110417230054748,-0.00012710643932224708,0.01722764796577396,0.004144747853279118,0.013584702825173753,-0.004583090692758557
-0.008292827606201147,-0.03842588312923903,0.0022579619288444486,-0.016819310188293468,-0.013621518015861561,-0.00011559486389162155,0.03534259691834449,0.1580212277919054,0.0005865617096424136,-0.005034819990396511,0.0015916740149259645,-0.006426782459020619,-0.0020315381884575268,0.0,-0.0011165401339530423,0.0012283829599619434,-0.004506178274750722,-0.0022035712003708186,-0.008394332379102698,0.0,-0.0015318769216537964,-0.005021739602088904,0.0012389075756072954,0.0012684556841850436,-0.0050586029142141165,-0.001357800662517561,0.0,0.0061607894673943175,0.0,0.0,0.021784284673631193,-0.0011554872989654463,-0.00482315659523011,0.0,0.01106229785829782,0.0026956227421760792,-0.00022031113505363575,-0.0066153155267238695,-0.002199733555316913,0.033800648450851456,-0.010320393219590218,0.0004883138276637056,0.060459416387602716,0.02763907552696762,-0.0006232931837439337,-0.002484656721353534,0.007693800255656219
0.0018232925329357413,-0.06434671639464798,-0.002048138752579684,-0.05119987197220324,-0.021474901884794242,-0.007964869653806092,-0.011341891800984723,-0.04606114658527076,-0.0022859738767146975,-0.0040657724905759085,-3.1627453863633526e-05,0.004114045491442078,-0.001145519735291584,0.0,-0.0026225463300943164,0.0012650033365935037,-0.0026001960039138752,0.0026509342342615067,-0.012747506126761426,0.0,-0.003195151807740323,-0.005907793492078782,-0.0031422113440930793,-0.0007957426831126102,-0.0005971930548548578,-0.004558263113722219,0.0,-0.0008390102023258881,0.0,0.0,-0.013164799315854892,0.00023244292475283618,-0.01610949948430064,0.0,-0.0021767554432153835,-0.012214026255533104,0.0002524973265826472,-0.0052464325912296855,-0.000783802233636376,-0.05691528452094646,-0.0006269542151130791,-0.003348791694734239,-0.018015802670270205,-0.0003556990064680632,-0.001576994704082596,-0.004454601951874762,-0.005784147474914807
0.01620147582143544,0.05360574435442689,-0.001770088598132158,-0.022692281603813175,-0.010329754352569581,0.0008579948544502058,0.019990303134545723,-0.05158342435956001,-0.00783790584653618,0.02660369500517848,0.010120059568434925,0.01113708943128583,-0.0016356031224131762,0.0,-0.0026866754889488254,0.001989288479089718,-0.0028804105520248424,-0.0016780106723308374,-0.007292909324169178,0.0,-0.0016442877054214378,-0.002778449058532695,-0.0014166411757469133,7.350564002991944e-05,-0.0009685279987752538,-0.0007996273040771773,0.0,0.01225580473430457,0.0,0.0,0.028651503203436735,0.0010576336458325564,-0.004946766495704635,0.0,-0.003477604538202256,-0.009012981057167052,0.00040807142853735434,-0.004424589946866064,-0.001413936913013475,-0.0024076602980494244,0.001074660681188111,-0.014595251185819474,0.06190689826384188,0.03800288777798411,0.001338560543954398,0.0036195448040962086,-0.0027290470898151398
0.0020709508378058683,0.04624792739748956,0.00045111813582482396,-0.020506904125213665,-0.009033476710319538,0.0003228253126144054,0.008834599554538691,-0.027289717346429876,0.00033218353986735893,-0.0006447421014308952,0.0031699244398623594,0.004043879359960589,-0.0004932418465614097,0.0,-0.0011557024717330777,0.0009942072629928744,-0.0024871747940778954,0.0016901193279773297,0.005807344615459453,0.0,0.04831853326410057,0.05544001106172802,-0.0016328293085097756,0.0012975788116454945,-0.000591834979131789,-0.0010769513249397344,0.0,0.0068653903156518925,0.0,0.0,0.005760593116283408,0.001225036978721672,-0.005560905933380156,0.0,0.0003805556893348161,0.007057291315868464,9.92059707641546e-05,-0.003615182489156654,0.00992127231322229,0.11163703963160515,-0.004294753819704011,0.0014138135313987998,0.06403966128826138,0.008856934607028966,-0.0008242848515510603,-0.00022684156894686724,-0.003980848193168657
-0.01046218596398829,0.03976634180173279,-0.022644898789003512,-0.05249884366989138,-0.03169833391904832,-0.008504904136061676,-0.019611158464103953,-0.039769055284559734,-0.0043690574169159,-0.0051023647189140375,-0.0034978758916258956,0.013531123697757719,-0.0032687962055206188,0.0,-0.0070124337822198846,0.001321250014007097,-0.010879165381193157,-0.03812072664499283,0.02117857884615658,0.0,-7.009655237196627e-05,-0.00889704756438732,-0.010218351408839213,0.001981159150600445,-0.0020078740268945627,0.04134255336597564,0.0,0.007820871360600001,0.0,0.0,-0.025438104644417744,0.0026962203998118633,-0.012949788346886634,0.0,0.00014746572822335602,0.01031986266374589,0.0014149811118841227,0.048457779637537904,-0.0025216701626777638,-0.0033199395425617673,-0.013792961258441233,-0.02297386515885594,-0.04632777731865645,-0.01074691532179714,0.004106207396835079,-0.017493330566212537,0.013404505946673459
0.0019107627822086345,-0.02148293425794691,-0.0021654092473909065,-0.05109913695603611,-0.007659537005238248,-0.007372388616204234,0.011648466712795182,-0.04066848270595072,-0.00101693343371154,-0.0018974022055044735,-0.0004311927780508949,0.0014188427431508915,-0.005400893487967573,0.0,-0.004312045350670798,0.002683055452071148,-0.006154801785014555,-0.0012698527704924278,-0.010308289686217907,0.0,-8.869037032129337e-05,-0.006011180952191379,-0.01097812654916197,-0.0008084631897509065,0.00010198405012487588,-0.0001852283813059269,0.0,-0.00551409563748164,0.0,0.0,-0.00655391888692973,0.0003625913616269894,-0.008998343404382478,0.0,-0.002859562621451913,-0.011401714067906141,1.6403221525243365e-05,-0.0034393066610209745,-0.002212655227631347,-0.08172994354739786,-0.007904954547993823,-0.012315559585113073,-0.08017501214751974,-0.002041383692994711,-0.00026812042109668806,-0.0008892501238733641,-0.002450902722775955
-0.004148619435727599,-0.04277033247519284,0.0018460097536444758,-0.033703144341707236,-0.006709588319063167,-0.0023573370277881617,-0.0015304467082023487,-0.02384818628430367,-0.0007847371231764488,-0.004401970356702797,0.0013725325278937939,0.0017335233092308083,-0.0007849493622780201,0.0,-0.00537334144115445,0.0016264668852090658,-0.0027034270763397067,0.003049410618841647,-0.0012621102482080482,0.0,0.05967047050595285,0.0917621989408508,-0.00225117282941939,9.581446647641267e-05,-6.72307331115174e-05,-0.0005534365959465326,0.0,-0.0030973443109542087,0.0,0.0,-0.015719178617000562,-0.00041649229824543277,-0.005095089972019198,0.0,-0.0011136093735695102,-0.004529645685106526,8.740313351154883e-05,0.0004973345249891237,-1.156270503999135e-05,-0.15867653831839562,-0.0013298899121582386,-0.028662262298166735,-0.04576101467013359,0.009685904169455167,-0.0005364158563316013,-0.00782181467860936,-0.0022680346667766776
0.005019709654152382,-0.056246003219857815,0.01960935517214238,-0.026060383543372145,-0.012489732690155506,0.003623539060354203,-0.04965713378041986,0.11479257501661777,0.005431596469134103,0.0009691318497061507,0.006016677450388669,-0.008259005500003677,-0.0009143916890025222,0.0,-0.0035594452917576125,0.0002469305880368061,-0.0007051875442266459,0.02255472196266055,-0.010211447700858106,0.0,-0.0035083451122045473,-0.008347105085849751,0.002225880920887019,0.0011666871421039254,-0.002490782141685466,0.0007530427351594149,0.0,-0.0035530583374202424,0.0,0.0,-0.011215481385588644,-0.0029128060489892887,-0.012967450320720691,0.0,0.008731978051364428,-0.017031448809430014,-0.00047610885463655883,-0.002781066372990623,-0.0019741955399513317,-0.07147449747659265,-0.0254769421927631,-0.022183251371607163,-0.01886098265647887,-0.00013208610005675803,0.004881711751222609,-0.002939204052090638,-0.006499470770359034
0.01099017560482024,-0.046152991224080314,0.006026219362393032,-0.02050055623054506,-0.015540060997009303,-0.0015031963586807084,-0.02073695536702877,0.07212135390378535,0.0010364109277725408,-0.007817793637514142,0.0016992634534835904,0.00949109867215156,-0.0020344327762722714,0.0,-0.0019221282005310036,-0.003582587540149701,-0.006319501437246772,-0.0019591861218214157,0.013741547986865055,0.0,-0.0007292520999908625,-0.004028331637382532,-0.00028336662799119394,0.003061492443084679,0.0026449788734316804,-0.0015228393115102878,0.0,0.019170061945915223,0.0,0.0,0.03211947874631735,-0.006883164644241324,-0.005145346522331229,0.0,-0.00097763150930405,-0.005032864911481694,-0.0001366961002349787,-0.007403108626604066,-0.0017694753408432073,0.025831076838076145,0.00475873336195945,-0.007967666229233145,0.1119756690878421,0.007904037665575764,-0.00338015412446116,-0.0014303107280283778,-0.00592555791139604
-0.01710484352894126,-0.0673482533544302,-0.0015905406326055527,-0.028616063743829703,-0.022593699395656613,-0.003167218565940877,0.01544516043271868,-0.09059292256832124,-0.0011178674176335057,-0.004424720844253882,-0.003549371883273117,-0.006165097653865803,-0.0038790676742792296,0.0,-0.0031197205185889976,0.000895849540829663,-0.007709245458245251,0.0037182153761387005,-0.01159652382135394,0.0,0.00023900866508480556,-0.004975405931472776,-0.008142759129405014,-0.0004249227046966564,-0.0034054692089557775,-0.003132920786738408,0.0,0.015868482855148608,0.0,0.0,0.021014535687863822,0.0008503570407628891,-0.007514682412147505,0.0,-0.004114406406879406,0.03475383486598732,-0.0005327155720442345,-0.005835597291588807,0.0212268327176571,-0.06019209455698729,0.012056573033332824,0.0059908478334546045,0.12851394757628437,-0.012549467505887146,0.0016156286746263626,0.001007471308112129,-0.0061004962027072784
0.004323686491698037,0.07439524705521763,-0.0016368883661925793,-0.04829672291874887,-0.007456978708505646,-0.002930682897567788,0.017928488478064525,-0.05320034459233286,0.0014454081468284197,-0.00471895312890408,0.002206108197569834,0.01205099027603862,-0.0005410479754209829,0.0,-0.0013642841577530262,0.0010606716573238473,0.03624976884573697,-0.0008133023977279774,0.03879326676949857,0.0,-0.0019977989792823725,-0.003063859045505518,-0.003228259421885038,-0.0015775318443775332,-0.0019447605684399516,-0.0022682383656501826,0.0,0.0026687700767070166,0.0,0.0,-0.028575138896703683,-0.010579495606943962,-0.008709517419338203,0.0,-0.002487904876470548,0.006264879442751392,0.002444274788722417,-0.004329437762498833,0.001729238927364346,-0.0011309429071843236,0.03617970930412412,0.013377913325093693,-0.0697919820388779,0.0010499616898596575,0.0022447414509952357,-0.00027620776556430693,-0.003310086997225875
0.015412112651392806,-0.04545371317304671,0.005755392313003524,-0.0509965560026467,-0.023059416934847816,-0.002251472026109723,0.013449764214456088,-0.013832632796838874,0.0003561886027455205,-0.0021391314081847523,0.003096360173076393,0.0044025412830524385,-0.0027459085080772903,0.0,-0.003914235234260557,0.001357073755934822,-0.0032908909022808033,0.00218961484730245,-0.0031539052724838534,0.0,-0.0018822236359119296,-0.003741827495396116,-0.005613616537302732,0.0004213622212409923,-0.00040712954476474633,0.00029625293798746233,0.0,-0.004302517380565394,0.0,0.0,-0.008205146398395292,0.001606683321297181,-0.005612836033105854,0.0,-0.0010993930697441173,0.021179017573595044,0.000682560638524593,-0.003968639620579792,-0.0038676525652408533,-0.08779404055792837,0.006942004156298948,-0.005026682198513294,-0.10196831025183199,-0.014834180464968108,-0.0006828944943845366,0.0003217491460964089,0.014888281933963292
-0.0006478035217151179,0.05426211839541792,0.0021244268119335052,-0.05144031509757041,-0.014547286033630341,0.001297096014022836,-0.021353561785072056,0.04568056896328926,-0.0003718611598014787,-0.0028197187092155185,0.004911851380020371,-0.013388502821326254,0.015743740387260896,0.0,0.013568174093961716,0.00428182393312454,-0.006519644744694214,0.002301396578550302,-0.010133288353681574,0.0,-0.0011398583650589211,-0.012533913105726241,-0.001737245991826064,-0.0013145686686039104,-0.003177756145596483,-0.0009008607268333191,0.0,-0.00019827899057417442,0.0,0.0,-0.023806882947683322,-0.0009330751001835058,-0.010012764930725115,0.0,-0.004463707655668225,-0.014771311469376075,0.0015180368721485205,-0.007195346280932435,-0.0013623233139515023,-0.048628744641318916,-0.013073075264692313,-0.00909238360822201,-0.006486031021922856,-0.002750199660658842,0.0041308904439210925,-0.009504111185669878,-0.006757644712924948
-0.01747641742229461,0.08904618475586176,-0.0007455237954855365,-0.03527110323309898,-0.0066656315326691085,0.0013986456394195768,0.05169623631983991,0.11489302247762681,0.003078754059970379,0.014406661242246627,-0.013721956312656436,0.013755512312054657,0.0009246866032481538,0.0,0.000996820926666253,0.001907773781567812,-0.007058431282639527,-6.504639983176408e-05,-0.006448761634528621,0.0,-0.005287407040595993,-0.0011811733245849776,-0.00020408280193806583,-0.001029377579689017,-0.001957492828369156,-0.0008793071284890486,0.0,-0.013258179463446124,0.0,0.0,-0.019191547222435462,0.0020185105223208544,-0.009796654880046829,0.0,-0.003773868680000264,-0.026409144727513156,0.00026062521152195317,-0.007770675420761153,0.0009546136856079246,0.1013555505033582,-0.025071191191673253,0.008815086176618914,-0.044805272249504896,-0.0023752647265791738,-0.003111636340618118,-0.00944751631468535,-0.0037023280560970484
0.004727559909224507,-0.03375990334898232,0.00023208548780533078,-0.0411250512721017,-0.02454659372568132,-0.0076566281914711015,0.016183140962384622,-0.04422079938463867,-0.000760254608467209,-0.006408993955701589,-0.0026690485747530857,-0.0015953725762665252,-0.0045048971846699815,0.0,-0.002185700722038733,0.0007833148073404907,-0.007213602624833587,0.0006166815757751437,-0.007879923097789288,0.0,-0.005744971111416794,-0.009207253456115713,-0.004350867625325931,0.005750257093459374,-0.0011693881452083527,-0.001778985243290676,0.0,0.002948112385347479,0.0,0.0,-0.01943013068288564,-0.013562738765031085,-0.01148875594139101,0.0,-0.002933992361649901,0.007712370194494722,0.0013138469494879236,-0.004160862611606721,-0.002103198366239652,-0.09074680983554573,-0.003204730609431854,-0.0026396326906979106,-0.07464487813413143,0.00988051911816,0.0025719711417332286,4.282393958421685e-05,-0.007410113406367616
-0.0026084124483168325,0.012040809392929064,-0.0034283344447612607,0.11452769316732883,0.09276240125298502,-0.011679234206676548,-0.01081747174262998,0.010836627781391162,1.5539415180676475e-05,-0.002018100619316121,-0.0009639700688421904,-0.0018149968981742703,0.011392511576414077,0.0,0.02088630303740502,0.0009291824698448026,-9.06667113304005e-05,0.0007346924301236679,0.005177318900823624,0.0,-0.001376695036888087,-0.0013697069883346624,0.0008964002132416105,-0.00039638280868531384,-0.009957641735672984,0.0006750357151031339,0.0,-0.001734251677989962,0.0,0.0,0.008317805007100082,0.0003367465734481767,-0.004049531817436225,0.0,-0.002718168795108805,0.0010527345538139388,0.0013495165109633778,-0.0018300020694732577,-0.00019533276557925916,0.08171394035220148,-0.0044595807790756,0.0013378703594208452,0.07452945328317584,0.002812624610960518,-2.3015141487170432e-05,0.040050756558775935,-0.0011410689353942294
0.011736879199743283,-0.04273974917829035,-0.0003056640177965253,-0.03090983897447583,-0.018596922755241357,-0.005408486053347594,0.007908141911029815,-0.027121826037764557,-0.005296623436734121,0.035010292492806905,0.01628092877566814,0.01271801289170979,-0.0025915474444628273,0.0,-0.0026560559868812617,0.0013387241959571805,-0.0034760661423206274,0.002757596671581264,0.0032233082503080324,0.0,-0.0018584966659545565,-0.0023389387130737516,-0.0011089028790593203,0.003005083501338962,0.0004037560522556216,-0.0029645328223705247,0.0,0.00378247046843172,0.0,0.0,0.011747536007314902,0.0015152530372143092,-0.004966025352478004,0.0,-0.004530677050352067,0.021240672394633286,3.1700022518621473e-05,-0.0036374635249376563,0.011118713682517434,0.018367892652750045,0.01397878251969814,-0.0034493284672498514,0.08266946259886027,0.025551620759069915,0.0007740290835499541,-0.006679119467735306,-0.003282743822783235
0.013341577611863636,-0.025206411890685537,-0.0028982310555875634,-0.026143013536930076,-0.009746513366699211,-0.01141200453042987,0.013486202573403744,-0.057218208611011484,-0.005878317095339258,0.02574156830087304,0.012204942628741278,0.010609685666859187,-0.006095917448401461,0.0,-0.0019363331794738925,0.001608960926532732,-0.006269433498382604,-0.02259635996073489,-0.03185953205451367,0.0,0.0003259730339050526,-0.006405309736728676,-0.003910700678825402,-0.0008193084597587219,-0.0022873078286648196,-0.0019934389181435197,0.0,0.018091778373345718,0.0,0.0,0.04095433142036198,0.0013713839277624817,-0.006656398773193378,0.0,-0.004526866525411621,-0.004168050661683076,0.00016388520598412115,-0.005431754514574977,0.016075871177017642,0.1410474214702845,-0.02533313676714896,-2.088123932481034e-05,0.13493150742724538,-0.0158426542393863,0.00026021864265202144,0.02466335235163572,-0.007565165162086496
0.0011192145943641485,0.024833031240850678,0.007547739744186349,-0.021692852526903145,-0.0035060226917266735,-0.007227462828159309,-0.0021800312120467125,0.11634234821423886,0.0031709430925548066,0.0343378949910402,-0.005173256713897012,0.0041227170079946585,-0.00015713423490523737,0.0,-0.00021690249443051535,0.002539059221744522,0.06121344950050117,0.0010327878594398876,0.013943065209314237,0.0,6.785333156583695e-05,-0.0015917176008224954,-0.0020891880989074574,-0.0006915280222892506,-0.008437944874167436,-0.0006995019316673179,0.0,0.021766860708594293,0.0,0.0,0.030468185245990737,-0.001242668107151984,-0.006474058628082258,0.0,-0.00458268135786058,-0.004684469252824758,5.454957485201417e-05,-0.002217427194118493,0.0012973070144653154,0.005481277015060182,0.0022404088079929496,0.01788336336612703,0.04127269222401081,0.01190569110214712,-0.005146913751959803,0.004628271488472807,-0.004587854295969029
-0.00419738499447703,-0.04252419182099401,-0.001504987906664602,-0.04588641444221138,-0.016293155662715435,-0.00597746811807158,0.009143972890451558,-0.051711432076990596,-0.0008582113776356148,-0.002528263852000244,0.0009813261963427054,0.0005308170616626848,-0.003010288961231712,0.0,-0.005632783658802501,0.0012528940103948144,-0.004011881658807389,0.006151019148528572,-0.005621458236128106,0.0,-0.007386859953403477,-0.005909424535930165,-0.0029291051067411797,7.76441395282726e-05,-0.0008322685025632243,-0.0007295865193009399,0.0,-0.01223058729898184,0.0,0.0,-0.007908955141901965,0.00032864699605852227,-0.01080342842265964,0.0,0.0012641030177474102,0.0041051813121885244,0.001409280737862003,-0.004779233243316413,-0.0010208369791507889,-0.02920039505697787,-0.019412348233163366,-0.022445721467956883,-0.06490844802930953,-0.003745364416390659,0.0006245225109159924,-0.01529787954874337,-0.005794442873448137
0.0036471847258508494,-0.049576043561100985,-0.0006445770710706844,-0.03058358415961268,-0.018630897998809764,-0.00047680705785749233,0.011105316281318667,-0.040535139441490176,-0.0010122977010905698,0.009469316219910984,0.004494009986519748,-0.00024186745285986744,-0.0012701105326413942,0.0,-0.002476378083229064,0.0012373103201389068,-0.0018653967976570152,-0.0007789526879787567,-0.007799383811652655,0.0,0.07972363355103879,0.08872841691598302,-0.0012617010250687566,-0.0009195835888385906,0.0007767042517662082,-0.00046198517084122814,0.0,0.012766731083393074,0.0,0.0,-0.02249910756945611,-0.010635979641228949,-0.0032566773891448964,0.0,-0.0013553747534752192,0.0060610969364643386,0.00019267003051939846,-0.0025849445164203844,-0.009152624607086157,0.15702427409589292,-0.0013879358023405064,-0.002803107965737628,-0.014016490112990165,-0.025669964589178557,0.0003474375791848172,0.035474373800680054,0.018061302122660022
-0.010050916187465175,0.09848545815795659,-0.0052869725227356265,-0.03278409652411941,-0.019932394623756428,0.0010377964377403237,-0.000758272819220987,-0.07424695175141094,-0.0018663215171545733,-0.0062159281224012375,-0.004448002278804791,0.00792202769313008,-0.0012593746185302623,0.0,-0.0005925253406167397,7.33915343880398e-05,-0.010516643896698985,-0.003851587474346163,-0.0003266278654336652,0.0,-0.002093138694763186,-0.00048140645027160145,-0.0015733078867196937,-0.0026976304128766004,-0.0015281863510608895,-0.0011049729585647372,0.0,0.0059323723055422495,0.0,0.0,-0.011510671488940721,0.002963934512808908,0.2730156775983051,0.0,-0.0010956994444131785,0.0007158522401004841,0.0032431055419147176,-0.009230162650346763,0.006165436208248137,-0.00040105758234859623,0.007484361398965189,-0.009360436294227836,-0.1904722418449819,0.0690335388109088,0.0018418212234973946,-0.0020309383794665514,0.01021527681499719
0.0018602247256785664,0.015957582592964148,0.00184106030967085,0.253959321603179,0.07376044567208737,-0.0005035519599914662,-0.017366540078073756,-0.009249135404825276,0.011265492290258389,0.003351102117449045,-0.00901263162493704,-0.00044760437682270227,0.02758409425616265,0.0,0.005244897603988663,7.970670238141575e-05,0.020110273025929937,0.004074212908744795,0.004621565220877505,0.0,0.0002506682276726402,-0.0031121799349784485,-0.0010646209120750427,0.0021305017173290086,0.0027974315546452633,-0.0011535578966141158,0.0,0.006106121242046347,0.0,0.0,-0.004876670241355907,0.003928713202476453,-0.0019437730312347468,0.0,-0.002084192782640465,0.007927563376724733,-0.008808340672403575,-0.006331688910722694,-0.0013320337235927515,-0.00806879975832997,0.01575901150703435,0.02716066755354407,-0.018807002403773365,0.017460430860519432,0.003941203150898243,0.01852438681758936,0.014435328631661831
-0.016839600913226588,0.06754579983651637,0.0026317608356475897,-0.014211942851543424,-0.017295376062393203,-0.0006856107711791792,0.003553983420133605,0.07455068555660546,0.0003486305475235152,-0.006680755466222793,0.004922160580754231,-0.012714928537607195,-0.002547464072704342,0.0,-0.0013001632690429754,0.0030329128168523067,-0.0023784513771533955,-7.683306932448897e-05,-0.007428610548377068,0.0,-0.0014506387710571111,-0.0017275100946426147,-0.0020975092053413247,0.0026568973064423074,-0.0020977419614791604,-0.0011958064883947628,0.0,-0.00611226901412007,0.0,0.0,0.019039262384176275,-0.0011730158329010254,-0.006848546564579033,0.0,-0.0018942366540431466,0.0008862455934286195,-0.0005025306344032532,-0.0051116043329239025,0.03186605144292115,-0.0006590983271599071,-0.013396439477801309,0.021490921713411798,0.1062577912490815,0.004622532352805131,-0.0016966092586517267,0.002292226292192945,-0.004844486080110094
-0.003445669205393645,-0.03777117240242659,-0.002359720226377239,-0.03516376983374356,-0.03514966130256654,-0.007136307656764984,0.02563765851780772,-0.09101985678542406,0.000459565212950111,-0.0010671247495338404,0.0017731320671737355,0.0019317820994183242,-0.00029607474803923506,0.0,-0.0014168312028050535,0.0016225907485932015,-0.006662524538114681,-1.781898550687333e-05,-0.004764529038220652,0.0,-0.004670892357826223,-0.007354996353387842,-0.0028256264794618013,0.0014157080976292466,-0.0017800182476639913,-0.00037914074026047795,0.0,-0.006891455370932803,0.0,0.0,-0.026410978920757788,0.0007310423324815851,-0.009734487533569328,0.0,-0.0015605395659804289,-0.0028851800691336235,0.0015130793675780345,-0.004640555204823635,-0.0016738242655992483,-0.023278770616743737,-0.011320722238160663,-0.01349965277593583,-0.08489034081343562,0.012696010945364853,0.0008462564833462138,-0.00098104617092757,-0.0036572584952227483
0.010130824511870723,-0.0476153289154172,0.006457375339232407,-0.04820225298404693,-0.007590787708759317,-0.015610047578811626,-0.038143778610974566,0.08458413400687276,0.010245447661727664,0.046827141977846626,-0.00786614432930946,-0.005265090055763727,-0.0023567121662199375,0.0,0.03473731016740203,-0.00048086181282999685,-0.004550421796739118,-0.02986404618714006,0.031220453744754212,0.0,-0.0035786384344100863,-0.006309700012207015,0.0017846349067986156,0.0009474161267280512,-0.00038064830005168915,-0.003931985143572098,0.0,-0.002858462599106132,0.0,0.0,-0.022299635708332072,-0.0017166079580783755,-0.012458754777908337,0.0,-0.002715282440185568,-0.016916199936531484,-0.00036833496764299145,-0.011207573413848843,2.011358737946667e-05,0.07343071222305297,0.0019476918131113297,-0.015715460753999683,-0.030298733771778635,0.018013992281630642,0.00041123829782008237,-0.005838455967605127,-0.03639564854092894
-0.006891602985560907,-0.03929470934905112,0.00434834426268936,-0.03546365670859812,-0.014676414765417575,-0.00551709402352572,0.00262007541023196,-0.048221859363839034,0.0005818816088140055,-0.004872434921562668,-0.002219171989709126,0.001833804985508303,-0.001252125799655915,0.0,-0.003244865089654936,0.0014119140803814031,-0.00400861721485854,0.0004323656950146141,-0.006866257283836608,0.0,-0.003586087226867655,-0.008374334275722498,-0.0031644384097307826,-0.0013335224427282744,-0.0017085501085966487,-0.0003297781897708858,0.0,-0.005319322617724526,0.0,0.0,-0.008196261972188961,-0.0005428895168006279,-0.013821541741490384,0.0,-0.0005369191803038104,-0.009626951683312679,5.9973597526540023e-05,-0.0038604559935629217,-0.00048126988112927316,-0.031011653998866684,-0.01363989859819413,-0.00939328942447901,-0.09759792097378524,-0.0005615966580808053,-0.0024525416269898653,0.00031195379793644024,-0.005096809575334177
-0.006374336814042175,-0.053719649040140205,-0.005283992737531648,-0.04762043111026286,-0.008984773606061938,-0.003565267249941828,0.022536184323253133,-0.029212546497583383,0.0007917706714943018,-0.004679272826760977,0.010646161497570555,0.009608160317875453,-0.0016065405309200337,0.0,-0.004098945260047893,0.00237207815051077,-0.009545371942222117,0.0008986577019095554,-0.008932499680668116,0.0,-0.0047418983280658605,-0.0004707145690918124,0.0006512484699487675,-0.002909724526107299,-0.0020659477170556773,0.019113772230921297,0.0,0.01672661935444919,0.0,0.0,-0.006910515651106841,0.0004150276258587382,-0.01313094347715378,0.0,-0.0034151994436979194,0.0050963289570063325,0.0005151539202779692,-0.005970584675669674,0.0006200329959392681,-0.03513998043606986,-0.007330361614003786,-0.003991405405104148,-0.09188584643881771,0.007123186156386518,0.0020964035158976962,-0.0027018897142261494,0.0005403234204277296
-0.005124237798154366,-0.04968258749693633,-0.005646316930651672,-0.051733799166977415,-0.012557662352919594,-0.009041717946529387,0.007800302691757695,-0.053441010080277906,-0.00022024737671019756,-0.007361853364855061,-0.0045010265707969635,0.003436164679005746,-0.0030188013985752993,0.0,-0.001994180902838698,0.0007074037380516707,-0.0059513788297772645,-0.0013937451690435275,-0.014110154425725316,0.0,-0.008022099621593953,0.0010637122392654214,2.8013363480572373e-05,0.0005799811705946914,-0.002168995775282387,-0.0014079649467021171,0.0,0.010440333420410772,0.0,0.0,-0.020663661919534185,0.006270835902541877,-0.0199575097858906,0.02214400282129647,-0.006176277436316019,0.016145140370354027,0.0003278856165706834,-0.003932958617806442,0.0013338587060570534,-0.02320229552686212,0.007247879570350051,0.008070451617240917,-0.12354524412192402,0.007667396198958176,-0.003582069370895641,0.0003721532132476696,0.002137251310050499
0.01034761505201462,-0.04491227439139037,0.024334231615066537,-0.039252293705940244,-0.029570363759994528,-0.010670420527458174,0.02445727250538768,-0.08057209610939026,-0.002688511237502106,-0.004131957516074175,-0.004143154043704272,-0.007252147682011129,-0.009096744395792472,0.0,-0.001199610084295255,0.0005608055926859257,0.03217025881633162,-0.008137316778302206,0.03040453623980284,0.0,-0.007940092384815217,-0.0032325607538223056,0.0046471919119358,-0.004105961769819283,-0.0029936997964978285,-0.003900942280888567,0.0,-0.003986223246902232,0.0,0.0,-0.012466482967138287,-0.025516362581402066,-0.005402442961931209,0.0,-0.0025746309757232744,0.008145088385790589,0.001221638079732662,-0.0030956992134451855,0.006174102574586893,0.08245861542876808,0.024236752446740867,0.017809580601751807,-0.12138592497445642,-0.002141244783997562,0.02504280976951123,0.05332527048885821,0.01580862521193918
0.022502966523170492,0.04366064369678496,0.00460741452872751,-0.02485781490802766,-0.006556167006492614,-0.0039057540893554787,-0.0015843613445758464,0.07716873347759248,-0.0001836564391851092,-0.001789775639772423,0.004593802690505938,0.0050025211274624115,0.02086876741610466,0.0,0.028132324367761558,0.0036219408363104,-0.0017605517804622495,0.0025831198226660412,0.0009491635859013026,0.0,-0.0016710340976714977,-0.003609799146652215,-0.0024881559610366866,5.87350130080988e-05,-0.001667760983109473,-0.001797484010457956,0.0,0.01562847841531037,0.0,0.0,0.03719383910298346,-0.0003686911147087746,-0.009217548370361345,0.0,-0.0011059075593948253,-0.020283914133906344,0.0002647282183169952,-0.0028897766768932187,-0.0017501029372214982,0.005661373138427711,-0.016009082943201053,-0.014327282086014775,0.08713518555276092,-0.010077263005077802,-0.000735899135470397,0.00101574216037989,-0.0016465678811073414
-0.0008154306188225546,0.08708647500723601,0.004729436300694945,-0.013705818653106716,-0.01795182883739474,-0.0008631467819213978,-0.020760779585689282,0.10292479666881266,0.001599193029105661,-0.004811449274420759,0.004492933154106177,-0.010618875846266751,-0.001975463367998642,0.0,-0.0013202732801437245,0.00442135836929089,-0.005552545934915526,0.0026004074141383338,0.017511710524558965,0.0,-0.001516618132591241,-0.0017828392982482955,-0.003371195197105409,0.00015905231237417494,-0.0013869261741638328,0.0018299926817417211,0.0,0.0013656775653362319,0.0,0.0,0.016814027540385718,-0.004230179786682137,-0.004177635610103647,0.0,0.029456271734088657,-0.005553781837224964,-0.0004770420491695404,-0.003718263804912525,-0.0030795437097549117,-0.030169226750731526,0.007459907680749889,0.03713366903364654,0.048642484834417715,-0.004975879602134248,0.0008571743965149203,-0.0015813173353672327,-0.0023547437787055925
-0.0014145229477435378,-0.03760922545567155,-0.0034221253916621175,-0.04830682024359703,-0.02679400177672507,-0.007607582556083802,0.005139499753713611,-0.05295212726108729,-0.0008485024143010389,-0.0031167096178978514,-0.00035088198259471473,-0.0038066971395164795,-0.005361979939043526,0.0,-0.001494442876428352,0.000878360783681257,-0.004222350865602492,-0.0005351984873413762,-0.014328833445906634,0.0,0.00156786561012269,-0.013140313830226659,-0.003971541468054049,-0.003022621721029309,-0.0010111206583678714,-0.0011740203574299723,0.0,0.0042691785190254305,0.0,0.0,-0.013730968572199326,-0.003407163619995133,-0.011197410300374026,0.0,-0.0004010549932718238,0.0009191302023827883,0.001099477661773554,-0.003562166392803212,-0.002640954144299032,0.008790012355893856,-0.008370846137404435,0.012534689567983127,-0.12688242227770388,0.01003617579117418,-0.0006590199097991079,-0.003093134444206941,-0.006227863542735565
-0.008007852286100403,0.08832065201364461,0.011433014273643516,-0.03125422164797784,-0.009802334010601071,0.0009743723273277216,-0.014142619818448998,0.12753338571637868,0.002719851136207596,-0.004303355887532251,0.007313689514994615,0.0006357410550117681,0.0008552953600883539,0.0,-0.002165350764989832,0.0013140164315700587,-0.00332250773906706,-0.01134439133107662,0.014867039993405329,0.0,-0.001572615802288041,-0.007100969254970585,-0.0029889684170484876,-0.0009222385287284973,-0.003693096041679389,-0.0002857809513807097,0.0,0.00862228654325009,0.0,0.0,0.03600394267588852,-0.0021380597352981534,-0.008522244691848757,0.0,-0.006599139273166632,0.0034206360578536987,-0.00033349081873895736,-0.002579796910285953,0.013343611359596247,-0.05413021437823773,-0.02897293627262118,-0.020182158797979355,0.04691245703957975,0.009260226264595967,0.0045826754719019425,0.00039274215698242854,-0.010121120959520336
0.0017791928723454344,-0.025270187780261046,-0.008812689408659917,-0.042166370810009554,-0.02155759945511819,-0.0093743784725666,0.008051191056147211,-0.01600283391773699,-0.00012727350462227345,-0.0025888452539220346,0.002731905737891782,-0.002161420560441926,-0.0013813702575862334,0.0,-0.0014208706468343858,-9.878352284431458e-05,-0.007431741058826439,0.002898130957037212,-0.005683292075991636,0.0,-0.008393098935484872,-0.0046224133856594615,0.000762654803693287,-0.00031836019828915957,0.00045815862715244127,-0.0020076045766472678,-0.05556424988433718,0.007622837410308403,0.0,0.0,-0.017145760357379906,-0.00023990078829230765,-0.01355298236012456,0.009186468240804976,-0.0011083617527037903,-0.010208284892141798,0.0007729851920157682,-0.0017809596704319308,-0.0010942242108285191,0.03036509118974208,0.009676838801242411,0.014899798599071812,-0.1934116145875305,0.013129150862805555,-0.0011803304031491428,-0.0014525135606527212,-0.007644480466842657
-0.012672821423038855,-0.06007405958604066,-0.002552386410534381,-0.02897073144093156,-0.024123474434018154,-0.004843287691473963,0.01828789281658827,-0.027356391213834277,-0.00021384008228780838,-0.005303091928362827,0.0007425273302942709,-0.0019094031956046822,-0.0019994655624031993,0.0,-0.0037754026800394178,0.0017086907289922265,-0.000833626613020895,0.002592261843383334,-0.000812505818903464,0.0,-0.0014326051622629045,-0.004602090343832976,-0.002216935921460411,0.001477962732315076,-0.0014108591340482174,-0.001265509650111185,0.0,0.003023220230825227,0.0,0.0,0.009714363655075449,-0.001186176529154162,-0.010960365682840346,0.0,-0.002754450216889394,-0.004531638473272329,-0.00013792443089186146,-0.00624178174883127,-0.0035892263054847495,-0.11721988426055759,-0.009845163635909565,-0.0013827629387378748,0.00019448720384389329,-0.00503080909140409,-0.0012716471310705163,-0.01211557627655567,-0.009139541275799273
-0.0005031622108071926,0.039464296801015715,0.0033729922678321714,-0.03654956672340629,-0.019826895147562043,-0.011238621994852996,0.023519166409969337,-0.06650887809693813,-0.0003568945545703306,-0.0022693926654755933,0.004717642161995189,-0.004120118897408237,-0.0003732239641249177,0.0,-0.004450359940528892,0.00209736639633773,-0.006445563565939644,-0.00040025483816860663,0.010543150492012491,0.0,0.0009623867273330922,-0.009242967534810295,-0.001030632592737675,-0.000306114740669744,-0.0023219139687717105,-0.0006104018352925816,0.0,-0.021356492321938286,0.0,0.0,-0.023101523704826835,0.0007841085270047232,-0.008712444528937345,0.0,-0.003228990137577062,0.0006193881854414801,0.00015790290199219764,-0.0029869920760393215,-0.0015271134674549047,-0.05748934808187185,-0.019967744909226877,-0.022270829156041144,-0.060205302517861145,0.012096776999533154,-0.00031038782559334593,-0.013452151166275142,-0.007032886948436526
0.002064029201865214,0.042338518360629684,0.01719098852947354,-0.015843536853790252,-0.0070058989524841575,0.0011870259046554144,-0.011243585646152493,0.07795384243130682,-0.0012236362509429333,0.012745338454842547,-0.0026140758395195585,0.006332032531499915,-0.0006540809571743134,0.0,-0.0003288847208022805,0.0017250874638557456,-0.0032472515106201083,0.020078364340588406,0.012572033852338793,0.0,-0.0004187530279159135,-0.001870148777961711,0.00017121344804763017,0.0003908658027648726,-0.0008679927885532068,0.00023468382656577358,0.0,0.006342267133295526,0.0,0.0,-0.005841846615076113,0.00013353280723091276,-0.00677797913551334,0.0,-0.002158515453338561,-0.005876665413379667,0.000811284091323583,-0.005629197210073461,0.002840225100517263,0.161047187326476,0.012580279558897012,0.02862378147430722,0.0016778421774506502,-0.019224281460046733,-0.00019228160381315473,0.06616347089409827,-0.0035915940999984852
-0.0053024921752513055,-0.05991754531860355,0.004766892418265334,-0.0242309853434563,-0.01859157979488374,-0.00025413155555725764,0.02237864626571534,-0.04283661991357807,-0.004135286435484942,0.016197115816175917,0.01926714066416027,-0.0003816867526620915,-0.00042663642205295615,0.0,-0.0020497539639472706,0.0018320789933204407,-0.003586469888687105,0.0006845076568425257,0.02473221329972153,0.0,-0.0013234663009643322,-0.002201465964317334,-0.0007844413816928963,0.0010376814007759527,-0.00025799598544837266,-0.00036730647087093726,0.0,0.022345793545246156,0.0,0.0,0.0453276950493455,-0.0006032324954867718,-0.0033743387460708762,0.0,0.010849358476698434,0.0030373493675142083,-0.00010878354310983607,-0.002412796914577492,0.003047138899564733,0.19274330955930055,-0.001690981900319466,0.028097476549446554,0.03283540740609173,0.016979402517899894,-0.0017371147871017012,0.0022186269611120246,-0.0006639040261506857
-0.002078548171557504,-0.02568936728872359,-0.0027308934181928812,-0.015669273138046225,-0.010267878174781753,-0.0011216294765472312,-0.015028295516967827,-0.010174476355314266,7.53451138732486e-06,-0.0024576494097709456,-0.0007928857207298856,-0.0015139486780390288,0.016720103174447998,0.0,0.052405604720115684,0.002721840292215394,-0.0036382065713405354,-0.0003585061430930736,-0.0009567591547965382,0.0,0.12455807553604245,0.1087399852927774,0.0013025077059864998,1.9792020320902326e-05,0.002295038998126997,-0.0004829931259154874,0.0,-0.005747114270925502,0.0,0.0,0.03607500404119496,-6.739467382432807e-05,-0.0033764609694480474,0.0,0.006793792247772157,0.004034713506698595,-0.00022934347391134757,-0.002007396072149281,-0.0020780515670776323,0.05492402919568118,-0.02064891285263004,0.018075769543647757,0.01677757397294044,0.009677733629941954,-0.0012713211774826316,0.012044163048267387,-0.004452562332153354
0.004342317879199975,-0.04624712064862252,0.000424155294895201,-0.022174812853336306,-0.009760248661041249,0.000320060253143295,-0.007225191891193361,0.0667898845672607,-0.0001930861175060139,0.020130451060831528,0.003124345717951643,-0.0005692300014197849,0.03293242126703255,0.0,0.012558656716719241,0.0003835967183112854,-0.0028048679232596796,-0.0010384285449981379,-0.005140021443366977,0.0,0.06386313445866104,0.08819822662509985,0.00024466849863530316,0.0013580457866191886,-0.00047100752592083017,-0.0004560518264770663,0.0,0.0019800690561532774,0.0,0.0,0.0017022654414177163,0.000318955779075647,0.044779279083013546,0.0,-0.0018199670314789085,-0.003637273907661498,-0.00012559914030135788,0.0014957413077354431,-0.0013332086801529641,0.08136039376258852,0.00036885321140292526,-0.004074930399656285,0.02428894968703388,-0.002728434056043616,0.003896276950836164,-0.018418245669454353,-0.0005669015645980435
0.008770187329500856,0.0349664819706231,0.004133077175356464,-0.017298213541507707,-0.010672438740730289,-0.004555068016052211,0.015139118898659987,0.1139687149552629,0.0008544041216373144,-0.0053958923742175036,0.001580171585083029,-0.005605566650629029,-0.0017081750929355544,0.0,0.011126365363597873,0.00041505724191664983,-0.005192483067512493,0.0013695324491709848,0.00889371231198316,0.0,-0.0013311272859573287,-0.004639059901237502,-0.0009748983010649803,-0.0009334722161292996,-0.0014467458054423787,-0.0003793850541114474,0.0,0.004602590883150709,0.0,0.0,0.05594002202153206,-0.0015149289369583152,-0.004140836596488978,0.0,-0.0006121352314948925,-0.0076876702904701,0.000525982007384268,-0.0031939110159873996,-0.003507276475429588,-0.03885354005731648,0.011691311481408784,-0.022192493407055758,0.05737104415893554,0.002328861067071558,0.0007672938331961809,0.0014857784891501025,-0.004125057160854373
0.009408376067876811,0.03901401966810231,0.014348413050174702,-0.018430658727884325,-0.014615824222564688,-0.002081583142280574,-0.011084922254085472,0.061322054862976094,-0.0048199595510959314,0.02230108678340914,-0.007083655297756286,-0.0015495491027831543,0.00680952191352846,0.0,0.020496968738734717,-0.00041416287422174625,0.010338211879134196,0.00033513665199280673,0.013344625392928744,0.0,0.00034214377403257723,-0.0004531794786453158,0.0021293652057647328,0.003278937637805901,0.00025265306234362184,-0.0014826678112149216,0.0,0.00586340636014937,0.0,0.0,-0.006659412458539016,9.97741147875375e-05,0.12887848397716878,0.0,-0.0016292336583137446,0.002201229743659494,0.0017178416252136008,0.03356259434483949,-0.0007400211691856728,0.07213640123605725,0.0030443206429481284,0.014527813307940979,-0.0038273794949054696,0.014452621787786557,0.005707143545150728,0.011779205501079526,-0.007382892370224048
-0.008992082886397856,0.05357001848518847,0.00013257503509522817,0.1368623315729201,-0.017403821647167222,0.012554516196250892,-0.0005942337960004873,0.040572638893499935,-9.131386876110037e-05,-0.006956906458362916,-5.865693092327318e-06,0.004270711839199082,-0.002409933209419235,0.0,-0.0026700285077094488,0.001036768257617976,-0.0015452226996421903,-0.0014863121509551824,-0.01706817626953122,0.0,-0.0028442794084549416,0.00015510559082029807,-0.003700108360499138,-0.0005103620886802995,-9.844183921814409e-05,-0.0025394465774297714,0.0,-0.0018593730032444022,0.0,0.0,-0.002253410369157771,-0.0026352796144783475,-0.007080680429935482,0.0,0.014666524678468684,0.013257755311206015,-0.00012697085738183622,-0.0010276922583579984,-0.0011379788815975567,-0.06663536980748178,0.002994646877050422,0.005145549327135124,0.027847699169069484,-0.006709028035402298,0.0005531041510403178,-0.007813914893195023,-0.005203898996114675
-0.004974982254207144,0.05537138342857362,0.0013354171067476162,-0.034373563528060924,-0.015401944667100903,-0.00459575891494754,0.006684091230854394,-0.031123811304569232,0.0004934434965253032,-0.004822266977280415,-0.0010573790967464414,-0.0035964521765708968,-0.00301442934200169,0.0,-0.0009763884544372325,0.0007401218451559555,-0.004831530824303626,0.0025303491950035006,-0.0054719220474362396,0.0,-0.00047310948371886985,-0.008126205503940581,0.00046454064548015483,-0.0005738335847854659,-0.0016104132868349497,-0.0009696032106876196,0.0,0.012399643361568485,0.0,0.0,0.02217682171612978,-0.0004976199567318096,-0.012274285256862638,0.0,-0.003882866501808191,-0.012900696992874161,-0.0002155284583568451,-0.006217887550592438,0.00039994746446611606,-0.002259857170283819,-0.0007072384003549981,-0.00753347370773555,0.059475736049935224,-0.007036418765783287,-0.00045090693980454066,-0.0026839413959532654,-0.004960868107154959
-0.0016914733219891565,-0.04037669532932342,0.00525919572450223,-0.030623687952756884,-0.010946791768074032,-0.004638356864452381,0.0026544565334916115,0.04473140950314705,-0.0024476325931027387,0.007511449679732329,-0.0017664697952568809,-0.00791064124554397,-0.0024327701330185136,0.0,-0.00028480142354966875,0.0010550574585795336,-0.004923386871814706,-0.00030847403686495856,0.019903615172952416,0.0,-0.0007110050320625338,-0.002542429864406559,-0.000905092451721462,0.001819725185632698,0.0024344265460967685,-0.0018398171942680952,0.0,0.0027577060926705643,0.0,0.0,-0.012072148546576511,-0.0006973042339086521,-0.008675649464130408,0.0,-0.019544115513563137,0.03469888982363048,0.0010444565769285041,0.06429161712527279,-0.0005457444489002095,-0.056085251718759555,-0.0019640964642166914,0.008735905811190575,0.026317672627046707,0.013469380820170046,0.004430936444550754,0.0009173595160245629,-0.002630984708666795
-0.0021392357442528015,-0.027033142931759346,0.007138364771381023,-0.05652997313067317,-0.020750973820686316,-0.014003794640302651,-0.00488176936283706,-0.033840345572680244,-0.0014311627205461155,-0.0018119105417281223,-0.001163928937166936,-0.003070057989098131,-0.005450608432292926,0.0,-0.0017963501624763106,0.0033230512589216277,-0.0031787536665797366,0.0005301856156438717,-0.01397613842971622,0.0,-0.0017009294033050598,-0.016649820096790793,-0.00038943735882639857,0.002684327773749842,-0.00023992312140761612,-0.0012556383525952758,-0.008867620262317369,0.004075791020877649,0.0,0.0,-0.0042353068431839475,-0.0004269341845065458,-0.010518794609233738,0.0,-0.004010907784104359,0.015280436608009026,-0.0029676625970751144,-0.0017826396692544044,-0.0009001273708418023,-0.02760432873154059,-0.0006887312280014005,-0.008549911770969615,-0.13947617154801267,-0.001648419266566639,0.004002487277612057,0.004463579091243446,-0.007341181365773088
0.005328345783054855,0.04709958743304013,-0.006053980141878107,-0.027577972114086136,-0.009753066897392249,-0.00020032912492751187,-0.020360637120902525,0.10963129092007873,-0.00196055248379709,-0.004945183619856852,0.005537670254707333,-0.02049166556447743,0.0007956227101385271,0.0,-0.00010362565517424427,0.0035179968923330363,-0.007013875395059571,-0.0014052586257457533,-0.02735605709254743,0.0,-0.005657457709312447,-0.007054669559001886,-0.003678542897105258,-0.004595398828387276,-0.0025138635188341196,-0.000987408980727189,0.0,0.0007989655621349623,0.0,0.0,-0.027125092446804056,-0.0015224808733910467,-0.011522620320320143,0.0,-0.0018689072132110351,-0.009037837423384182,0.00043702602386475053,-0.0024217342585325097,-0.0011407206952571969,0.010737439254298792,0.021327922530472276,0.018964720675721775,0.019696174412965783,-0.001630356069654254,0.010439126528799525,-0.002302725827321439,-0.0045060864090919195
-0.0017605248559266484,-0.04078430724330245,0.013471520468592652,-0.02112638920545576,-0.011132454872131325,-0.0026974475383758634,0.003439174443483378,-0.05227913081645963,-1.2604147195782733e-05,-0.002483299514278753,-0.0005436708033084714,-0.006604526266455635,-0.0023665444180369366,0.0,-0.0011888056993484553,0.002499357108026762,-0.005474351719021747,0.01175404347479339,0.012957230550237009,0.0,-0.005143066644668626,-0.004318033456802373,-0.0015599604696035774,-0.0011590287089347784,-0.0006822789832949538,0.0005195711925625457,0.0,0.010603572297841257,0.0,0.0,0.016102828234434124,0.004057578966021547,-0.0045112782716751065,0.0,-0.0046171632409095775,0.00029331639409060917,-0.00018102658912538816,-0.0029141910374164415,0.027170650814659886,0.017404279224574548,0.05519941626116634,0.011737053934484737,0.09686514828354117,0.03261884095147255,-0.003669311664998537,0.035085091348737496,0.031697872616350625
-0.011380554661154757,-0.027660623262636352,-0.001406353600323193,-0.045814970210194594,-0.025142960995435712,-0.001753516132012016,-0.004102434527594595,-0.05810150429140777,-0.0004060380673035907,-0.0023591235838830438,0.002133174035698168,-0.002034165952354672,-0.001060094949789342,0.0,-0.003319383747875694,0.0008092979481443881,-0.003922254787757998,0.0003068772703409134,-0.009809527881443512,0.0,-0.0030935892462730374,-0.007955032899044458,-0.0003606902901083231,-0.003489085705950856,-0.0012880755309015585,-0.00023219234310088883,0.0,-0.009084610729478311,0.0,0.0,-0.006753593459725385,0.0006226463383063804,-0.013762362115085122,0.0,-0.0024710772559046745,0.0038764924928545996,0.0017165292985737296,-0.00292219898197801,-0.002838285639882074,-0.042159436349757023,-0.009119016262702643,-0.0025156786828301886,-0.09880003173137082,0.007113963710144167,-0.00017383957048879017,0.007352770392317326,-0.007084645645227275
0.0015119415707885997,0.07401432242244482,0.005224427739158266,-0.027115310654044156,-0.014587740898132306,-0.0024121424555778315,0.0014115687273442978,-0.04111790753901004,0.0005731214955449204,-0.003758231326937672,0.005033944100141491,-0.005963286384940175,-0.0005054542794823702,0.0,-0.0035127402842044797,0.002674668263643959,-0.009760130494833014,0.0021954901888966427,0.019264137223362926,0.0,-0.0035310506820678544,-0.005124636590480819,-0.002132386192679414,-0.0024924698472023055,-0.001842657402157749,-0.0006134837493300405,0.0,0.006140273576602351,0.0,0.0,0.048003458967432355,-0.00027876965701578715,-0.009315315485000586,0.0,-0.004436437189579007,-0.013365511596202861,8.153856731954456e-05,-0.004425605610013039,0.0004538688063621399,-0.05166137243621052,0.027242058282718057,-0.008594851503148648,0.009422533037140968,0.0003048816882073868,-0.0017269719019532004,-0.0012887005321681466,-0.005903372168540949
-0.0034531721472740307,0.045811341749504214,-0.007685638368129716,-0.012315075695514627,-0.009981659948825855,0.0009199070930480946,0.0076695114746689885,0.05809627033770082,-0.0003377177566289691,-0.006125112194567933,0.0023217294365167618,-0.0027314144931733786,-0.0009821341559290708,0.0,-0.0002684387564659274,0.002617566511034952,-0.00558649614453316,0.0007110865414142742,-0.014314804263412972,0.0,-0.0019468992948531993,-0.0017218804359435957,-0.002215072363615067,-0.0005148661136627208,-0.004721175208687756,-0.00039126105606554495,0.0,0.004354077409952889,0.0,0.0,0.06185741595923899,-0.0006610197108238847,-0.005081281065940829,0.0,-0.0013126745820045693,0.003956159194931391,-1.4447942376150102e-05,-0.003951842635869979,0.019220365490764363,0.024638646673411146,0.0017312638647853928,-0.0019920261204242617,0.10016837105154991,0.033486612699925866,0.024659765446558624,-0.00626418709754939,-0.00227423653006556
-0.010983074121177216,0.062183541217818855,-0.0021412310004234325,-0.03437304988503456,-0.009471842348575565,-0.0018168413639068903,0.00954461373388768,-0.06491865575313566,-0.0001765643060207267,-0.006147846169769738,-2.1554678678481487e-05,-0.0027867900254204825,-0.003585524111986177,0.0,-0.0020591495931148174,0.001667818948626526,-0.008606580048799523,0.0008099761232733538,-0.010918171480298028,0.0,-0.001944645047187804,-0.00641370564699173,-0.004655849933624251,-0.0018338638544082575,-0.002853198796510692,-0.001316116377711285,0.0,0.014553446192294373,0.0,0.0,0.03210028489585964,0.0009163282252848126,-0.008395689129829409,0.0,0.0005953378975391554,1.9795345142487042e-05,0.00039288334548470694,-0.00611231787130237,-0.003340097367763528,0.0024967542197555093,-0.013987244330346593,-0.019149718489497897,0.046420664899051195,0.004870566129684423,-0.000529657453298582,-0.004634329788386821,-0.00694819092750551
0.01962147526443006,-0.04046447698958219,-0.001845930218696612,-0.03591371916234497,-0.011557479202747328,-0.007404398620128649,0.01984308227896689,-0.03144382640719412,-0.0002826559357345104,-0.0052155495434999255,0.0022723696846514707,-0.002221983782947079,0.06493823904544117,0.0,0.06343996711075306,-0.0002541651576757342,-0.001605082117021095,0.0016560485959053184,-0.00889364531263706,0.0,-0.0008549940586090321,-0.003994388282299033,-0.00013675764203066598,-0.00012106880545614818,0.0015713815391063535,-0.00304157972335814,0.0,-0.0011451626382767977,0.0,0.0,0.021299358541145924,0.0009702621866017613,-0.007124496698379529,0.0,-0.0017859026789665278,-0.00796743832528593,0.0013635805621743102,-0.002103251628577746,-0.0012506039440632055,0.0016775321774184782,-0.0024734213203191635,-0.010937032192014168,0.037593892440199866,-0.008897353690117599,0.005250105336308486,0.013534161667339506,-0.007664467841386802
-0.0104615134745836,0.07636157602071758,-0.01238497912883757,-0.028816022127866797,-0.017680772244930282,-0.001054212450981168,-0.01165869325399399,-0.05167163014411924,-0.008256263062357938,0.020529282493516793,0.011181557774543743,0.0024403534783050684,-0.009571595005691047,0.0,-0.0016028964519500533,-0.0004605958238244334,-0.00679014578461648,-0.006758455932140389,-0.009455454163253302,0.0,-0.0030685821175575334,-0.0074496072530746416,-0.0022875931113958414,0.001111980974674187,0.0007547113485634471,-0.0005449372529983121,0.0,0.004541878700256352,0.0,0.0,-0.004157470464706464,0.000591963166371029,0.13853632734157145,0.0,0.024824858740903427,-0.002972066998481737,0.0003602496441454106,-0.006676452159881607,0.0001948228478431957,0.068029848895967,0.020700510740280148,0.0001149226725101482,0.012822007164359134,-0.005449716970324481,-0.0037420043163001737,-0.03009202286601062,-0.008116733580827734
0.0036694954708218763,-0.024586872942745724,0.002359763085842126,0.14641559263691306,-0.009005635976791354,0.019681833684444427,0.0013028532452881436,0.04134211868047716,-0.00034977927803989117,-0.002630501389503437,-0.0010959029942750886,-0.001955447196960447,-0.005972344949841474,0.0,-0.0007029622793197632,0.0009819172695278988,-0.0015228442847728396,-0.00475185949355364,0.0008826859388500474,0.0,-0.0008484143018722967,-0.0006546920537948697,-0.0016247727721929728,0.0008131040632724518,0.0007648006081580894,-0.0005983003973960566,0.0,-0.00408165243454281,0.0,0.0,0.02006388049572702,-0.0009548494219780435,-0.002130109071731584,0.0,-0.005498857200145729,0.00672379208728674,-0.00019649535417554098,-0.0031670421361922885,0.011251860586926343,0.016486880322918313,0.008701505074277527,0.008158671259880013,0.061692270189523724,-0.008707215487956999,-0.003000629059970422,0.02879079805687068,0.00030917227268223435
-0.003228640062734489,-0.06415382613427939,-0.0012007440347224507,-0.03321202054619793,-0.019522586204111583,-0.009081102944910532,0.011936216654721651,-0.07241936516016721,-0.00024509769398718684,-0.0044059487618505755,-0.005622585546225328,0.006836742321029321,-0.0034046385623514863,0.0,-0.002706505730748196,0.0020970749296247843,-0.006836434379220005,0.007974786274135115,-0.002847342416644083,0.0,-0.006151874586939818,0.0005477800965309476,-0.005345826428383604,0.003068726435303676,-0.002194660864770423,-0.0020315687172114544,0.0,0.005051393131725479,0.0,0.0,0.01423895333427938,0.0010599475353956223,-0.012530320286750773,0.0,0.0015421609207987574,-0.00890685793478041,0.0004955876991152852,-0.005216344259679331,-0.003963266983628241,-0.06608165421523154,-0.0045174001064151315,-0.011336146453395465,-0.0006107060797512498,-0.005110297892242682,0.0020960738789290168,-0.004353665448725223,-0.005872649245429795
-0.0028510403260588735,0.0629914154484868,0.0005127631872892668,-0.019004438519477862,-0.011237764060497257,0.0009484559297561757,-0.0024837766960263408,-0.016663436591625225,-0.0012355521321296692,-0.00404554307460786,-0.0018973575718700675,0.005254814103245714,0.016369918501004582,-0.0005539009347557966,-0.0010435990989207944,0.002702058851718925,-0.0030002021789550803,0.005499563664197932,-0.009911733493208896,0.0,-0.00025261312723157126,-0.0025528219342232095,0.030353451818227767,0.012170444708317518,-0.002009301930665952,-0.0006096509471536227,0.0,0.007737237885594411,0.0,0.0,0.06258014783263202,0.0029327099770307674,-0.0026753664016723744,0.0,-0.0016378736495971657,0.01796904146671291,0.0011028739064931625,-0.005622999742627116,0.0216212876141072,0.08919497338123619,-0.0012028041016310387,-0.013071416970342364,0.048785990402102464,-0.0017932700831442827,0.0025037202239036604,0.04367159344255919,-0.0030021014809608615
0.00027768969535824084,0.0392831375822425,-0.011145939994603421,0.14206883621402083,0.1411817890405655,0.0005968993902206454,0.008273987174034048,-0.019314850866794575,0.016179459095001236,-0.0013305857777595187,0.003940689805895098,-0.0017418731562793277,0.011080077737569805,0.0,0.0048133045434952115,0.00011531740427012105,0.013920330787077523,0.0010905666649341783,0.005710355825722213,0.0,0.006817407310009016,0.01098536401987077,0.0007060879468917536,0.0002493086457252547,-0.002571763098239921,0.003413962707854823,0.0,0.001333430139347891,0.0,0.0,-0.01551063179969786,-0.00023530673235658273,-0.004532070755958517,0.0,-0.0002588158845900912,0.0029810877144336445,9.979784488678423e-05,-0.0008320039510726907,-0.0005230954289436318,0.07505944103002549,-0.00858885159716008,0.03712221667170523,0.016946970699355024,0.0014525920152664296,0.0003927125874906845,0.022517104716971548,0.0024148304620757455
0.0031125341728329703,0.04018692899495363,-0.00030537068843841664,-0.028178242892026945,-0.010487041473388664,0.006203877031803112,0.033810057565569845,0.1330658474937081,-0.001639367043972051,-0.007179434895515424,-0.00025738388299945125,-0.00041682060807943233,0.0007847641780972525,0.0,-0.0011453372240066428,0.00045285928994420743,-0.007021009884774693,0.001733404994010923,-0.011827987134456625,0.0,-0.003391180038452124,-0.0005765461921692083,0.0005810562614351478,0.00028383657336239487,0.0002486696746200334,-0.001204920541495097,0.0,-0.00024763733148572276,0.0,0.0,-0.00777497537434102,0.0005530962347984614,-0.002869376540184043,0.0,0.01683335441164674,0.0218394909985363,0.0001415440626442166,-0.0016372288018464964,-0.0004651027917861872,0.0024107242934405526,0.04148210763931279,-0.0027704378310590694,0.05145449129864574,-0.0033129452727735376,-0.0010176385287195,-0.0036180952470749594,-0.005209959745407056
0.005360649804351844,-0.03363241258542983,-0.002026751814410109,-0.0689952010847628,-0.008058335827663545,-0.00872567623853683,0.003920574402436629,-0.03510586134158074,-0.0011914628837257626,-0.004395835120230909,-0.0026941849617287544,-0.008621052495436737,-0.0019511595182121026,0.0,-0.004113186728209262,0.0007674762792885294,-0.003802653644233947,0.003675343571230772,-0.011825552713125936,0.0,-0.005268801264464877,-0.0069944081827998245,-0.0030782691761851305,0.002052218541502948,-0.0012162195472046645,-0.0006468910677358553,0.0,-0.006177806621417405,0.0,0.0,-0.017540437187999483,0.0005842470750212665,-0.013211032599210734,0.0,-0.0030917284265160466,0.007506138756871221,-0.0019806103035807654,-0.003777307146228844,0.0017489050887525004,-0.03694194765295834,0.0065522009879350794,-0.002491716896183792,-0.10298555304296313,-0.005296436282806117,0.0013462010701186938,-0.00022363057360051675,-0.0076138955354690535
-0.006420347765088097,0.08702829055488104,-0.01959796506911521,-0.020486648380756423,-0.009775657653808612,-0.001442590951919509,-0.009454767592251279,-0.016525644734501854,0.0001364561915397633,0.01338357608765356,0.001961030364036581,0.010106905996799531,0.0024067772924900033,0.018038579840213065,-0.000803370773792278,0.002993023730814448,0.0120333088282496,0.0004405552148818992,0.008017088416963858,0.0,-0.0004311835765838379,-2.2974014282223232e-05,0.005576574634760634,-0.0009546989202499079,-0.001016900837421425,-0.00020306706428524501,0.0,0.002517315763980149,0.0,0.0,-0.004417309090495092,-0.0001969200372695934,0.10260931774973867,0.0,-0.0016283810138702504,-0.00820531666278837,0.0002259019762277381,-0.0016654220223426552,0.00019537210464473653,0.1679325742926449,-0.0029089235141873393,-0.012388631105422931,-0.010164988785982154,-0.02072366993874314,0.0017635911703109408,0.0352400740981102,0.014471349101513625
-0.007168107777833943,0.06722119336947802,0.00472205358557401,-0.038326664865016985,-0.009616916179656959,-0.004687369763851146,-0.03593438336625693,0.0855299203842878,-0.00039995104074477816,-0.0025523471087217364,0.007045101942494497,-0.010382643844932288,-0.0002378356270492099,0.0,-0.0012869687378406491,0.001859592869877802,-0.005582519434392447,-0.006680079326033567,0.012001104503870014,0.0,-0.006991543471813189,-0.004298137426376358,-0.0026855557411909203,-2.3710727691528266e-06,-0.0020794604718685217,-0.0016764889284968387,0.0,0.00413927552290258,0.0,0.0,-0.017227214872837043,-0.005092983208596719,-0.011031418144702904,0.0,-0.0010874740779400205,-0.001702621728181808,-3.903344273570308e-05,-0.003635699730366454,-0.004198178052902207,0.020521827284246702,-0.010917674899101254,-0.01989042488858106,-0.010528380014002331,-0.06762177858501675,-0.001625108728185276,0.0007518754154443863,-0.007335949540138248
-0.00357261604629458,-0.04874094655737282,-0.0016806299146265025,-0.024118140190839757,-0.020383370965719225,-0.007001648843288424,0.009445193009451056,-0.05148327834904194,0.00014351982623336812,-0.005786745175719282,-0.0016786687262356076,-0.0026880529616027937,-0.00034753169864415456,0.0,-0.0031264400482177573,0.00021788531914351816,-0.005710618086159233,-0.00557138124480841,0.011096437769010647,0.0,-0.003160644769668583,-0.003608354628086091,-0.003453785944730031,-0.00039190769195557307,-0.0011392383649945215,-0.0017555233836173967,0.0,0.005333338258787984,0.0,0.0,-0.006446874141693121,0.005322497896850117,-0.014172795116901407,0.0,-0.0008014364540576968,0.0010998319648206634,-9.710201062261559e-05,-0.004313811585307123,-0.0006234502792358543,-0.04891360210254789,-0.0054971663188189135,-0.0215378515701741,0.031011351021006675,-0.009895532578229865,-0.0025461856834590457,-0.003468325790017851,-0.002096042558550837
0.0009017302095890023,0.029295441508293163,0.003959695547819109,0.08769743502140043,-0.011150683760642988,0.04088954184204335,0.0005443845689296345,0.016486762464046456,0.0011066421866416931,0.0036684803664684407,9.783497080209647e-05,0.001834249272942512,0.01827233037911355,0.0,0.016152382940053944,0.00028712362051011575,-0.001242959052324244,-0.013038166463375078,0.00663326365873218,0.0,0.00038795232772825816,-0.00198766529560096,-0.0009430938214063378,0.0023218742012977855,0.0021102422475814953,-0.0004032088816166013,0.0,-0.024330432992428513,0.0,0.0,0.02989299833774567,0.0005270566046237657,-0.002354206740856124,0.0,-0.0008846908807754184,-0.014919074475765237,0.0002781733870506342,-0.006429070681333526,-0.0010644581913948348,0.12034802168607717,-0.0030744475126266435,0.00595587012358012,0.02825419224798681,-0.0036214451864362007,0.0015031809918582273,0.11106836309656495,-0.0041343557834624955
-0.003924401253461884,0.03816399618983268,0.006178465671837358,0.185079864487052,0.1063755819201469,0.02031306108459832,-0.004638169240206491,-0.002909581065177913,0.0005685923993587472,0.006593819446861771,0.0009750163648277466,0.001691216649487598,-0.0009369684755802243,0.0,0.00021352022886278466,0.0015715689957141732,0.017906780801713484,0.001146284900605643,0.006202905252575885,0.0,-0.0011249285936355824,0.00023497521877285932,-0.00024998612701893075,0.002705617547035244,-0.007253787517547572,-0.0006841874122619496,0.0,-0.0013245362788438797,0.0,0.0,-0.003735483214259122,-0.00031749675981698755,-0.0022465825080871804,0.0,0.0004505952075123665,0.0014491217955946711,0.00015030420385298005,-0.0024657879769801883,0.0039003741741180376,0.08618194190785294,-0.008664688169956192,0.02093570157885552,-0.026153437457978684,0.007822693325579111,0.0006310875341296041,0.02756488366052509,0.04075153741985557
0.0010093635693192438,0.04358163056895137,-0.0025325910001993066,-0.04503356218338013,-0.016524349898099894,-0.006709891259670281,0.0006894314102828675,-0.0607806247845292,0.0009857621043920517,-0.00435966037213803,0.0005473390594124689,-0.0025638696458190613,-0.007055135332047949,0.0,-0.0022684029489755675,0.0033426117897033814,-0.007607661373913305,0.0013830893300473546,-0.011960463356226692,0.0,-0.0029955294728279402,-0.010458298176527013,-0.00438553512096404,-0.0019717998057603714,-0.0023138068523258087,-0.002417338714003542,0.0,0.010887485630810267,0.0,0.0,-0.018292370960116384,-0.010836190041154617,-0.01014323048293593,0.0,-0.0011822925135493156,-0.0012310185935348397,3.961970098316503e-05,-0.007743825539946542,-0.0021126177906990173,-0.08044856801629068,-0.012962630772963148,-0.008051027758046975,-0.011218396527692673,-0.002461605239659541,-0.003979076137766241,-0.0034038749709725258,-0.0038948273658752364
-0.0020465168729424943,0.028492332100868267,-0.0029422766715288817,0.13134532903321092,0.11233375161886211,0.022622706815600357,-0.0031312854588032013,-0.004265024811029472,-0.0007918009161949069,0.010600487980991585,0.003622763571329457,0.0008452648902312065,-0.0001374012231826205,0.0,-0.001149659603834119,0.002040837109088922,-0.0020870089530944935,0.0005893929302692447,-0.003874643594026589,0.0,-0.0016116738319396917,-0.001048599481582646,-0.0006419992446899392,0.0001456809043884899,-0.001656340360641495,-0.0007602334022521751,0.0,-0.0010057765245437555,0.0,0.0,0.01156930208206175,-6.997166201450078e-06,-0.0005079174041747736,0.0,-0.002169075310230223,-0.0003890098398551256,-0.0026162412762641973,-0.0015749553963542162,0.0015843999385833363,0.10432688117027283,-0.0015322276204824403,0.044883382581174386,0.04031084731221202,0.006155895590782168,0.0005287020327523206,0.03038116924464701,-0.0018182063102722967
-0.00566394885070623,0.06000276006758212,0.002824844568967838,-0.02586339190602302,-0.009296069145202618,-0.0024566447734832575,0.005490530729293869,-0.026711025387048726,0.004175731316208825,0.022884522862732404,0.007221738509833819,0.0030384838581085094,-0.003640838600695112,0.0,-0.0015596747398376465,0.0013251629471779103,-0.004061885476112359,-0.0016086372733116472,0.010407231599092459,0.0,-0.0006705969572067538,-0.0019546586275100974,-0.0009445977210998657,-0.00040145315229891954,0.0010271847248077282,-0.001526103466749168,0.0,0.0009679249953478408,0.0,0.0,-0.010693403780460325,0.0010582038760185153,0.15337143689394,0.0,-0.002328661084175121,0.007210668027400946,-0.0006813671533018317,-0.006621495336294192,-0.01633433990180494,0.18493890225887297,0.03103379048407076,-0.004651223272085198,0.008950753705576076,-0.009182359427213682,-0.000978045985102649,0.004009203016757945,0.0016598833352327869
0.01090810181573032,-0.07068480920046569,-0.002980649247765532,-0.036033728569746015,-0.015816417038440694,-0.006073761284351359,-0.0026176622696220675,0.0615468486212194,-0.0010047551989555426,-0.005286057293415053,0.015273691844195109,-0.0071285127568989914,-0.0017298734188079812,0.0,-0.0007805511355400141,0.0010399735718965575,-0.012766514644026755,0.0010025076568126734,-0.01762021908536554,0.0,-0.002489109635353093,-0.004718328118324289,0.00021600127220153253,0.0028806304931640603,-0.0019477592501789265,-0.0005583835020661343,0.0,-0.0007871455699205443,0.0,0.0,0.03367556913755837,-0.0022948960028588983,-0.012673968672752361,0.0,0.026667707581073008,0.00430763529613612,0.0004034761246293761,-0.009476382732391347,-0.005934984236955626,0.025656994003802586,0.026269938135519616,0.05724111033603546,0.02439606053987517,-0.028256155969575036,0.0034134128666482577,-0.00042233187705276176,-0.002848951891064627
-0.010223711924627427,0.04855282835662364,-0.0029321391880512415,-0.05563152432441712,-0.018569103777408613,-0.012872708141803746,0.015498124584555656,-0.0610428123176098,-0.0028610874153673638,-0.0031346213631331943,0.0032965857349336047,0.0015460126660764295,-0.007460234016180012,0.0,-0.0028280507028103086,0.0020776345580816313,-0.013099336065351963,0.0078173764050007,-0.014752387516200532,0.0,-0.009814526140689867,-0.008361128866672507,-0.00473933596163989,0.0007157662510871854,-0.0011268751323222914,-0.004230483770370469,0.0,-0.020391629217192536,0.0,0.0,-0.030931577458977705,0.002451945813372741,-0.009799628406763072,0.0,-0.0038973855972290194,0.013166707055643184,0.00026724077761172693,-0.009919760785996934,-0.0027919147163629476,0.06753610602580012,-0.011772526353597629,-0.002644734177738417,-0.018598092850297676,-0.008482624217867857,-0.0013576544821262415,0.0306887284759432,-0.017504894584417327
-0.011727113733068117,0.019788381718099116,0.000298411361873141,-0.04780428890138863,-0.013180498853325867,-0.003346173875033838,0.004183432254940264,-0.03324752196669576,-0.00024284992367029634,-0.0038897276762872857,-0.00019414258189497796,0.002813580548390763,-0.004048320651054357,0.0,-0.0016449028253555237,0.0014415033161640362,-0.004773974083364014,0.0024595355615019826,-0.009272276051342496,0.0,-0.0028266671299934376,-0.007560093067586447,-0.003931589014828207,0.0011463261023163598,-0.001826763022691004,-0.0017637388408184018,0.0,-0.01572437467053535,0.0,0.0,-0.02033981166779994,0.0007919135317206311,-0.010092706307768817,0.0,0.00024300590157508295,0.0038945209700614117,0.0011592226056381938,-0.0049974215030670135,-0.0002240749448537832,-0.10279261514544485,-0.024676535911858075,-0.026192093687131997,-0.01753172868397089,-0.007375755375251161,0.001024589240551002,-0.002759790513664498,-0.0031028718966990693
-0.01549133015796544,-0.04041399108711631,-0.0024422376416623516,-0.016679882332682604,-0.02091728135943413,-0.007589710764586921,0.012198857134208079,-0.040680966516956685,0.00014780237339437861,-0.007664278177544458,0.0018163688667118746,-0.003024625992402433,-0.005794621864333757,0.0,-0.003620481528341754,0.0015362477395683624,-0.003339732289314265,0.0010896841064095483,-0.005490639936178918,0.0,-0.004895456284284588,-0.008754906766116614,-0.005220141001045703,-0.0007142341788858031,-0.0015542122721672186,-0.0003958531701937218,0.0,-0.012249090620316577,0.0,0.0,-0.005498692281544195,2.091418020427893e-05,-0.020968545228242874,-0.007458207397139635,-0.0007725279685110043,-0.0013389689289033304,-0.0004960629902780039,-0.002756033809855566,-0.0011398129537701761,-0.03484764868393542,-0.013072805311530817,-0.008116838359273973,-0.11466773380117957,0.005877809398807582,-6.680954247715101e-05,0.010027919025160356,-0.0003727032616734627
-0.0002232572808861799,0.05960228012874723,-0.0047564582154154544,-0.05647756308317185,-0.012189160026609885,-0.0019326752424239924,-0.020479135895147924,-0.06019352920353413,-0.0036707792431115993,-0.006112128905951961,-0.0005723811965435699,-0.009546176344156276,-0.003356212861835961,0.0,-0.0033071550726890414,0.0006302301771938801,-0.011843452751636535,0.0005548452585935337,-0.013578831627964971,0.0,-0.003178087472915675,-0.009444468021392816,-0.0022737949341535557,-0.0010674783587455716,0.0024418613873422312,-0.001185024417936803,0.0,-0.01834624754264952,0.0,0.0,-0.029074036777019502,0.0036513366363942756,-0.010199407339096106,0.0,-0.003559297472238543,0.029240110889077187,0.0009129731357097465,-0.00841733701527117,-0.0003703805804252669,0.0035513917915523108,0.027957667019218202,0.011727029345929618,-0.026541266348212952,-0.011647224016487573,-0.002452710978686823,0.004672159682959337,-0.00754823312163351
-0.008081814041361237,-0.044667588537558915,-0.00047776572406290317,-0.06294640351086854,-0.019144319370388976,-0.003251508818939325,0.012858927892521008,-0.06686146026477219,-0.0006732847192324337,-0.004142032442614458,0.0018549232534132848,-0.0023272156296298002,-0.0019066153839230396,0.0,-0.0008705155551433502,0.0016337969154119614,-0.005031454656273124,0.0020418553706258308,-0.012489174492657198,0.0,-0.004053319115191686,-0.004511841535568252,-0.0015945691987872095,-0.0019347313977778197,-0.0015321513637900248,-7.300301920622199e-05,0.0,-0.008089516386389717,0.0,0.0,-0.014296854920685297,0.0001534867193549866,-0.006056398805230843,0.0,-0.0037583816004917014,0.006140597257763131,-5.916925612836632e-05,-0.0012166459579020829,-0.0014576800353825053,-0.024416643346194186,0.00023020398803054454,-0.009162030685693007,-0.09685013300972059,-0.0006153425388038024,0.0016234378283843578,0.0022394279902800893,-0.004862329708412291
0.013280933564528835,0.03466162225231528,0.003098031654953981,-0.037710252851247766,-0.018869374394416827,-0.004429624229669582,-0.03935735553503035,0.056333426656201446,1.2155268341279557e-05,-0.004263124186545605,0.0032344513386488305,-0.009750464800745262,0.03883489582687616,0.0,0.03738815700635316,0.0022522601112723306,-0.0037997734546661166,0.0027093991637230086,-0.006858488917350775,0.0,-0.000258380174636863,-0.006529816091060625,-0.004240705836564315,0.0007079300284385664,-0.0013806172274053036,-0.0010891237854957214,0.0,0.012344846343621596,0.0,0.0,-0.0177744883298874,-0.0004843987524509319,-0.01228407949209212,0.0,0.000423517972230919,-0.018167302338406438,0.002306375950574868,-0.0043990188091992954,-0.0006657563149929102,-0.12596091665327552,-0.01984899058938025,-0.024285247139632718,0.05564526960253714,-0.008558768313378096,-0.0003625383041798991,-0.002320331819355509,-0.005594641715288201
-0.011971956640481951,0.08397664254531265,-0.00577471807599067,-0.024479595124721504,-0.01445253610610961,-0.00661481529474256,-0.05257080061361194,0.07238957364112142,0.00021785201504828655,-0.001978409588336949,0.004849436506629001,-0.013807228431105628,-0.001205482184886919,0.0,-0.0012496280670166449,-0.0003537733852863323,-0.0032037127017974787,-0.0008063662052154585,-0.004841853231191656,0.0,-0.002915953695774076,-0.005953210890293131,-0.004185927808284778,0.0003364154696464394,-0.0017049039900302876,-0.00025285467505453685,0.0,0.009194240067154191,0.0,0.0,0.035758144324645386,-0.00027739584445951593,-0.008681551814079314,0.0,-0.002542896717786791,0.010058718137443079,0.0007089345902204502,-0.0030289334058761774,0.0016621530055999367,-0.056192462034523494,-0.029707152694463723,0.020771509250625958,0.018282178081572065,0.0036748326197266756,0.0015821305662393759,-0.003318605348467868,-0.006979401111602751
0.0028370106220245717,0.04024757711216809,0.011521399542689353,-0.026177959442138687,-0.007628175914287549,-0.0019083493947982533,0.00687279127538204,-0.03202512085437775,-0.00036455556750300544,-0.0014540455304086208,-0.0012953659892082081,0.009025368839502335,-0.0002675792574882707,0.0,-0.000985823869705138,0.0013934832811355602,0.007550588734447972,0.001388600170612292,0.002750958278775195,0.0,0.017894514631479952,0.04843090792186558,-0.001177246496081391,0.0017396229505539096,0.0010425765812396848,-0.0005344566702842612,0.0,0.0016146601736545807,0.0,0.0,-0.009698088169097896,-0.0017422441393137866,-0.009150424599647489,0.0,7.439762353894652e-05,0.0010154785215854556,8.808799088003139e-05,-0.002553978040814392,-0.005310830548405698,0.10136711284518246,-0.0011582599580288178,0.004421521872282036,-0.033622639477252914,-0.0045586621761321555,0.0010600659251213118,0.002342496216297174,-0.0017100891470909763
-0.0005682017933577137,-0.044644070630893096,0.00034802991896867863,-0.04240617604926229,-0.026310340613126745,-0.011805512607097626,0.006565053304657318,-0.05589485613629221,-0.0017725784517824694,-0.0032966620009392614,-0.001830747863277804,-0.001176065364852527,-0.009756359895691277,0.0,-0.0023835861682891812,0.0011778443120419799,-0.0055933761969208795,-0.0006074601784348405,-0.013347166962921625,0.0,-0.005577915012836443,-0.008399275168776525,-0.002030518092215043,-3.678053617478527e-05,-0.0014608732238411831,-0.0009771678131073602,0.0,0.009677469213493176,0.0,0.0,-0.009289179742336295,-0.003021173905581251,-0.010954705923795688,0.0,-0.0032542970590293263,0.0032505479175597637,0.002913810713216655,-0.006424760110676289,-0.0005835571885108998,-0.009873562129214412,-0.010082428222522151,-0.008928889073431492,-0.10165720594115556,-0.005051993252709511,0.00019618403166531823,0.00392711974680425,0.010471351309679439
-0.007329018311575064,0.06270766476169226,0.005869317618198672,-0.03622323811054229,-0.013984418809413895,-0.0011056876182555797,0.018735127728432416,-0.04808474414050576,-0.0020771995186805725,0.030118979513645172,0.019434122219681743,0.0016854008892550898,-0.0028024379163980317,0.0,-0.003484536558389678,0.0023483538627624145,-0.005977916121482851,-0.008404709696769708,0.007552790972404189,0.0,-0.004260392785072342,-0.0036983925104140947,-0.0017487774789333443,-0.0006985595822334156,-0.001203505825251333,-0.0022314828634261985,0.0,0.00376712562516332,0.0,0.0,-0.009614451974630372,0.004072503740899264,-0.009292687773704539,0.0,-0.0030217438936233354,-0.003673755303025217,0.0004343467950820856,-0.004409141279757001,0.0005708876252174533,0.01498606658540666,0.0017562372609972732,-0.004366581104695788,0.10945109152235089,0.003334644809365239,-0.003313399795442845,0.0023479006346315,-0.0049571514129638505
0.007908829282969237,-0.042089537493884555,0.004956934787333028,-0.031100962609052665,-0.01159384116530418,-0.005900444239377967,-0.0008255524095147904,-0.03890351161360742,-0.00021236747503280973,-0.00637142591178419,-0.0016556824743747811,-0.022174472641199844,-0.001488546654582007,0.0,-0.0018430578708648893,0.0017118041962385366,-0.003511842116713515,0.0026613923721015426,0.0021799001283943353,0.0,-0.00047771275043487216,-0.005967041254043598,-0.0018316519260406505,0.0010148316621780562,-0.004037158414721478,-0.001119999326765514,0.0,0.014100387021899197,0.0,0.0,0.026807087361812573,-0.0015252824127673925,-0.010688100010156631,-0.002646909393370145,-0.0066658431291579945,0.005195955531671598,-0.00013549715280533614,-0.004764187261462188,-0.0009634560346603593,0.005845989277586339,-0.020414043823257066,-0.010609010579064493,0.02610885324887932,0.009018159620463845,-0.004205160066485386,0.00628996782004837,-0.0002737982571125175
0.0030148184113204454,-0.04555258807726205,-0.0008966451138258114,-0.04508252248167991,-0.005086636170744891,-0.00367818087339402,0.006821460751816631,-0.04115395475178958,-0.00011766074225305796,-0.00298107971437276,0.002126921648159627,-0.013722083019092668,-0.007547835800796741,0.0,-0.003298397660255418,0.0014242704212665686,-0.0039042173139750974,0.004688890762627122,-0.0012168968841433491,0.0,0.0006578531861305484,-0.008271279651671674,-0.0032301375642418834,-0.0003062029555439931,-0.0017028128914534958,-0.00048406012356282807,0.0,-0.014739774260669955,0.0,0.0,-0.010130602046847362,8.168199099602841e-05,-0.007421922646462926,0.0,-0.00024089818820358794,-0.00705736794508993,-8.772796019911044e-05,-0.006811599638313043,-0.00041474314406513,-0.07040739295072852,-0.011672756373882296,-0.0020828162506222707,-0.05475469179451468,-0.0021445729490369436,0.002042098538950071,-0.0015077168866992063,-0.008370769750326877
-0.014092264026403428,0.08964991133660075,-0.0019553764164447762,-0.02615287810564043,-0.01817097693681713,0.00012109935283660667,0.007935927100479606,-0.04000683650374412,0.0019613661989569264,0.012552262088283889,0.004591351300477969,-0.00771078456193211,0.02383147150278092,0.0,0.03280755497515203,0.001147578358650203,-0.00670132562518122,-0.005957886129617673,-0.014740964770317083,0.0,-0.002241178750991807,-0.002495585680007961,-0.0022493987530469994,0.0005946701765060236,-0.0028982079029082897,-0.0009491623938083782,0.0,-0.009939016085118046,0.0,0.0,0.007261349949985757,0.000316704483702801,-0.006896306276321373,0.0,-0.005323255360126511,0.001984744900837554,0.00026857830584048337,-0.0049220195412635614,0.010469010807573814,-0.059401382245123396,0.008992440961301335,0.0034594663232564715,0.08806244933046398,0.011063824333250538,-0.0017909576743841138,0.0019053602591157237,-0.0028488097339868512
0.001337867379188562,0.04524710213765501,-0.013306827582418912,0.075431689620018,-0.007435736656188963,0.010182051509618817,0.028932870328426397,0.02430763512849804,4.13638353348178e-05,-0.0006530269980430381,0.00015990060754123014,0.0012931425124406426,0.015638810843229295,0.0,-0.0038860867917537845,-0.0024505347013473733,-0.0013958877325057906,0.0077333268523216425,0.007294224202632871,0.0,0.022989244163036437,0.010276944637298613,0.0026109172403812053,0.0018220916390418451,0.0009424158930778637,0.0001537957787513533,0.0,0.010109843276441072,0.0,0.0,0.030026316018775118,0.0003666990995407349,-0.002603111267089897,0.0,9.617567062381038e-05,0.009932961128652107,0.00019964378327128052,0.0018680348247289702,-0.0011566749215125571,0.10287911981344217,-0.021300376951694455,-0.006883185952901882,0.08424293329939245,-0.003229925036430381,-0.002260061800479829,0.029032211899757354,-0.0017852619290351646
-0.0008521049004048126,-0.03391470263712108,-0.002957105096429594,-0.03158907481469213,-0.019050795957446104,-0.00720077589154243,0.017981172441504892,-0.021299747489392763,-0.0008384663239121432,-0.004580900138244026,0.0021803210675716417,0.004677296215668314,-0.006533837970346193,0.0,-0.0008437946159392477,0.0015217065252363816,-0.008151877932250487,0.0013123995624482465,-0.00955611463636161,0.0,-0.004526400002650909,-0.01752529803663494,0.00047144678421317567,-0.0019241279363632208,-6.806366145625797e-06,-0.0004806897370144836,-0.07591363815590739,0.0007741241995245195,0.0,0.0,-0.013898759288713342,0.0013391546858474573,-0.0033468435797840415,0.0,-0.0037586781475693106,0.007517917228396981,-0.00028269300935790387,-0.002858199123293173,-0.001364047294482573,0.0015421397518366811,0.0038230789359658957,-0.009083497966639695,-0.14028344636550172,0.004752008821815271,-0.00020187654532491384,0.0015615133987739623,-0.009715894993860275
0.00019988815300170382,0.05300581550225619,0.014890668466687212,-0.030348125994205444,-0.020213082432746887,0.005310821533203114,0.007631038278341301,-0.038566714674234365,-0.001545478384941873,0.013463550657033918,0.01358453523367642,0.011682920083403575,-0.00019909884780650033,0.0,-0.0011718393862247267,2.3361779749403455e-05,0.07005878739058971,-0.0004438284784555324,0.015436401106417141,0.0,-0.0013814073801040605,-0.001300094425678272,0.0003520885668694962,-0.0013784769177436762,-0.0010878722742199975,-0.0010618584975600476,0.0,0.00722530255094167,0.0,0.0,0.05380864460021259,0.00035032663494352634,-0.006968252658844015,0.0,-0.003601471185684213,-0.004427152574062371,2.8975307941381256e-05,-0.003395417407155016,7.210552692413219e-05,0.012916579255834226,0.012392314076423633,0.0321783018857241,-0.06652623392641543,0.00018637385219338887,-0.0011977906432002194,0.0008224281109869835,0.004290249971672877
0.0011850454751402145,-0.08505567142739892,-0.0028208310529589664,-0.03807857058942318,-0.01917469613254069,-0.010194086283445356,-5.483523011205749e-05,-0.04826507169753315,-0.0010326310247182474,0.02350111296400431,0.011349756438285105,-0.008957438021898315,-0.002983808442950278,0.0,-0.0014622142165899438,0.0025547431595623338,-0.00913124978542329,-0.005688002109527579,-0.010536859221756449,0.0,-0.005225000381469724,-0.004905494451522829,-0.0001620232313871428,0.0020216145366430266,0.0004854201152920262,-0.0010545659810304725,0.0,-0.007405024287290868,0.0,0.0,-0.014988411329686618,0.0036992919165641097,-0.003319250643253363,0.0,-0.00326688513159748,0.010117513630539171,-0.003486541206948468,-0.0025325790047645014,-0.002519113123416891,0.14439840441569685,8.593552745876643e-05,0.002239717412739997,-0.1571221604757011,0.026226187720894828,-0.003643103428184996,0.016769541348330683,0.03328610576223584
0.011926343124359834,-0.043908902825787646,-0.003613123539835214,-0.027518319077789788,-0.027013643644750125,-0.006188994050025945,0.0035247337864712097,-0.06862223297357559,0.0013706800900399607,-0.004683878850191829,0.00033487591892479573,-0.0035398816969245787,-0.004910481572151182,0.0,-0.0030453274399042107,0.0008112330734729861,-0.005252624563872793,0.00019475959241389493,-0.0044274570979178085,0.0,-0.0023825177550315935,-0.00615459993481636,-0.0028563267085701394,0.001164070516824739,-0.0013219769485294693,-0.0018747487291693801,0.0,0.009303198559209705,0.0,0.0,0.016909278659149984,0.0005866635031998024,-0.00975012980401517,0.0,-0.002399320583790554,-0.004988022428005917,-0.0002181256655603668,-0.009034617841243736,-0.0019081278890371242,-0.12411337407305836,-0.003225179812870918,-0.011467432444915167,0.011754569532349712,-0.006255948757752795,0.0008364291954785635,-0.017071106219664206,-0.006390396654605848
-0.011578735699877107,0.019469864228740363,-0.0013410735130310325,0.20971385687589644,0.07367212496697906,0.029142123777419315,0.0006161038205027836,0.036911929016932854,0.0038912890292704394,0.006791176386177544,0.0013629899267107448,0.0001586303114890497,0.0005293080210685419,0.0,-0.0011772483587264848,0.001280807554721819,-0.00011454254388809648,0.003187586218118682,-0.005158512890338862,0.0,-0.0006170457601547552,-0.0032069128751755216,-0.0037442276254296414,-8.523643016813964e-05,5.46087138354745e-05,-0.001362814530730283,0.0,-0.009747411310672749,0.0,0.0,-0.0034980815649032215,0.004360423684120152,-0.004482918381690987,0.0,-0.001068138927221296,-0.0031899793725460868,0.0007331451214849516,-0.002499287724494925,-0.002649623155593833,0.0531581114511937,0.0005201347917318522,0.003450310975313148,0.010405359566211747,0.01947498174384235,0.007633757535368213,-0.009239913076162315,-0.005765225142240565
0.005017794128507372,-0.04080266275443136,0.0005339638795703767,-0.04222615454345942,-0.017485304884612557,-0.007771150134503843,0.04365806993097067,-0.06484754778444765,-0.00027226712554692667,-0.0030385572463274,0.002816531863063569,0.007744573485106224,-0.0036102412082254787,0.0,-0.004421844184398657,0.0009728100337088041,-0.0033026478625833994,-0.004186043841764339,0.002830119682475915,0.0,-0.0028402267396449993,-0.005173456966876988,-0.0019818692468106802,-0.003069428242743019,-0.0015555488504469285,-0.0004477611463516995,0.0,-0.01491837282665072,0.0,0.0,-0.009699356965720659,-0.0004685207828879351,-0.016065900772809977,0.0,-0.005358373820781706,0.005657257633283744,-0.002972799437120574,-0.005332782901823541,0.0005111051350832202,-0.04747859709896147,-0.0021552299242466877,-0.010037143612280489,-0.10484127139206977,0.009773425469174979,-0.0008157489076256741,-0.0031010276544839108,-0.008395553766749789
0.0035383095405995824,0.022017788290977447,-0.003511551022529591,0.14895606316626075,0.07824304491281514,0.037956168511882465,-0.004450671076774548,-0.007785048782825432,0.0020199105143546836,0.010156610459089277,0.0037253943085670538,0.0039288085699081265,-0.0007220369018614559,0.0,-0.0007139790058135753,0.0012026330828666665,0.0037440307252109006,0.00457115978002548,0.01302816028706727,0.0,-0.0006342518329620073,-0.0002576762437820346,0.0008596649765968412,0.0004913976788520347,-0.000746613591909473,-0.00035721600055699243,0.0,-0.006257293671369624,0.0,0.0,-0.004114118516445164,-0.00015953671187163287,-0.004514541625976531,0.0,-0.002305859327316251,-0.002430144250392896,0.0006566163897514521,-0.002086957171559378,-0.008243267983198188,0.12290117310825735,-0.004126361012458835,-0.0044345319271087424,0.05647517520934342,0.002138466332107819,0.0007290354371070618,0.009562730342149772,0.004540020334534323
-0.022773212604224685,0.04370014565996823,0.013341992478817732,-0.0420530518144369,-0.02166196860373021,-0.007595479488372803,0.0109649922605604,-0.07008349642157555,-0.0001447961851954449,-0.00991743660531938,-0.0017009585816413347,-0.002148083196952935,-0.0035758204385638315,0.0,-0.002058777585625643,0.0030848783440887706,-0.00656964756548406,-0.009068107418715957,0.026008933437988185,0.0,-0.002051479816436802,-0.0028278627991676353,0.0010358825512230413,-0.0029595393687486815,-0.00419176429510118,-0.002899986021220685,0.0,0.026170340068638318,0.010204959530383348,0.0,-0.015249435342848311,-0.001076915152370933,-0.009635618031024945,0.0,0.005172292524948732,-0.009668750744313004,3.4009534865625524e-05,-0.0035783046856522477,-0.005279262959957121,-0.06768226423300804,-0.02391239495016631,0.00648610944859683,-0.03154194096103309,0.044628821285441544,-0.0010476815886795443,-0.009690113635733716,-0.0032458424568176103
0.0038299637194723,-0.04030955891124903,-0.0016456021741032556,-0.05147021353244781,-0.021107333749532706,-0.005852235853672023,-0.003786709401756544,-0.05677719963714481,-0.0011990975216031319,-0.0050212922878563535,0.0025028218515217443,-0.0005679108668118493,-0.003894284777343257,0.0,-0.004666411206126216,0.0016879128664731916,-0.005642838869243862,0.007719237878918664,-0.002681327629834418,0.0,-0.007970841564238076,-0.0021963089704513765,-0.004007144086062918,0.003979333899915227,-0.0012413807027042145,-0.0008599462173878997,0.0,-0.012439374681562178,0.0,0.0,-0.0090834966674447,0.0005348344426601981,-0.011653736568987369,0.0,-0.001757892686873666,0.008063423614948998,0.0031269274652004214,-0.005613401606678961,-0.0009628081135451758,-0.004931934112682931,-0.022959630275145165,-0.012123128422535975,-0.08151729478035122,-0.004628329109400503,-0.00375381238758565,-0.0017820959258824619,-0.005015378575772042
-0.0031504961848258795,-0.03058377921581268,0.003415973186492949,0.12908893030136825,0.1389644483290613,0.049902405999600885,0.004462793394923226,-0.01425019979476927,4.7186762094475476e-05,0.0119625510647893,0.005374450087547278,0.0020283469418063693,-0.0015077537298202603,0.0,0.0027368654310703233,0.000706961397081568,-0.0007550209760666116,0.0293447643518448,0.03045786425471303,0.0,0.0006041443347931108,-0.0002662533521652355,0.014239176227711148,-0.02382833891548211,0.000304165482521046,-0.00019876360893247846,0.0,-0.000927261225879189,0.0,0.0,0.002984013855457379,0.001315369866788374,-0.004210960566997546,0.0,-0.003868185877799968,-0.022710642665624614,-0.0003432713449000868,-0.003325726687908259,-0.017391246259212567,0.12418338465504347,0.0027252465486526933,0.00602286517620082,0.041317420601844734,-0.014915733486413896,-0.0005604013800620811,0.054420147091150284,0.019080632105469675
-0.011833109995350227,-0.03159288679249585,-0.0028419727832078856,-0.036465090215206136,-0.023336824327707298,-0.008943882882595039,0.019168251110240828,-0.012570279389619812,0.0005139971151948142,-0.002612530803307908,-0.002616783534176631,-0.004460878223180795,-0.005499165002256626,0.0,-0.002345963865518566,0.003305904809385557,-0.00606531847268342,0.0025948218256234834,0.00036840148270128603,0.0,-0.003997903913259507,-0.007557269036769884,-0.0019211729615926515,-4.522800445556918e-05,-0.0009302701987326106,-0.0003408870287239657,0.0,-0.0012251403369009373,0.0,0.0,-0.014578168615698842,-0.00030224135145544284,-0.013215240687131882,0.0,-0.0006308890879154205,0.004914076211862281,0.00042423850856722345,-0.007997685745358474,-0.0007967804372310539,-0.058984224312007436,-0.004695204738527553,-0.012104687718674567,0.019305261508561655,-0.007397965411655605,-0.0017816728213802119,-0.010887959669344124,-0.001656802445650099
-0.008206155672669406,-0.03151122046168893,0.0014528413861989858,-0.045403770618140715,-0.016930784024298207,-0.0018170194327831457,0.014425735669210543,-0.08681552659720182,0.0008359691780060463,-0.00124965361785144,0.007102415515109914,0.002022807570174326,-0.0035591566935181534,0.0,-0.00227147564291956,0.0017561718821525601,-0.006676349788904183,0.0012500063329935196,-0.0041585061512887656,0.0,-0.0027921620011329834,-0.005273528248071646,-0.003359696315601457,-0.002351911403238774,-0.001959611009806378,-0.0005637970007956045,0.0,-0.012640325636602959,0.0,0.0,-0.009327684007585033,0.00020894327200948748,-0.009000850021839146,0.0,-0.0006560144014656488,0.0006317305192351241,0.00027671752963213947,-0.009262708984315374,0.00048449812456968777,-0.04284519032109528,-0.014233053438365478,-0.0006126877572387446,-0.038747092294506735,-0.003820175882428875,0.0001790656242519617,-0.00767835167236626,-0.00238972721621393
-0.014194700941443456,-0.0517186246998608,0.0004504841566085882,-0.036422978639602685,-0.018361451625823977,-0.0038001073151826825,0.024186896216124285,-0.04403192915022372,-0.000354317259043474,-0.006046909671276787,0.0001884614117443617,0.0026372396061197234,-0.004878960773348803,0.0,-0.0012228398025035947,0.0031252891570329733,-0.005853713862597934,0.00010592006146908917,-0.0025297742336988505,0.0,-0.0022212469577789218,-0.010185908973217028,-0.0035730183124542403,0.0009127888083458047,-0.002199335042387271,-0.0011087378486990956,0.0,0.0030267378594726335,0.0,0.0,0.01151911871507763,-0.0012396110594272702,-0.013805060312151896,0.0,-0.002103232070803651,-0.006936449129134409,0.00027636725455520983,-0.004981144741177557,-0.0026816453039646138,0.0024437300069257567,-0.007511569773778315,-0.012355424640700219,0.01256677366793156,0.0012097539287060505,-0.0006637778878212097,5.720071494574874e-06,-0.00044985689222809544
0.0006079956330359015,-0.06389041273389011,-0.0025615938752889533,-0.054787756949663154,-0.008473107926547534,-0.007150315791368489,0.03648978728801013,-0.07266894724220037,-0.0024591776495799383,-0.005196722019463779,0.014322930211201304,0.01118564641103148,-0.0021358403190970404,0.0,-0.0044587171450257285,0.00197987030260266,-0.006756368912756439,-0.0007985683344304412,-0.023539192266762248,0.0,-0.004984000921249388,0.0012418520450591941,-0.001093606688082234,0.0011263453960418668,-0.0013824218604713903,-0.0008193191513419171,0.0,-0.006032895785756404,0.0,0.0,-0.007274237424135216,0.00013968314044177088,-0.015255717858672135,0.0,-0.0028194854967295985,-0.0025110067892819693,-8.995886426418909e-05,-0.00744206650182605,0.0014852667972445333,-0.027575452472083248,-0.001111071980558348,-0.0076126245409250115,-0.10707642753142864,0.002289376142434768,0.004341580774635062,0.0020482106413692164,-0.0023449391312897194
-0.0018026091158390087,-0.052048565093427895,-0.0031593467853963247,-0.05088080771267414,-0.02684805318713191,-0.004130096510052677,0.02938726825639605,-0.08073701832443475,-0.0005017230473458832,-0.0024328514747321422,0.0016505496669560887,0.0002598107419907788,-0.0007384122163057172,0.0,-0.0023890898376703468,0.0009319111611694186,-0.005900749200955055,7.708445191383084e-05,-0.012238178327679636,0.0,-0.004235113114118588,-0.00954406619071961,-0.00512160077691079,-0.0006564506143331428,-0.0011001721769571537,-0.0013619619980454467,0.0,0.007762459004297839,0.0,0.0,-0.016126525141298753,-0.003605278739705675,-0.005752590876072626,0.0,-0.0004064969625323933,0.0035316818580031356,-0.00017741498537362024,-0.005333426091820002,-8.546758443116198e-05,-0.051499116523191335,-0.006651912527158865,0.0030903124064207282,-0.04498153242282567,0.0012099079973995688,-0.0031180852279067,-0.00035029824823140654,-0.005349847786128528
-0.006624010615050774,0.07742768038064242,-0.009758233949542061,-0.02108058571815491,-0.012939291596412661,-0.0029116797447204246,-0.03976208820939066,0.0850351293105632,-0.00010091856122018683,-0.0103506110515445,0.0015562621504068563,-0.016449947543442256,0.0005006888508796437,0.0,-0.0011547607183456376,0.0017136817611753952,-0.0010407138615846634,0.00016238734126092225,-0.0062717595696449024,0.0,-0.0031430819630622886,-0.005104885995388081,-0.004199389368295642,0.0016852429509162659,-0.0032394941151141776,0.005089244805276394,0.0,-0.0036826298199594265,0.0,0.0,-0.014093451574444776,-0.003476473689079246,-0.008765639662742658,0.0,-0.0011742092669010107,0.007464255653321733,0.00025510560721159203,-0.0023766233026981665,0.0006879153847694497,-0.03767139434814454,-0.016932844407856446,-0.012881588507443642,0.11894993249326943,0.03670185482129454,-0.00010350205004214241,-0.0008520472049713124,-0.001610643565654768
0.01585778574459254,0.061796694761142135,0.0031171149760484684,-0.03624353304505348,-0.0054933777451515176,-0.007222135066986074,0.023418991863727562,-0.06756271250545981,0.0019485533982515624,0.02358977895230055,-0.00011593331117182304,-0.025420572175644335,-0.002020621150732038,0.0,-0.001198121309280431,0.003215994425117996,-0.003893615305423731,0.000409487932920477,-0.009006839320063575,0.0,-0.0011475476622581637,-0.001360719203948979,-0.000539615452289588,0.00034830808639527144,-0.001535145789384823,-0.0009479959309100783,0.0,-0.012519985660910615,0.0,0.0,-0.02863763056695459,0.003031228706240674,-0.011388150155544313,0.0,-0.0027368247509002575,0.033348151445388774,0.0008099033683538481,0.05359566560946405,0.0004793107509613037,0.011372874621301904,0.03118013516999779,0.00925676088780164,-0.06608376644551753,0.02639136537909506,0.0004676144011318828,0.0003620460815727533,-0.0042334182560444245
-0.011776918005198228,0.05482798994053156,-0.0012355888634920098,-0.03368992105126381,-0.01810292452573775,-0.0015293247997760773,0.0037172762025147743,-0.038937241286039356,-0.00024116174317895256,-0.004174273731186978,-0.002126986663788577,-0.005345377307385185,-0.003457463588565579,0.0,-0.0026730646193027507,0.002837955653667429,-0.006858975291252151,0.001991404443979286,-0.007827959768474113,0.0,-0.0020438355207443026,-0.009303506761789329,-0.006669067665934586,-0.0029277236759662484,-0.0018783680070191544,-0.0013828358985483735,0.0,0.010856988569721587,0.0,0.0,0.044733795132488,0.0019694307446479764,-0.01075324594974518,0.0,-0.0022661740332841906,-0.01026658698916437,0.0002488516643643357,-0.0043331614695489296,-0.0004018910229206252,-0.10475549890194091,-0.02533782444894317,-0.006939836218953138,0.023623952018097055,-0.002600060496479234,-0.003460307177156202,-0.003646114394068728,-0.0036452794075012285
-0.014722251561470313,-0.06288287144154311,0.004615726852789506,-0.04126189272850754,-0.0285993809439242,-0.008113722559064621,0.001461351420730353,-0.051215556710958496,-0.0007892790227197327,-0.004301172248087813,0.0007844770140945888,0.004324157605878981,-0.0013442751206457718,0.0,-0.0027028721570968584,0.0015663399733603107,-0.006351760253310204,-0.0022461692010983664,0.017421351736411447,0.0,-0.00691696951165794,-0.005471174418926222,-0.005713401087559765,-0.00022215554490684353,-0.0013657165970653307,-0.000800671596080077,0.0,-0.008432825547643023,0.0,0.0,-0.008235390540212387,0.00015756413806229316,-0.01199638739228251,0.0,-0.003084205072373128,-0.006533995121717429,0.00038665161468089126,-0.006669687079265713,-0.0008793476596474642,-0.10417066437657921,0.001228229133412237,-0.010368158142082383,0.007654434775467959,0.006141828410327434,-0.00039034302812068766,-0.007472169613465654,-0.005119670107960692
0.005057381931692376,-0.04470479916781189,-0.0012779744714498525,-0.04845695201307536,-0.014421916455030409,-0.006715895570814603,-0.014706670204177489,-0.0888695279508829,-0.0018622658029198436,-0.0061306994780897794,-0.005314876027405269,0.0016410723235458502,-0.0026939891278743855,0.0,-0.0045478945225477345,0.0019408917054533903,-0.004978446029126671,-0.0007716782391071486,-0.014940458759665487,0.0,-0.004976057857275021,-0.005839553773403172,-0.006433251425623926,-0.00021121941506863084,-0.002805277314037097,-0.0013661092706024613,0.0,-0.014345071720890668,0.0,0.0,-0.012390687577426451,0.0010079322848468991,-0.010162471681833263,0.0,-0.0009875184297561679,-0.007100407285615798,-0.0007080887071788389,-0.010842361263930816,-0.0034109535813331704,0.004739440921694038,-8.663118816912285e-05,-0.00652228854130954,-0.0054325863346457726,-0.00430538131855427,0.0036904186569154396,-0.0004457932244986071,-0.0038624910265207257
0.0008178095147013606,-0.04250159893650563,-0.0011113143898546594,-0.060933380685746656,-0.008892642594873915,-0.008452943786978733,0.008602309301495562,-0.04743848631158473,-0.0008422548882663222,-0.001423491612076758,0.000625762185081865,-0.00012615445069968229,-0.004786085728555926,0.0,-0.002813352355733524,0.0011221665889024832,-0.005285159219056364,0.0003507190290838423,-0.003013550899922862,0.0,-0.006176343932747845,-0.012754090353846552,-0.002652376117184746,0.0011520185042172646,-0.00015929698944093518,-0.000303743034601206,0.0,-0.007493056356906889,0.0,0.0,-0.00921890824101865,0.0003253302769735539,-0.01033353313803672,0.0,-0.0005884331278502783,0.007271293560042984,-0.0002025737240910607,-0.005137292211875328,0.0011865308508276773,-0.007980506834574044,-0.015567280175164335,0.002739876853302105,-0.11980139663442967,-0.006550410450436174,0.0006153338681906383,-0.004171662619337418,-0.004002045355737213
-0.0043148276954889375,-0.04121493976563215,-0.008551936252042674,-0.04767342969775197,-0.018940672129392627,-0.001557518839836125,-0.013848942145705215,-0.060621035993099176,0.005590149918571097,0.0027997156232595632,0.012154537606984372,-0.0017423273622989843,-0.004099581185728313,0.0,-0.001639839708805102,-0.00017516113817692136,0.05137092410586777,0.0046026423573493624,0.048689761115238095,0.0,-0.004695734232664089,-0.008449781388044392,-0.001140080839395513,0.0025050834566354707,-0.002630373984575246,-0.0029510534554720025,0.0,-0.00039385247044265714,0.0,0.0,-0.027608547210693363,0.0013827850390225882,-0.004424064457416554,0.0,-0.00282630915287882,-0.0033156138146296366,0.0008589274436235639,-0.008572344779968294,-0.000506613701581976,0.005759493689984102,-0.04109300673007965,-0.0048288771882653014,-0.031004184391349554,0.018963586073368774,0.0026736002508551127,0.09789894299581646,-0.006113143414258948
0.0076378289423883056,-0.05331908080726863,-0.005747286491096015,-0.05290262833237647,-0.015319014191627511,-0.007688403427600854,0.04155284713953733,-0.08625854201614855,0.0005531784798950001,-0.0020677528530359396,0.003437971398234374,-0.0025390929216518865,-0.005755290165543547,0.0,-0.0037995231151580766,0.0015214463323354743,-0.00991725016385317,-0.01517533015459778,0.027171000842936333,0.0,-0.00688133269548416,-0.0016519087553024114,0.0005474919266998807,0.0008225220441818171,-0.002300388049334301,-0.0018005221150815542,0.0,0.02874101193621753,0.0,0.0,-0.033015728443861,0.003530498938634996,-0.011197996586561232,0.0,-0.0015890119969844546,0.009732322758063669,-0.0005267819110304217,0.08739421360194682,0.0006276136636733931,0.053098783884197476,-0.022807913050055514,0.005034773079678409,-0.07702887454070148,-0.03400052859447897,0.0075670394022017695,0.004365300424397006,-0.005037447214126606
-0.01066680626012384,-0.0542985371220857,0.0007592033874243669,-0.039734847508370884,-0.023789354488253575,-0.007172141447663302,0.029921318581327808,-0.080846764780581,-0.0016311014723032688,-0.00359945538453757,-0.0031350058224052235,-0.00027593010105193133,-0.00032407995313407656,0.0,-0.0016132363677024732,0.00035295119509100303,-0.006368232257664197,0.003994022109545747,0.0073293302115052875,0.0,-0.008736380338668831,-0.001375964581966399,0.001604095846414584,0.0028769791126251193,-0.0001327393576502911,-0.00026382236741483156,0.0,-0.023098884997889403,0.0,0.0,-0.026369246877729888,0.00047950162552297393,-0.015933071151375752,0.0,2.5255009531988115e-05,-0.014505716371349994,0.00010728650726377076,-0.003104890361428265,-0.00012696048244833363,0.0008548842556774655,0.013982550622895336,-0.010394336613826452,-0.05724953409284353,-0.003935055867768808,0.00029552017338572295,-0.01343185530975462,-0.007384948357939722
-0.013934313319623498,0.07526895791292189,0.00848799455910923,-0.04286923214793206,-0.01605231434106827,-0.00947555154561995,0.009731266051530851,-0.04735963076353074,-0.0015935548581183234,-0.005784496208652845,-0.00759209312498571,0.009245189279317861,-0.0029504927434027273,0.0,-0.0019059486687183491,0.0003478704392909926,0.04846692332066596,0.0008650106191634976,0.023617144748568547,0.0,-0.0021268326044082686,-0.0048237684369087375,-0.004342675507068627,0.00026248157024383323,-0.0024129070062189895,-0.0011254602670669744,0.0,0.015092520657926795,0.0,0.0,0.03646972310729325,-8.840490132568102e-05,-0.005795759260654454,0.0,-0.0027430368959903417,0.005840742178261277,0.0004008643329143635,-0.006280202046036715,-0.0016947360336780903,-0.05730487903580067,-0.027063499018549916,-0.003945563891902593,0.03303178403526544,0.0013538442179560906,-0.0024549922160804483,-0.0011334635037928698,-0.008523255735635726
-0.0012597810663282638,0.03489430894143877,0.0033624920248985224,-0.011647491455078124,-0.010395435094833372,-0.00012853920459743318,-0.019550768435001364,0.03739199340343474,0.0004322245717048312,-0.002285452187061332,0.001427125334739765,-0.0032616567611694625,-0.002759339958429363,0.0,-0.0014945197105407648,0.0009166938066482444,-0.005579290613532045,0.0004867327213287087,-0.008279483765363721,0.0,0.06336410067975518,0.1257514931820333,0.00020927608013152077,0.001481522917747502,0.003317702710628534,-0.00047226190567023485,0.0,0.001952042449265723,0.0,0.0,0.018281255215406467,-5.146890878676702e-05,-0.004596924185752804,0.0,-0.0022330439090728627,0.0014767058659344579,0.00011214829050004704,-0.0025534582883119383,0.018071090606972595,0.028318839371204385,-0.01250595837831503,0.012104584574699373,0.07090489462018015,-0.017243798524141263,-0.003072340041399002,-0.0011106647923588286,-0.005641383230686192
-0.005940226903185242,-0.05137996407691388,-0.005342582929879443,-0.0359254890307784,-0.009261939525604237,-0.012730561792850481,0.0026343716681003666,-0.06555723603814842,0.0006270946841686748,-0.0029627127572893763,0.010386869874782836,-0.001894228323362765,-0.0026810261979699074,0.0,-0.00036349907517432833,0.001265830658376238,-0.007483299076557162,0.001368835940957068,-0.0065332907391712075,0.0,-0.008473170697689048,-0.0058579728007316645,-0.002477515637874607,-0.0014155168831348486,-0.002020337469875816,-0.001934459600597599,0.0,0.016318138260394313,0.0,0.0,-0.014851453937590117,-0.00690208324231209,-0.011603899933397777,0.0,-0.002162270788103368,-0.006306598065420974,-2.1980777382864247e-05,-0.002511700615286827,-0.0018937776982784274,-0.00802133161574603,-0.004990408411249522,-0.004603759376332166,-0.10845591882243752,0.01713983360212297,-0.0018750537931919165,-0.0014081410970538943,-0.0013276370847597474
0.00467787117697302,0.08445491403341293,-0.0013436380028725159,0.1884913619887084,0.08653986155986784,-0.004360047578811643,-0.011534730158746204,-0.016869692355394317,0.0002480888366698797,-0.00017866462469101618,0.0003896750509739255,0.0015399460960179856,-0.0027351628243923176,0.0,-0.004659083485603344,0.0015372093766927164,-0.0024306941032409823,0.012213593721389804,-0.003458231389522587,0.0,-0.0011417680978775269,-0.001123509407043477,-0.0005179594457149217,0.0017691190540790602,-0.0077466583251952215,-0.0006073451042175049,0.0,0.007982914764434107,0.0,0.0,0.00755172036588192,0.0029565437138080186,0.1158220497425646,0.0,-0.0009237140417099332,0.0444299986958504,0.0008276677131652532,-0.00277034088969233,-0.002898970544338242,-0.027667235033586618,0.002671851925551888,-0.005817756764590787,-0.012182010710239444,0.012532881200313595,-0.0001103549171239393,0.0011903954483568624,-0.0001286651194095101
0.0007389363739639387,-0.04767574045807123,-0.005284388912841692,-0.03216253340244295,-0.026215181052684805,-0.004442402869463,0.007861672788858437,-0.05792089343070983,-0.0005185830965638155,-0.0038239749707281723,0.012961944313719859,-0.008833152577280984,-0.0019335423037409732,0.0,-0.001969662979245168,0.0021128969267010522,-0.004141635224223131,0.0020261789299547417,0.006122945407405475,0.0,-0.010355009138584129,-0.0033861309289932306,-0.0028216331033036057,-0.002318435609340669,6.798102986066423e-05,-0.0009653738141059964,0.0,-0.02098575944080948,0.0,0.0,-0.008038664162158954,-0.0025879073888063486,-0.013332484215497972,0.0,-0.0006127784401178393,0.0005544385313987765,-0.00016940697561947105,-0.004305733181536195,-0.002619591951370237,0.0173034158255905,-0.01077139282599092,-0.005272170314565283,0.03442322310525922,-0.0034282707422971515,-0.002637891937047221,-0.020425426689907877,-0.0059091799706220555
0.0248950778320432,0.04695184163749214,-0.00378727085888389,-0.028556415587663614,-0.014855112433433515,0.0021931460499763356,0.0231133098527789,-0.029246458411216758,0.0006280287355184544,-0.0032566398009657993,0.0012696608901023865,0.0030171784944832414,0.026746919406577946,0.0,0.03336923188529908,0.0015614333190024088,-0.003509995415806766,0.001529173702001535,-0.006295208930969187,0.0,-0.0016630136966705178,-0.005756739974021929,-0.004162799939513212,0.0008157780766487321,-0.0009289662539958832,-0.0015857622027397322,0.0,0.008767656460404394,0.0,0.0,0.026113050058484077,0.0020806615054607402,-0.008447245657444008,0.0,-0.0005638819932937411,-0.0054188653454184665,0.0003025356587022521,-0.005176024064421664,-0.0015576177835464333,-0.04150471732020375,-0.013478906070813534,0.004951029233634441,0.05071493428200485,-0.007304009962827013,0.0039169860072434115,-0.0008314750343561272,-0.00225803345441819
-0.0019135423377156235,0.03740702165290713,-0.0009614264965057406,-0.029390275776386254,-0.014488336518406864,-0.0003919798135757213,0.04291831335984175,0.07252826569601892,-0.0017986241634935507,0.02444818362593648,-0.0006723121646791674,0.0033801223803311964,0.030164944007992772,0.0,0.018212930094450713,-3.481179475783858e-05,-0.005556386262178414,0.00041257366538047235,-0.008828898519277595,0.0,-0.002098362445831309,-0.00551304250955581,-0.0035165142640471714,-1.8925964832300357e-05,-0.0022674676775932545,-0.0024487334769218994,0.0,0.0016228375770151737,0.0,0.0,-0.006279446035623526,-0.0021701567992567783,-0.012407123446464552,0.0,-0.005784191787242932,0.005094289444386918,0.00033460114151240283,-0.008009568601846734,-0.0018327453732490395,0.019953874172642855,-0.002318397946655726,-0.004790919888764594,0.040594276040792465,-0.04551140422001479,-0.0019410399906337472,-0.0018577085621654943,-0.004007653966546065
0.0008562705479562283,0.05939367096871137,0.00795045787468554,-0.036088302880525586,-0.011374113559722898,-0.006920312643051152,-0.01278413185849786,0.06716490620747209,-0.001337840035557758,-0.005025259107351299,0.0030825088918209065,-0.020383991021662967,-0.0005303250253200775,0.0,0.00012712076306342635,0.001993933739140641,-0.010527998805046096,-0.001539698541164397,-0.007903987094759951,0.0,-0.0009300112724304199,-0.010150866955518714,-0.004610713422298435,0.0007770636677742193,-0.0031287133134901557,-0.0019736168906092644,0.0,-0.00026310099288820443,0.0,0.0,-0.022709466889500624,-0.0018288546614348977,-0.019231170564889905,0.0,-0.005511605441570283,-0.004628806263208413,-7.180716842414281e-05,-0.0036807370930909966,-0.004919889867305766,-0.04352259553968904,-0.01001819245517252,-0.014258300550281988,-0.01826889953576029,-0.024835817674174893,0.0048329625371843765,-0.0100981542468071,-0.004846361577510838
-0.01028073944151403,-0.044540238953195505,0.0004152938723563926,-0.029498489201068873,-0.00900461375713349,-0.002570141255855557,0.01629128277301789,-0.024985887557268133,0.0008326909691095397,0.03464229144155981,0.013501428887248035,-0.0063520340900868055,-0.005180021002888668,0.0,-0.004012909829616579,0.0012653389573097085,-0.005450922101736061,0.003106095790863045,-0.00635883733630177,0.0,-0.004051604568958284,-0.003608689010143301,-0.0009757076203822934,-0.0007482223212718908,-0.0032392165064811795,-0.0011095740646124008,0.0,0.011134501518681672,0.0,0.0,0.01364632427692411,-0.0005532386898994268,-0.009060401916503924,0.0,-0.0033316102623939248,0.0027807091921568106,0.0006996249407529576,-0.0036311006918549604,0.036239179940894234,0.012079353099688883,-0.01846241562627257,-0.005753482729196541,0.1346633161744103,-0.009166161566972753,-0.00227434158325196,0.0011896938737481766,-0.010058774352073668
-0.001495321700349439,0.06726366661489014,-0.0029520714282989524,-0.024512222409248385,-0.018804621994495396,-0.0041184002161025746,-0.0036268334090709398,-0.04058328472077846,-0.00022297684103250726,-0.0038272295705973902,0.0020732055790722292,0.003914890401065352,-0.0035199148580432327,0.0,-0.0009789058566093412,0.002425028830766701,-0.0031015263497829737,0.0012212052941322216,-0.008557654209434995,0.0,-0.0022194331884384244,-0.0017004847526550237,-0.0017733180522918612,-0.002542823553085327,-0.0012704697251319785,-0.00041474759578705167,0.0,-0.005117371352389433,0.0,0.0,0.029925754936411975,0.0013511660695076089,-0.009217771291732818,0.0,-0.0052772977948188915,0.003323063403367965,3.5581812262514e-05,-0.0033281142264604546,0.029360706508159667,0.008999628489837042,-0.021870071627199672,0.0296205112338066,0.10567307930439715,-0.00107355948537588,-2.0267795771383712e-05,0.006044533466920243,-0.0025719580054283098
0.008904599584639072,-0.04910343200899661,-0.0011303799413144647,-0.05246690021827817,-0.014804678820073608,-0.0037929009646177347,0.019404699280858057,-0.07969977203756572,-0.0009371000900864485,-0.008302559209987542,0.0013993813935667294,0.00027255609631538294,-0.0037389193288981937,0.0,-0.001809039581567036,0.0010685698129236643,-0.0019590198993682806,-0.0007497321441769372,-0.016160974632948646,0.0,-0.003385018706321699,-0.008501789718866365,-0.0003553541749715672,-0.00021708047017456392,-0.0023127433843910528,-0.002539916075766077,0.0,-0.00032353228889404895,0.0,0.0,-0.02238876181654635,-0.008901845254004018,-0.004045066218823199,0.0,-0.003582015000283722,0.016451764297671603,-0.0010147513216361148,-0.004523158092051727,-0.0011077789030969117,-0.0074120654538273635,0.0050624059140682125,-0.002577509162947529,-0.1105864475062117,0.0016153961187228422,0.0032361526414751846,-0.004311273610219352,-0.002486342974007124
0.004706849800422769,-0.042471020119264735,-0.00170795801561327,-0.04835728835314513,-0.009383639805018884,-0.006039906963706012,-0.01289411765523256,-0.03463287152349949,0.0017774145025760135,-0.002531196605414166,0.0016141406446695261,0.018261311408132308,-0.004122208487242443,0.0,-0.005822334438562407,-0.0001372048445045862,-0.00710986331105232,0.0034924556734040463,-0.01594692176207899,0.0,-0.00619123123586178,-0.0036749553680419933,0.000703403940424327,-0.00029330804944040223,-0.00046973599120975207,-0.0047692092694342075,0.0,-0.01186719110235572,0.0,0.0,-0.021717528924345947,0.001438233321532617,-0.011145197264850137,0.0,-0.00318116728216411,0.005534851942211413,9.44544468074876e-05,-0.008207236258313072,-0.0019332196563482257,-0.07457566377241164,-0.023059218274429458,-0.01243206328712402,-0.02541359176859259,-0.0038595786970108716,0.009175309343263494,0.0005161016201600532,-0.0024876070395112027
-0.0017734480369836214,0.04551168209873138,0.002735597742721446,0.18667131200432774,-0.01300317287445063,0.04790965478867293,-0.002039215862750937,0.03049234822392466,-0.002412599325180065,-0.005088928639888773,-0.004053054992109534,0.001592681393958656,-0.0015529305487870793,0.0,-0.0020426532626152127,0.0009382761269807471,-0.006032482832670244,-0.012759113512001957,0.010144695937633508,0.0,0.004207773208618176,-0.00290541052818305,-0.0017545175552367565,-0.0013713648915290588,-0.0020303738117218584,0.0008093601465225531,0.0,0.015457968115806575,0.0,0.0,0.017693194495514014,0.0015513238031417131,-0.005783016681671138,0.0,0.014945348948240261,0.05035176706966016,0.000334953963756518,-0.0046230498701334,-0.00282682485878466,-0.036166021823883066,0.03594666418153791,0.011020486028865017,0.016504233228042703,0.0026833970658481365,0.0015187723375856832,-0.00024507872760293203,0.0015991747379302534
-0.006508564706891762,0.057642841972410666,-0.0010039180517196766,-0.03445949375629423,-0.01673240393400191,-0.001940499544143659,7.123812101780813e-05,-0.046764625757932665,-0.0036820693314075226,-0.004277509152889242,0.004426155872643001,0.0022673691809177443,-0.0022434955090284425,0.0,-0.003038931936025613,0.002481342609971765,-0.009787958413362524,0.0020787115022539993,-0.001708273626863932,0.0,-0.0019320607185364103,-0.004070892333984361,-0.0014446929376571993,-0.0037818467617034973,-0.0014803206361830024,-0.0020336323231458786,0.0,0.011318213026970642,0.0,0.0,0.03238795379176734,0.0024978622049093013,-0.008713073134422294,0.0,-0.0017530354112386681,-0.0045387534797191875,0.0008999965479597472,-0.004761843467131266,-0.003949086815118769,-0.05319842938333752,0.007860745042562484,-0.024361627455800783,0.028182530780322845,-0.0030872057657689023,0.006163222733885032,-0.008491708785295482,0.03956775171682239
-0.00676138579845427,-0.07899517621845008,-0.005874839704483756,-0.04429676130414008,-0.028728372007608416,-0.003270331025123571,0.0006051778607070457,-0.036701052077114604,0.0005894719809293736,-0.004728228105232143,-0.0010571394860744293,0.005539614274166549,-0.006442678282037387,0.0,-0.0027118434011936254,0.0009761690720915678,-0.005099297445267437,-0.00017999030649662462,-0.014535468798130738,0.0,-0.00036711663007736595,-0.006978397369384742,-0.003903299104422303,-0.0006886677816510256,-0.0012386867776512933,-0.00162257190793752,0.0,0.010415298957377667,0.0,0.0,0.015258632767945507,-0.0002270576264709178,-0.0130478958785534,0.0,-0.001315236240625392,-0.009582405183464301,-0.00032297693192959165,-0.003818200454115874,-0.002964827343821516,-0.11009327357634903,-0.00019221506081522344,0.0070999829471111164,-0.004655431080609562,0.0037663173023611413,-0.0011371848313137811,-0.0038410310354083654,-0.008549293950200099
-0.0033616961538792123,0.02877778820693494,0.008330764286220094,-0.016546556651592215,-0.01391145676374439,0.0006659001111984364,-0.016357255931943676,0.10922252811491487,0.0015151232481002697,-0.0004738522320985594,0.0030893958639353347,0.00023733288049698764,0.0013054105639457858,0.0,-0.0007854640483856423,0.001363588720560055,-0.004028233140707077,0.004407630562782261,0.02265898916870357,0.0,-0.0011279523372649813,-0.0011904811859130837,0.03860154993832113,0.017191130435094237,-0.0006863410025835237,-0.0002456164360045976,0.0,-0.001274504289031031,0.0,0.0,0.021514504179358462,0.001068593859672562,-0.0032160872220992898,0.0,-0.0008673787117004228,-0.017068078219890592,-0.0004608725011348569,-0.0005396619439124728,-0.0017279875278473078,0.016199238300323437,-0.0019271339569240653,0.030294865639880292,0.024584083557128933,0.016107485294342083,0.0019059169851243785,0.04237177014350893,-0.004184038341045415
-0.0011083112750202573,-0.06017905329354107,-0.0012097431719303026,-0.0657733503356576,-0.012191839665174467,0.001562968939542761,0.01635929968208074,-0.026994154155254378,-0.0010911939293146017,-0.003702605068683626,0.0012640127260237916,-0.0041172733157873315,-0.003790247729048138,0.0,-0.0019263400137424502,0.0015249768458306806,-0.004943650662899007,0.0014559770748019257,-0.004338016826659449,0.0,-0.0038314773142337916,-0.006801922023296353,-0.004998035896569476,0.0012058095633983579,-0.0010642554424702966,9.106136858463842e-05,0.0,-0.008543969178572294,0.0,0.0,-0.02541549090296029,0.00242250104434788,-0.01035895138978958,0.0,-0.004132171273231511,0.03970836442895232,-0.0038209350127726693,-0.004838517233729384,-0.003010149076580995,0.04935574290342627,0.027806237656623115,-0.0035919253155588943,-0.15759881450794638,-0.006552515365183344,-0.0002302952390164162,-0.006796375205740328,-0.006070405542850481
-0.01771577316336334,-0.054626003652811034,0.00017666410654784692,-0.035419294387102146,-0.01522035866975785,-0.005198199450969693,0.007580009885132327,-0.052491863295435925,0.00039043840020894227,-0.0066822214424610005,-0.0010146698169410107,-0.0007815499743446808,-0.001667698621749869,0.0,-0.0014516806602477839,-0.00017406567931174677,-0.004288161359727399,0.028733043288812044,0.018531617633998382,0.0,-0.005093564987182608,-0.004825654029846194,-0.0030246428400277914,-0.002610014379024528,-0.003551337346434591,0.020990814752876757,0.0,0.020285931611433633,0.0,0.0,-0.010405052453279495,0.0005972699634730905,-0.007598775029182436,0.0,0.00016098082065582608,0.025664601363241668,0.0005265478044748362,-0.005871105939149857,-0.0008853222243487835,-0.05577452529221774,0.011101487479172667,-0.0015320033533498811,0.10489351198077206,0.019693507761694484,-0.0031305288337171167,-0.009303947966545822,-0.00454071693122389
-0.004549608565866947,-0.0428099083341658,-0.002518336996436138,-0.054187482222914696,-0.01352652452886105,-0.0026445585489273116,0.019935482935979937,-0.0443747963756323,-0.0008180807903408888,-0.0014602900948375575,0.0019151996355504033,0.0004036657372489538,-0.00130620677024125,0.0,-0.004355186894536026,0.0014802497997879818,-0.003961418718099581,0.0024835727363825,-0.004009210951626305,0.0,0.0015983527898788263,-0.011077391430735585,-0.0017557982727885307,-0.001332763060927368,-0.0017628115788102111,-0.0021034379675984316,0.0,0.0028924399707466464,0.0,0.0,-0.01725375778973104,-0.0006356346234679122,-0.014091686531901362,0.0,-0.004252141825854788,-0.007668375167995706,0.0005211815237998879,-0.009481655061244966,-0.00010455504059789233,0.009323494802229104,0.007343260888010267,-0.004516953001730148,-0.03745249648578465,-0.004014651589095586,0.0012511593941599147,-0.029264938128180804,-0.0007157031074166154
-0.014950716644525491,0.01457877809181804,-0.004050368666648901,-0.03157671973109244,-0.010622320473194141,-0.0045850881934165755,-0.010221725646406415,0.03414118562359364,-0.0005544454976916247,-0.0026183260977267753,0.005850214660167691,-0.01659574241843076,0.0017824702803045656,0.0,0.06337835587561133,0.00010975062847143335,-0.002349065989255883,0.003098861575126649,-0.008793556913733486,0.0,-0.005344764292240123,-0.0045582771301269365,-0.002795677557587639,0.007136070430278779,0.006024444699287368,0.0011621949076652538,0.0,-0.013137696534395199,0.0,0.0,-0.021101168692111955,-0.002754309847950942,-0.010244882106781067,0.0,0.016989623084664285,0.029048239011317506,0.00017280086874960077,-0.0039643941819668405,-0.00011822462081906293,0.006621812507510205,-0.015350414589047429,0.014522369727492324,-0.023245326057076438,-0.012505788877606394,0.006159783974289873,-0.005070130117237559,-0.0070718577504158
-0.011784224025905149,-0.04025685533415527,-0.0033230588398873717,-0.03505775734782218,-0.013739512935280807,-0.008924084305763247,0.003196878051385299,-0.06719121992588042,-0.00017888985574246452,-0.0042777872830629116,-0.0005953430384397496,-0.0006258282065391418,-0.0036545656248927194,0.0,-0.0032027250528335327,0.0021983040124177733,-0.003931236993521436,0.0030219499766826474,-0.007997938208281985,0.0,-0.0036022442579269343,-0.0009791001677513234,-0.004482774809002887,0.0013558711111545385,-0.0008056047931313537,-0.002031846716999991,0.0,0.016388420090079292,0.0,0.0,0.01635350110009312,-4.9905069172379024e-05,-0.011133758127689353,0.0,-0.0008823762461543094,-0.0016914991289377346,-0.0002575129363685813,-0.008344466071575851,-0.00408920854330061,0.0014387499820440741,0.0016371384728699756,-0.010810027178376896,0.07290332581382244,-0.0009933500457554867,-8.476980030536208e-05,-0.005129509568214452,-0.0030155307892709704
0.011582897230982755,-0.04658035470172761,-0.0012732778768986541,-0.03557740997523072,-0.018853862881660466,-0.0014943459630012423,0.007749516479671009,-0.03579491555690764,-0.0004346112534403812,-0.005598912676796325,-0.0030049527902156342,-0.010970664685592074,-0.005004544109106085,0.0,-0.002635003030300148,0.0011306799016892743,-0.005188221624121039,-0.012285259813070298,0.017874798439443118,0.0,-0.0030525067448615995,-0.00598691135644909,-0.005607250183820689,-0.0001210339367390123,-0.0017116604931652624,-0.0018815543130040469,0.0,-0.003495254497975109,0.0,0.0,0.014648124473169447,-0.001372734745964388,-0.0091229397803545,0.0,-0.0028618122264743306,0.007571905711665786,8.186417631803056e-05,-0.0051112898159771936,0.007176558617502465,-0.051006407178938395,-0.010148367965593902,0.0008987961802631728,0.14762358132749798,-0.004935348331928269,-0.0008257277961820353,0.0022478863876313204,-0.0038663649559021185
0.012794385077431747,0.05548826798796655,-0.001764991413801903,-0.027757195383310368,-0.00627572640776633,-0.006237848848104466,0.012544467225670847,-0.05489565342664718,0.005516895502805708,0.020116392672061917,0.005641686823219083,-0.0007697012275457438,-0.003317020833492279,0.0,-0.0037424546480179233,0.0006419512629509128,-0.0039054022729396454,-0.012860448136925717,0.007956698574125787,0.0,0.0007260650396346824,-0.009240651130676264,-0.001268749088048915,-0.0011288216710090837,-0.001892228573560667,-0.0017939791083335932,0.0,0.004185344595462076,0.0,0.0,0.003794277310371408,-8.328557014464222e-06,0.10447597901336847,0.0,-0.008676259592175495,-0.01661954905837776,-0.0004499814659356671,-0.0032098663598299215,-0.009901022911071783,-0.04571634043008088,-0.025196640789508812,-0.005791790038347261,0.052837387397885294,-0.004074864014983137,-0.004847191981971255,0.02158458827063439,0.030495153646916157
-0.011519758841022854,-0.06103740936145187,-0.003938477095216497,-0.04267056439071894,-0.02972544625401495,-0.003871722668409343,0.014623890090733754,-0.023150099590420706,0.0005402483046054729,-0.004029981968924429,-0.0014303623419255063,-0.003511410318315006,-0.0016996356286108627,0.0,-0.003815324008464821,0.001917975693941129,-0.005382841732352955,-0.011215492682531497,0.008885180391371233,0.0,-0.0015741912275552897,-0.0064717802405357405,-0.00032159601338208055,-0.0008826150000095234,-0.0026984234713018085,-0.0014944836497306768,0.0,-0.0018662594072520466,0.0,0.0,0.020333634279668333,-0.001000974848866465,-0.012726905494928373,0.0,-0.003875397294759747,-0.00247041576541962,8.714139461518666e-05,-0.0032175054773688205,-0.003506456613540626,-0.12560693691484628,-0.017451032586395715,-0.026848824974149477,0.059660199284553524,0.015568092465400668,-0.0020669113192707256,-0.0053282402083277836,0.00018122183158994498
0.00443438529036938,-0.043683455521240824,-0.004155760770663625,-0.05419972347095609,-0.02890618283301591,-0.010945523977279659,0.010581643041223303,-0.015641067018732444,0.0004971262393519277,-0.004025387815199806,-0.0034604880446568176,-0.0028650272078811975,-0.0069593608612194685,0.0,-0.0008098526811227275,0.0013327762112021607,-0.0055695690773427675,0.0030564787983894254,-0.005848521040752522,0.0,-0.005944137722253787,-0.01717300744727255,-0.0011045311810448794,0.00047152380924672666,-0.0007537355413660407,-2.6540877297517862e-05,-0.07608476808294652,0.004089655042625963,0.0,0.0,-0.011072027808986584,0.000531086968258006,-0.009900407269597053,0.0,-0.0015298037650063653,0.023584267562255255,-0.0008016343903727852,-0.003352892436087135,-0.002603138103149827,0.00493660253006967,-0.0006383874965831537,-0.003070851652883011,-0.13947298902086913,0.015045033448841394,-0.00010087321512398939,-0.0066205791849643075,0.009723920570686469
-0.014675515908747917,-0.0711464281566441,-0.0010473964549601207,-0.049224001066759226,-0.02629974491894245,-0.0030748073384165783,0.004022683585062619,-0.039225838966667655,-0.0009816522151231966,-0.007344778217375281,-0.0002760971290990816,0.00045904834754762966,-0.005800081305205831,0.0,-0.0034002541005611273,-5.7079847902046996e-05,-0.005984077956527473,8.180215954779052e-05,-0.012149507626891112,0.0,0.0010228890180587757,-0.00720371570438148,-0.0037128936499357112,0.003110118880867971,-0.0015253843646496484,-0.0014438401907682502,0.0,-0.0038643864728510474,0.0,0.0,-0.005732339415699249,3.9780968800175176e-05,-0.014927466660737979,0.0,0.0037893149955198317,0.012835331750102357,3.1026080250518007e-06,-0.004908120445907112,-4.445376805960882e-05,-0.08435870616696775,0.001031107390299435,-0.0019423595815897029,-0.012227059514261784,0.0030274642445147215,0.00023876931518318142,-0.0032270927540958005,-0.009854705445468417
0.013792739566415524,0.07613169333897529,0.00025451593101025183,-0.030981971770525002,-0.013603969812393174,-0.003298333287239108,-0.010879849512130058,0.06725799871608615,0.0012627027928829304,-0.004282906195148789,0.003297531213611371,0.012173646688461298,0.004541344866156594,0.0,0.03290229364298283,0.0011379266530275323,-0.0048644153028726544,0.001316115111112598,-0.020622853040695166,0.0,-0.004030820131301904,-0.0023534256219863714,-0.0006889151036739705,0.0035853379964828624,-0.0012713023461401185,-0.0012198895215988492,0.0,0.011074788020923737,0.0,0.0,0.028547290312126272,8.501343429087593e-05,-0.009829021990299197,0.0,-0.006125437319278698,-0.008834320260211831,-0.0007286243885755439,-0.007543539479374889,-0.002977298200130457,-0.04547727499157189,-0.01912882022559642,-0.004091205485165089,0.07749404454603792,-0.014679718576371681,0.00038899824023250207,-0.004901866130530869,-0.004955626130104085
0.00477564364671712,0.013707540053874312,0.0091649428196251,-0.022373229339718775,-0.010182376801967652,0.0007803946733474509,0.008349844031035919,0.05419980466365815,-0.0023458214290440205,0.021175133585929873,0.004251581430435192,-0.0006514070741832356,0.020495958076789972,0.0,0.025846129953861208,0.0019125974178313965,-0.0018905737996101624,0.0014957209117710812,0.014398535443469862,0.0,-0.0006288051605224387,-0.001846709847450223,-0.0008405357785523371,0.0012785764038562575,-0.0006842457875609331,-0.0011681257188320138,0.0,0.008413371574133632,0.0,0.0,0.026291250362992263,0.002792188823223074,-0.0027009356021880926,0.0,0.0005935531854629472,0.02684212028980254,0.0009791970252990834,-0.002932101897895334,-0.004004792664200063,0.12939717982895674,-0.011383211538195631,-0.006031768713146479,0.0894688662327826,-0.0004809485655277723,0.0032975351810455855,-0.002421375513076751,-0.0034346717596054344
0.0011109125521033825,0.030733304023742664,-0.0019266875088214674,0.19980793505907063,-0.002035536170005764,0.015774615742266157,0.012049119994044288,0.038044736385345446,-0.00012482494115831355,-0.002094133207574511,-0.001789341568946834,-0.001277078688144695,-0.0014220380783080966,0.0,1.4871358871570983e-06,0.0007580890320241784,-0.003462261632084851,-0.0010642042756080494,-0.006470777541398992,0.001145998537540438,0.046457590498030193,-0.0013617932796478327,-0.003591506928205479,6.320595741271529e-05,0.004539091736078277,-0.00045322515070439495,0.0,0.0018660953827202287,0.0,0.0,0.008321218602359293,0.004777736812829975,-0.003702329993248016,0.0,-0.00762777775526044,0.010130520388483999,-3.532479517162623e-05,-0.0011159956455230602,0.007106065023690461,-0.04159430962055921,0.0054725579917430656,-0.00013675904832780028,0.036615074723958974,-0.004823278561234462,0.004004175290465317,-0.0004872245341539516,-0.001241781413555132
-0.013001662939786912,0.05693137726746497,0.0032640716433525174,-0.035946888029575325,-0.014300365447998037,-0.0024496015906333712,0.003376611527055484,-0.03788343444466594,2.8375107794936794e-05,-0.004538437863811834,-0.00039231352508065087,0.009924404583871366,-0.004645879566669453,0.0,-0.0033729666471481456,0.0022434114851058173,-0.0048513064533472205,-0.031425627637654524,0.027481874683871893,0.0,-0.003504320979118347,-0.0011803552508354298,-0.0037912555411457605,-0.001299198269844093,-0.002623743563890446,-0.0006350888311862923,0.0,0.006993163833394628,0.0,0.0,0.03791018150746822,0.0012479925900697741,-0.012785314023494754,0.0,-0.004416033625602722,0.017389692645519983,-0.0008798770792781963,-0.005311369299888624,0.04132947862148284,0.00919471580535175,-0.02366337507031857,-0.003032324947416787,0.057218893617391575,0.001618466638028615,0.0012185679655521697,0.011112512126564972,0.045807916522026065
-0.013404481383040553,-0.03779110295698046,-0.0025821337103843767,-0.03157716453075406,-0.020838543251156805,-0.0037802705168724082,0.013475370402447895,-0.050129260197281866,0.00047828961163759454,-0.005905584739521158,-0.0005084654176607528,0.00013036994729190288,-0.0033432830311358047,0.0,-0.002398679554462449,0.001690805945545451,-0.003940452113747592,4.5093521475789156e-05,-0.0050706049799918995,0.0,-0.00467144548892974,-0.004564113020896904,-0.000604616347700343,0.0009830501675606035,-0.0008225667476654125,-0.001413623392581942,0.0,0.008991047693416465,0.0,0.0,-0.008607554063200962,0.0013904496328905336,-0.011775432527065255,0.0,-0.0018544195592403584,0.001500435229390848,0.00018841258250176796,-0.006111472770571724,-0.003038359433412574,-0.04060458748601378,-0.0006243895739316968,-0.010501221413724116,-0.011115031223744146,0.016590338554233308,0.00015576734673231063,-0.0088658802304417,-0.002823506370186815
-0.006186861968599258,-0.06466796353459359,-0.002957055233418923,-0.037133614243939544,-0.021358885606750838,-0.004859090298414234,0.0032778630778193454,-0.05257805889472364,-1.513245515524439e-05,-0.0020572525123134094,-0.0006997534725815234,0.0030050960602238524,-0.0015829836763441643,0.0,-0.001536945514380942,0.0016645792871713694,-0.00935070004314184,0.001476010810583836,-0.01000990556553008,0.0,-0.006039741933345791,-0.004791281856596483,-0.0055764036718755905,-0.0016242423094809076,-0.0009571949206292618,-0.0004770666919648621,0.0,0.006854132469743493,0.0,0.0,0.01590636115521195,-4.0176790207617497e-05,-0.013447289764881135,0.0,-0.004542739726603018,0.008154133707284926,-9.44429822265988e-05,-0.004803356975317016,-0.0013449295144528153,-0.10583009487949313,-0.016393139688298107,-0.02549598301760854,-0.01419026353862135,0.0014450378902256672,0.0011517586465924802,0.0007765717711299483,-0.00427752446383237
0.002831708118319537,0.0699728568084538,-0.0036494791507721003,-0.024640979170799243,-0.008430124819278711,-0.006698789596557619,-0.045728661343455324,0.06224304196424782,0.0007317588478326642,-0.00402129042893648,0.002078938819467996,-0.009342688433825963,-0.0022256816551089187,0.0,-0.0013343670964240661,0.0017036752402782296,-0.0030083884298801322,-1.7993301153179653e-05,-0.01204894538968801,0.0,-0.0053576132655143716,-0.007519540488719945,-0.003329493738710887,0.0033282290399074543,0.0026276925019919906,-0.0004326987266540516,0.0,-0.00025052871555092393,0.0,0.0,0.04379780344665049,-0.0031330892443657,-0.010521894991397857,0.0,-0.0032591359317303004,-0.000672745779156686,-0.0003499899804592088,-0.0038635607063770283,-0.0015309467911719943,0.012650613039731945,-0.017110232450068014,-0.008952550888061517,0.05913762986660004,-0.02693386040627954,-0.000734768146649023,-0.015548282563686372,-0.0046280354261398204
0.014160149004310396,-0.07661291444208475,-0.0012822694797068879,-0.03528458923101424,-0.02249146729707717,-0.0033950799703598156,0.040377523172646756,-0.0463757524639368,0.0009489667788147998,-0.0020901133865118132,0.004065949991345422,0.0014116181898862212,-0.0003025938570499487,0.0,-0.004446207880973829,0.0010305612348020243,0.0302332626376301,-0.0005539299175143231,0.011088939863257125,0.0,0.0001071563363075484,-0.001142789423465726,-0.003664746582508094,0.0027116658538579724,-0.0005500606447458312,0.002922365628182877,0.0,0.00892187391407788,0.0,0.0,-0.004805904105305667,-0.0005971331521868739,-0.0066017939150333355,0.0,-0.0031125669926404947,0.008925827108323584,0.0005642631277441856,0.0510051131248474,0.0014902764558792359,-0.10467467810027303,0.0007527035195380449,0.0032870596088468984,-0.08550545196048914,0.00012365920469162295,-0.010176258673891408,-0.006234757099300603,-0.0075010750629008055
0.011164643913507452,-0.061361516183242204,0.0006199367716908377,-0.04109816186130047,-0.030579789653420453,-0.007879616692662253,0.029656833158805976,-0.08475365977734325,-0.0006922195479273849,-0.0014764408627525039,-0.0017221726663410597,0.0009843359049409653,-0.001023174710571756,0.0,-0.004002672731876378,0.001744256317615503,-0.006085949428379547,-0.010594714302569613,0.012281418386846793,0.0,-0.007522305473685251,-0.007466013655066495,-0.0006175224576145666,-3.669304773210036e-05,-0.0010939164459705386,-0.001011305078864079,0.0,-0.01207227013073861,0.0,0.0,-0.00011031270027159201,-0.00110060301609341,-0.009255899488925953,0.0,-0.003978546187281606,0.005315474923700075,-0.0014308119658380802,-0.007617793520912491,-0.0026290331780910586,-0.04034176972694695,-0.006325864559039482,-0.014110479387454689,0.01435813478194177,-0.007340409923344837,-0.0016764240525662805,0.0027984272968024013,-6.582617759705311e-05
-0.01499069027602673,0.061515985568985354,-0.00527004875242712,-0.031588551104068746,-0.014242209494113894,-0.00212315291166304,0.007756424322724331,-0.05631902284920218,-0.00044698348268865096,-0.0065672906115651075,0.015237767128273835,0.005991090741008509,-0.0028433158528059777,0.0,-0.0022411133348941847,0.0009223634377121814,-0.011452466398477551,0.0008866736665368025,-0.01609963409602644,0.0,-0.0064308625459670865,-0.002746848464012158,-0.003899853229522715,-0.0006864070892333984,-0.0021551159210503046,-0.0014487343095243022,0.0,0.009553053472191098,0.0,0.0,-0.01606737885624171,-0.019876639139838517,-0.012188683450222004,0.0,-0.004071977771818613,0.005933186318725359,0.00018150160089133727,-0.005332926157861961,-0.004185417741537106,-0.07252738467417656,-0.0014074699906632127,0.014466691585257638,0.01819072427228094,-0.0037332642078399536,0.00250422360375524,-0.0035081854369491405,-0.01052524805068969
0.00091662596911192,-0.06178732542321087,0.01064654821529984,-0.03916261442005635,-0.005942258834838843,-0.008220074661076077,0.019620052520185713,-0.037815818786621075,0.005541887013241639,0.01723417116329075,0.00749099957291037,-0.008856395026668906,0.002587988469749683,0.0,-0.004557459354400634,0.0011398538947105241,-0.010977235883474351,-0.0025619567744433885,-0.004715795330703279,0.0,0.0012234282493591292,-0.008057284355163577,0.0005042188242077861,0.0012015736103057756,-0.0011981489136815154,-0.0008033056324347754,0.0,-0.024839292764663706,0.0,0.0,-0.017143347784876806,0.0031071596220135778,-0.009521690309047703,-0.011160480659455047,-0.00265233382582665,-0.010071960408240557,0.0006869658082723495,-0.005681755803525465,-0.0017756303399801276,0.019987160703167334,0.027930206507444405,0.027485483577474962,-0.10666082588024436,-0.009097048342227937,-0.003360316399484864,0.0286850567907095,-0.01411333566531539
-0.0061413559783250055,-0.03608587631955741,-0.0027508493885398024,-0.04723170448094608,-0.019472962431609647,-0.0061450647562742294,-0.002206482971087097,-0.06741257343441248,0.0001569350063800705,-0.0049065378122031544,0.0003483342006802663,0.0020402186829596852,-0.004294353406876318,0.0,-0.003349610492587085,0.0009595355577767008,-0.005030680894851678,-0.0004205738287419228,-0.0051735985744744695,0.0,-0.0072417371720075695,-0.007065413892269126,-0.005188087541610001,0.0008802043087780334,-0.0019831920880824284,-0.001200764235109092,0.0,-0.015631137378513835,0.0,0.0,-0.004217452332377424,0.00012195277959109463,-0.013430838286876676,0.0,0.003111276514828204,0.0027569633163511686,5.618448369204554e-05,-0.005878166481852548,-0.0018864082545041877,-0.04152391911484299,-0.016434679850935954,-0.009583775093778966,-0.027763887122273435,-0.0006912346091121346,-0.0007636523060500743,-0.00787455358542502,-0.0008936199545860057
0.008434565933421276,0.03717259808443488,0.00013412952423093316,-0.04518577590584755,-0.021825430989265454,0.002317491099238407,0.008838029894977811,-0.025251725614070894,-0.00042112595867366265,-0.0023460203548893166,0.006005861628800624,-0.001877436470240329,-0.00018756750039755632,0.0,-0.002475829198956489,0.00019724585115907245,-0.006675792206078765,0.0015409152954816915,-0.010099124312400835,0.0,-0.0007060202956199746,-0.0034807027876376934,0.047809903277084224,-0.004070201744325458,-0.001595624480396518,-0.0007277757767587545,0.0,-0.035669332412071514,0.0,0.0,-0.0160006520152092,0.00445716559421272,-0.009118220210075412,0.0,0.0023325449228286665,0.0009488662797957625,-0.00010283614508807548,-0.0022951841354370284,-0.001982753872871404,-0.04348725317511709,-0.0207004426419735,-0.03714471560902893,-0.007560031190514557,-0.0029941600095480525,0.0011987312883138673,-0.009915186651051053,-0.007468835562467566
-0.0031576469168067,0.03961066864430904,0.0012609820161014473,-0.02918561860919,-0.009551815092563615,-0.0054549288749694835,-0.013884230293333494,0.07710065104067323,-0.0010179850272834523,-0.004104974418878582,-0.007054071528837108,0.003500046879053087,-0.0025615787506103327,0.0,-0.001079488694667785,0.002352763768285554,-0.007459185570478449,-0.014317609965801253,0.009335842318832888,0.0,-0.0023977670073509205,-0.007558303177356701,-0.0025926071032881526,0.0009922778606414884,-0.0026847779192030186,-0.0026225413382053586,0.0,0.005397607721388309,0.0,0.0,0.032319756485521794,-0.0006652021035552236,-0.013452039062976817,0.0,-0.000984155237674672,-0.004700443102046842,-2.7663819492096398e-06,-0.004248723126947879,-0.0019684475660323997,0.006094712661579238,-0.01419794969260696,-0.029151824563741657,0.05408508322201672,-0.031248484328389198,-0.002807134995236965,-0.022218208760023117,-0.0040827026963233815
0.00015030384063718927,0.02362044012174011,0.010580693483352721,0.04942012786865235,0.07142877288162708,-7.517397403711268e-05,-0.004506088420748677,0.03501297652721408,0.010791192501783342,0.0052626901865005515,0.0012777272006496976,0.0017393320798874123,-0.0006408137828111671,0.0,5.1330924034087566e-05,0.0021344846487045266,0.022940356582403176,0.0003724056482314886,0.013732218956574754,0.0,-0.001606663465499869,-0.0006108593940734597,-0.0021019175648688826,-0.0004084375500679194,0.004679902419447879,-0.0008484962955117026,0.0,0.005328001379966696,0.0,0.0,0.008380390107631641,2.314783632773043e-06,-0.002385929822921795,0.0,0.008550572097301479,0.008373083751648636,0.0005718386173247936,-0.0023285004496574335,0.002842915654182432,0.12773048554547128,0.01032146811485296,0.003944491446018161,0.03654778346419335,0.003620458915829655,-0.001932980120182004,0.011048043277114644,0.006049688779748985
0.0047817763313651035,-0.035389598850160825,0.0004314863681793221,-0.04720740405842662,-0.018151202350854878,-0.008429185301065428,0.01693392334505916,-0.02202234998345376,-0.000481728482991467,-0.003440290540456775,0.000362721867859378,-0.0036086599063128097,-0.0036647651344537957,0.0,-0.0028799940645694994,0.002483645863831041,-0.0025669156387448377,0.0032882459089159932,-0.005328682363033271,0.0,-0.0016832259297370755,-0.010166192799806573,-0.004986807703971877,0.0017428075149655553,-0.0018162427842617207,-0.0005653502792120138,0.0,-0.012497405521571622,0.0,0.0,-0.025678159743547424,4.199076443910099e-05,-0.013407279476523377,0.0,0.001405627951025945,-0.00985759031027554,0.0006730892602354113,-0.007250958830118184,-0.002583766728639622,-0.006885913554579043,-0.004877728968858741,-0.020226956252008654,-0.03291573241353034,-0.013665456790477051,-0.0024303479306399534,-0.0033151880651712262,0.007327277399599541
-0.0025122934114188006,-0.031043728822842228,0.004920144439674916,-0.060540216416120535,-0.01504664425738156,-0.005895697586238383,-0.008679047087207424,-0.036428672438487394,-7.86093855276726e-05,0.011873669370543197,0.01846979995956643,0.001060058232396844,-0.006807536436244835,0.0,-0.0022437117993831697,0.00027529861778020914,-0.007563717551529417,0.005548620857298389,-0.009241666966117928,0.0,-0.0029661941900849184,-0.0019098006188869726,-0.002913696072064334,0.00013144870754330882,-0.00029250739142298865,-0.00017415657173841526,-0.06303184999153019,0.00643915626686066,0.0,0.0,-0.010695772506296636,0.0025712234713137078,-0.01209934085607528,0.0,-0.00489689356181771,0.002083400986157377,0.0008540842495858569,-0.002740603722631907,-0.0006116466224193456,-0.02044647555798293,-0.0014679285115562352,0.010065817667637006,-0.13001050271093847,-0.0066258556302636815,-0.0001162102003581661,-0.0038086638343520496,-0.002797105181962259
0.0037174516404047606,-0.0626771461032331,-0.0011186198145151371,-0.04878882907330991,-0.010338454172015177,-0.0018442046642303672,-0.04022469921037558,0.018431711345911005,-0.002761765439063313,-0.0031479058787226982,0.003624161826446641,-0.01843004366382958,-0.00011582694947719074,0.0,-0.001456237807869909,0.0017193982563912732,0.002677206806838514,0.002663795053958945,-0.015827513486146944,0.0,-0.002271814942359951,-0.004679266810417151,0.0022224127314985076,0.0007305715978145819,-0.0019488387648016053,0.00010060198605059412,0.0,-0.0006400251062586848,0.0,0.0,-0.010046870261430738,-4.190260544417734e-05,-0.014001771956682216,-0.031301651950925616,-0.002501055598258986,0.013827872686088108,0.0003603773564100077,-0.0014226146787405247,-0.0013808159530162845,-0.0652176724374294,0.01722959247417745,-0.0062641869671642425,0.004690549205988687,-0.013807602319866427,-0.0028597407042979667,-0.009998668646439904,-0.012643510922789564
-0.0013567262701690225,-0.02979689368512481,-0.0014849937986582407,-0.04873565208166838,-0.024377709850668894,-0.0017975728958845166,0.025402149017900236,-0.014875646419823162,-0.00033910952508448694,-0.002940121414139865,-0.004125367519445727,-0.0008668133942410436,-0.002700919862836597,0.0,-0.0038472195714712165,0.0015648602601140583,-0.0025852050073444793,0.0025687247700989166,-0.0027428512740880345,0.0,-0.009097397029399865,-0.0012709870934486528,-0.004837818592786779,0.0005394575744867292,-0.00015206373296677844,-0.0007595635065809,0.002625395188806584,0.013713178010657426,0.0,0.0,-0.01936850940808653,-0.00019004034809767725,-0.0115611583739519,0.0,-0.00011095201596619808,0.00247823271434755,-0.004280361304990932,-0.001711518317461011,-0.0028493820689618546,-0.0275704450858757,0.007325855797389508,0.0029608391597866907,-0.19016767780994998,-0.005437211999669671,-0.0012646673829294908,-0.0034896269813179948,-0.014999351156875479
-0.0022459361422806894,-0.03698129344265906,0.0024824099522083726,-0.05541960395872593,-0.022611262723803503,-0.004949625730514544,0.021483483449555925,-0.031755939237773416,-0.004946955791674569,0.019009300032630565,0.006152015007101011,0.005939939841628071,-0.0029338955413550083,0.0,-0.0032388388179242777,0.0008448161184787806,-0.002791938353329901,-0.00030273680575191447,-0.009786959588527697,0.0,-0.004303811341524147,-0.007891113087534908,-0.0028429996781051264,-0.0005771332886069999,-0.001808924172073581,0.014535597974900172,0.0,0.017764647416770474,0.0,0.0,-0.010970677733421322,3.876765258592485e-06,-0.009001287929713726,0.0,-0.0005077566206455192,-0.006081019109115002,0.00038281501270830826,-0.005142947845160957,-0.0018260489776730556,-0.1042147917021066,-0.010995710738934558,-0.006985318395309158,-0.10196856554131956,0.0025240457709878733,0.0015842365892603932,0.002988428557291631,-0.007615954296197727
0.0054463753197342216,0.03722736308351159,-6.650894880293884e-05,-0.039772153347730654,-0.012273291647434237,-0.010636550188064586,0.01793080793693662,-0.08775164414197209,-0.00187291043810546,-0.004175407737493503,7.121307775379004e-05,0.000866576526314014,-0.00637120317667722,0.0,-0.0027335497736930836,0.0010990334302187071,-0.009809369146823899,-6.686024367807963e-05,-0.010101353824138654,0.0,-0.0036648085713386624,-0.005328778922557842,-0.0051491959393024644,-0.0010757016763091043,-0.0021254944056272457,-0.0018466418609023177,0.0,-0.01540132828988136,0.0,0.0,-0.02701927311718466,0.001991107091307648,-0.013845728412270539,0.0,-0.0005459936708211849,0.0129045937769115,-0.0008130482863634714,-0.005101839434355493,-0.001054520010948183,-0.05593199448660015,0.0004578426107764433,-0.009120039884001008,-0.030939857559278597,-0.002128973659127953,-0.0006008459161967114,-0.0014380066189915025,-0.006305261701345433
-0.0033735895575955632,-0.04316489870892839,6.15523941814855e-05,-0.04628999285399912,-0.02010540172457695,-0.0049741959571838225,0.012810666896402853,-0.04029661645181475,-0.0018624417809769492,0.020401776018552475,0.004863659711554656,-0.001079012621194142,-0.001995339449495079,0.0,-0.002909021787345381,0.0027056458778679515,-0.007156877163797634,-0.0001432928256690745,-0.004758060146123191,0.0,-0.003143056146800516,-0.0002708023786544833,-0.00567039124667644,-0.0013253202475607267,-0.0010538060031831248,0.02154961300780997,0.0,0.00914144926471637,0.0,0.0,-0.021339798402041206,0.0009476758446544456,-0.01749582156538962,0.0,-0.005841041691601281,-0.0024751377524807883,7.321045733986627e-05,-0.0032528963964432583,0.0009963325038552379,-0.08635481792036445,-0.0007331542670726866,0.01352651920635252,-0.12926609522663057,0.0016536180721595864,0.00554125072667376,-0.010812961962074055,-0.003936685966327772
-0.003508608434349289,-0.03502406024839729,-0.0024417162593454063,-0.0483819128992036,-0.03201863341033458,-0.0039427348133176535,0.011143357465043666,-0.032737352419644594,-0.000178408026695262,-0.0017173821805045036,-8.406880311668044e-05,0.0012748078233562332,-0.0018758984282612823,0.0,-0.0034132907912135108,0.001407001903280601,-0.0040516766812652375,0.0003079659678041913,-0.005426541527267542,0.0,-0.0017411540774628538,-0.005070048035122463,-0.005447926698252542,0.00091591188684104,-0.0006230257451534243,-0.0005818290170282008,0.0,-0.009988680802634917,0.0,0.0,-0.011017913483083251,0.0005139174731448419,-0.008361297040246433,0.0,0.0013722776109352658,-0.0013495196524309014,0.0013387920241802855,-0.004425559546798449,3.399583045393326e-05,-0.07666008042986505,-0.009646306298673156,0.0013786990521475612,-0.09335557336686179,-0.005103266662918036,0.001804371850448655,0.004448696455801843,-0.00862408413551747
0.003041778262704631,0.04665871950797737,-0.0028832035884261142,-0.030519586503505697,-0.014363061338663108,-0.003751746714115156,0.024292705161497008,-0.03441270217299458,-0.00031194645911453156,-0.0060837145894765965,0.0026855100877583027,-0.013823238331824528,-0.0026315534114837724,0.0,-0.00113909810781479,0.0020770112425089055,-0.006980722397565864,0.004610126242041573,-0.01147901859134437,0.0,-0.006964549124240882,-0.0018223288655281195,-0.00410562735050915,-0.001339015662670126,-0.0011854816041886873,-0.0013326333463191953,0.0,-0.015107786357402786,0.0,0.0,-0.010867229998111738,0.0007712008059024833,-0.011862476021051407,0.0,-0.0016083224117755812,-0.023119972907006736,0.00027315348386766636,-0.007228336632251753,-0.002748910486698175,-0.0015771010704338784,0.0029483449086546987,-0.006980319768190413,0.033536969069391465,-0.005132128670811642,0.005082895681262023,-0.009513127207756045,-0.004274552911520013
-0.0023325929325074095,-0.03964551482349636,-0.002408292293548591,-0.03416980991140008,-0.005971187474206094,-0.008287342041730872,0.006786184017546496,-0.04361370064318179,2.038225531578175e-05,-0.002005750997923293,-0.0018976023606955966,-0.000327610750682647,-0.00196321459487081,0.0,-0.0033681513834744603,0.001412411313503989,-0.0067824405152350775,0.0055913846939801976,-0.01002505552023648,0.0,6.384223699568148e-05,-0.001682961583137528,-8.062373846770554e-05,-0.0012528788670897635,-0.001501729395240535,0.008911873977631345,0.0,0.006130664190277472,0.0,0.0,-0.014823016189038744,-0.00014226983301342255,-0.010697678774595265,0.0,-0.0019220638927072153,0.007694671051576757,-0.0002865832019597475,-0.004826059527695183,-0.0033716438338160654,-0.1271640311437659,-0.007444659706670784,-0.009270520191639667,-0.049501010659150774,-0.0028661323152482446,0.0014711362496018614,0.0003162087965756684,-0.002300021434202791
-0.006478094868361983,-0.015797799825668313,-0.001826968789100658,0.15466021765023472,0.1738454446196556,-0.0009725624322891591,0.011659836154431141,-0.027831586897373195,-0.0006352919340132934,-0.003529684841632852,-0.003364903628826188,-0.010015961378812777,0.03771814852952954,0.0,0.020903314948081952,0.0013075059652328802,-0.0004440164566039684,-0.011534716039896031,0.02369924366474152,0.0,-0.001726646423339806,-0.003624414205551152,-0.0003777590394020147,-0.0010063698887825545,-0.0022874262928962996,-0.0005984538793563365,0.0,0.0005648351646959371,0.0,0.0,-0.011334069669246716,0.00023785253055391697,-0.001562670469284072,0.0,-0.0025488132238388195,-0.0016990658640861356,0.0005742329359054721,-0.0025967521220445766,0.0035715579986572155,0.01507635311223568,0.003141493201255785,0.0834323546290398,0.03725320838391777,-0.0056732444465160126,-0.000381164401769607,0.013730784356594139,-0.0010887961089610931
-0.005238213695120064,-0.030546922828070824,-0.0030874786293134115,-0.05359851382672785,-0.019480346925556655,-0.011110334955155843,-0.009484108027536423,-0.038541123750619605,-0.003079021817538885,-0.004873290229588753,0.0016579925478435935,-0.00011993511579931442,-0.0019780898652971,0.0,-0.0050132741592824465,0.00034946505911648273,-0.004033299246802936,-0.001179770044982418,-0.0014809629227966192,0.0,-0.0060188763029873395,-0.003724329173564918,-0.0015745499171316594,-0.006305432133376601,-0.0009054116997867928,-0.0004348387056961507,0.0,-0.005692958042491203,0.0,0.0,-0.007660443019121898,0.0010004540765657932,-0.008545654416084264,0.0,0.0001972690783441089,0.009539981905836617,-0.0022965467837639114,-0.004684291705489153,0.00022033954039216153,-0.07328039470361546,0.0011684736376628285,-0.0026381364371627497,-0.08553873738273976,0.005399169931188209,0.0019420657469890953,-0.0067964938911609304,-0.003923167786560945
0.0029670744016766504,0.03484705144539477,-0.001961538922041678,-0.03397778794169426,-0.010861499607562997,-0.0020185604691505543,0.026648535784333932,-0.03528617247939109,-0.0016504648327826943,-0.0037800179421901836,0.0009880702197551938,-0.01169295428320763,0.053885232442989955,0.0,0.043374101314693686,0.0026376741565763973,-0.006054982841014855,0.004170241504907607,-0.016601970698684465,0.0,-0.0036555486917495827,-0.0011680233478545965,-0.0021022344566882234,-0.0008057618141174561,-0.0009157397598028305,-0.0009306717664003816,0.0,-0.04399316516239196,0.0,0.0,-0.0216679164767265,0.0008227993547916257,-0.008190541863441453,0.0,-0.0003754967451095603,-0.023604733338579542,0.00041444367729129294,-0.007608009502291652,-0.0012030659615993589,0.08435433527920394,-0.07464261495973912,-0.011492788731120501,0.01605819935910402,0.000506651205942038,0.0013518629223108203,0.015121507756412023,-0.004879570156335833
-0.0004447093605995378,0.02949930027127262,-4.3229348957535274e-05,0.10271928714588283,0.08989436708390719,0.025591442342847603,0.0023219078779220803,-0.013188819140195845,-0.0011842610500753248,0.01248686014674602,-0.0031633261032402438,0.004162755925208345,-0.015095905624329997,0.0,0.002412562966346732,0.0035608814656734045,-0.0003860878944396684,-0.004754493124783016,-0.00337863586843018,0.0,0.009924359619617462,0.02795236364006992,-0.0014620066434145318,-0.0009256279468536355,0.002841526269912742,-0.00013663768768307216,0.0,-0.005804961323738034,0.0,0.0,-0.005579898431897157,0.000356241464614826,0.1384865355491638,0.0,-0.004525637365877633,-0.002347683496773195,0.00017245605587956625,-4.540599882604801e-05,0.0037719941139221502,0.07353677213191984,-0.003486263789236499,0.008855921030044511,0.007781134024262448,0.01325451364740729,0.0008299840241670631,0.015590552454814305,0.005392631292343131
-0.005629934016615153,-0.03456729259341956,-0.0018278381507843972,-0.034595091324299575,-0.008020213209092627,-0.02197934273630381,0.010375221455469735,-0.06325113613158463,0.0007011379860341754,-0.001404186626896245,0.005142067512497309,0.0035856793075799975,-0.004303439268842343,0.0,-0.003197974022477873,0.0013326646760106198,-0.006267706719227148,-0.016102114073000856,0.007287731114774931,0.0,-0.004964299444109189,-0.006448695026338096,-0.00619239624589682,0.002224368350580347,-0.0011606889683753174,3.576857969166125e-05,0.0,-0.01109097785316411,0.0,0.0,-0.017399881472811088,0.0003206661995500404,-0.016814081445336346,0.0,-0.00221596427261829,0.0019844146724790346,-0.00019774992018939397,-0.006635926570743314,-0.0006425847113132373,-0.07816448162309825,-0.013954490795731564,0.012495142258703691,-0.05277349899057299,0.005004457239992918,-0.00010515086352823333,-0.004049140503630033,-0.003555319579318178
0.0048233820591121745,-0.04277055157348515,0.0045002628117799676,-0.049664875119924526,-0.021352205276489247,-0.0060005362331867,0.01588889507576824,-0.005590877998620264,0.00016495540738106773,-0.0017318497831001894,0.0010260973917320393,0.0021960879536345387,-0.0024396431818604486,0.0,-0.003138063177466399,0.0010291467048227643,-0.0036760182678699516,0.005419481229037057,-0.003091853316873311,0.0,-0.004040095508098598,-0.007410110533237466,-0.0034524279087781995,0.0012008180469274543,-0.0011491856351494995,-0.0006580359861254603,0.0,-0.005273582562804219,0.0,0.0,-0.014029307514429101,0.0008376222103834152,-0.016746464595198643,0.0,-0.0015834140032529725,-0.010564681319519861,0.0012264556065201965,-0.006661731777712704,-0.0005347348004579588,-0.05965056117624043,-0.012236095191910865,-0.02033278025686741,-0.004473779434338229,-0.002071549440734094,0.005654193889349693,-0.006481406996026631,-0.0007731920946389415
-0.006416149809956528,0.004283602237701412,-0.004884869158267996,-0.03346055924892427,-0.011795244216918965,-0.0038844162225723233,0.02724095903337001,0.015422437833622099,-4.3707937002174235e-05,-0.0029280464351177093,-0.001279153414070644,0.0035387944243848446,0.06655194014310839,0.0,0.05906604371964935,0.0018213541805744415,-0.0026597216725349204,0.006826402992010094,-0.00990632541477679,0.0,-0.0054700303077697965,-0.0008110755681991766,-0.0028972385823726465,0.001379255503416027,0.0025089890509843726,-0.0005606195330619956,0.0,-0.002058032602071741,0.0,0.0,-0.02817733407020573,5.814000964166066e-05,-0.011698391139507297,0.0,-0.0024447420239448736,-0.03222763344645502,0.001309767551720159,-0.00623990759253501,-0.001994792222976688,0.009651180496439343,0.004134698286652555,-0.02127685606479643,-0.009719301722943774,-0.013881611377000808,0.0066452600061893685,-0.010717633143067368,-0.0014803977310657301
-0.01224947847425939,0.021885346993803956,0.0016554931551218122,-0.02642634660005569,-0.011182844489812854,-0.0027004739642143283,0.0021060588210821407,0.03909485107287766,-0.0003167576342820999,-0.0036587120592594113,0.0018336649984121434,-0.008109985366463679,0.011899389987811454,0.0,0.052915265709161746,0.001676407996565099,-0.000430305302143108,-0.002092968225479136,-0.0050915421545505435,0.0,-0.005591491460800152,-0.0017840558290481978,-0.0014492675662040877,0.0033071495592594258,-0.0016634944826364462,0.0015373198688030387,0.0,-0.00135701034218072,0.0,0.0,-0.013299697637557978,-0.0005929805338382721,-0.016667583733797064,0.0,-0.0034415617585182023,-0.00992514397948982,0.00021270823664962246,-0.002796515971422192,-0.003964547216892267,0.020797694846987735,-0.02458832884207368,-0.026369627118110667,0.031086300201714046,-0.001955337002873425,0.0037884488701820374,-0.007083172276616062,-0.007332354933023477
-0.004935130346566438,-0.03331372604705393,-6.890962831677255e-05,-0.05539202276617289,-0.013624789696186766,-0.008066419251263134,-0.01325072212144731,-0.07120214015245438,-0.0014220168162137475,-0.0025610479246825114,0.0008762193284928901,-0.0052095272077713126,-0.006952380053698998,0.0,-0.003289437070488916,0.0017295031808316486,-0.0054844016674905904,0.0028232383821159557,-0.016254469444975245,0.0,-0.009211649708449853,-0.003923652768135069,-0.0007649510633200331,-0.0015620305389165978,0.00010924747213721803,-0.0003576190955936892,0.0,0.0034192103845998786,0.0,0.0,-0.010796823399141432,0.004354886985383916,-0.006387603804469108,0.0,-0.0011834240704774839,-0.00043526474386453365,-0.005179750703973696,-0.003987394915893672,-0.0052372543513775,0.022520945064025008,0.010139690050855257,-0.0014369984180666595,-0.15465587942278947,0.010991725530475383,0.0006342168431729134,0.042681028526276345,-0.002950322832912189
-0.010527327060699476,-0.04504883956164116,0.002644675076007852,0.18583355195820328,-0.010811747908592212,0.03455753899179395,0.005398139972239757,-0.015604028403759018,-0.00027818530797957264,-0.0035682189464569247,0.0009439207613468059,-0.0010506742913275469,-0.002224614024162297,0.0,-0.0009385180473327759,0.002427928745746627,0.0011894483864307581,0.004584420770406716,0.00018548220396039095,0.0,-0.003342526108026489,-0.0011092996597289462,-0.0009246900770813471,-0.02800198700278997,-0.0013549377024173748,-0.0021182668209075717,0.0,0.011422317549586308,0.0,0.0,0.025564382039010486,0.00031979490071537553,-0.00442942142486577,0.0,-0.0020895719528198076,0.010709864012897002,-0.00023259907960887505,-0.0022594084590673857,0.00591999249532818,0.09568703541532159,-0.005778164863586399,-0.004433066546916942,0.012222673594951633,-0.01374572746455674,-0.0019561858847737257,0.06539132625795901,-0.0023225742764771407
-0.025335399336181577,-0.04323634080588819,-0.0033486080914735643,-0.04668097626417875,-0.02110263943672179,-0.007109220474958405,-0.0008620665594935434,-0.02959618588909505,-0.0020558125665411237,-0.003783036293461925,-0.002709575835615388,-0.004497238374315215,-0.002960271760821351,0.0,-0.003748544007539753,0.0022763130255043507,-0.0038773629534989557,0.004038425981998439,-0.0003380119055509667,0.0,-0.003376059830188738,-0.007461725417524569,-0.003084615869447603,-0.0010207910463213843,-0.0008062499202787857,-0.0008916958235204164,0.0,0.009803457553498457,0.0,0.0,-0.016509580537676816,-0.012483051153831179,-0.011384892389178294,0.0,0.0022236243821680407,0.0020875827129930163,-0.002355693853460239,-0.004354026112705481,-0.002549195624887944,-0.09953931993804875,-0.009656167970970273,-0.003930121790617677,0.006606322228908543,-0.012259108568541704,0.005801781332120282,0.0052932603983208495,-0.008254473051056255
-0.0093983116419986,-0.021806692294776414,0.00033230369444935126,-0.03531518522650005,-0.014267405793070786,-0.005613250583410265,0.02187248613219707,-0.08623073897324501,-0.000529556721448889,-0.0028597776126116515,0.00033110954798758196,0.0020975887402891885,-0.0009076173324138077,0.0,-0.003934890553355219,0.002597887758165607,-0.004878082126379019,-0.00906627776799724,0.0024538519978523216,0.0,-0.0011713272333145203,-0.005972636118531226,-0.006779741556383667,0.00046167979948221263,-0.001173288710415367,-0.0008781585469841945,0.0,-0.008710623139049856,0.0,0.0,-0.004773696251213549,-0.0009171548113226652,-0.010571361482143396,0.0,-0.0027687108004465777,0.00093163422774524,-0.00023067180067300706,-0.0062062732782215,-0.00043754503130913336,-0.1065714697074145,-0.010596362361684427,-0.02922200551256536,-0.01379749119747431,0.007943648369982828,-0.0004781216010451214,-0.006860795682296141,-0.0016370207443833357
-0.009793288335204126,-0.04326324380934238,-0.0016432576254010178,-0.03229981005191801,-0.02146794319152831,-0.003911683261394516,0.017566250562667834,-0.05609839454293253,-0.0009162288159131893,0.030982941742986464,0.024087064750492576,0.003498413218185309,-0.0019095991365611908,0.0,-0.0008456240594386932,0.0004163811355829272,-0.006434605233371277,-0.00015475347638127523,-0.002061757892370203,0.0,-0.003004520833492258,-0.004560910165309906,0.0007951673213392463,0.001542938500642771,-0.001015254557132722,-0.0017186026275158306,0.0,0.015535702891647823,0.0,0.0,0.009298418452963225,0.0005685082264244301,-0.008568420708179453,0.0,-0.004705088585615164,0.012021590881049649,0.0001120481546968144,-0.003397571220993989,0.03484967814758419,-0.054969406276941274,0.0010792254284024139,0.00702623882330955,0.11869849972426891,0.0014508866518735675,-0.0012951037380844466,-0.0005823447369039114,-0.0073192689567804226
-0.014355523306876394,-0.030564126539975395,0.0016701631247997145,-0.03349895499646663,-0.023085522279143345,-0.0065219846367836065,0.007516310093924422,-0.0867157913558185,-0.00048397688195109256,-0.006515627345070239,0.0008538472466170788,-0.003468734617345051,-0.0061906745843589295,0.0,-0.0053524577617645175,0.001176756564527759,-0.01075719937682152,-0.0015373209118843267,-0.00795783210545778,0.0,-0.010726419687271123,-0.00503308609127999,-0.003258211016654952,0.0003017878532409757,-0.00252051915973428,-0.00371255880687385,0.0,-0.02927901654504239,0.0,0.0,-0.0012702736258506722,-0.000594112733379018,-0.01450631111860276,0.0,-0.0009051390737295217,-0.007091037286445508,0.00012258021160961585,-0.007398467538878323,-0.0012956222146749546,-0.006649697571992894,0.007362492214888355,-0.012942735501565036,0.01976317152846603,0.024761134572327134,-0.00048423046246170304,-0.007350656967610114,-0.004057564157992605
0.002208469086326631,0.043652772959321726,0.006115395813249047,-0.046660298332572,-0.012726953774690644,-0.004435958862304676,0.011478167837485662,-0.04845627646893266,-0.001686815358698357,-0.0003421175852417885,0.003021414000540984,-0.004281667778268453,-0.0010434746928513206,0.0,-0.002818862199783334,0.0026183228008449105,-0.009340452104806912,-0.0033690368197858145,0.010066488650627425,0.0,-0.007104311585426321,-0.006023904979228972,-0.0023875154275447147,0.0006951420009136122,-0.0020800551306456305,2.6787566021119202e-05,0.0,-0.010125170107930875,0.0,0.0,-0.01619699373841285,0.002299298690632001,-0.01497200965881347,-0.0009952133335173197,-0.0029138737544417426,0.007052741628140208,0.0006023162417113787,-0.005895687118172621,0.0017653860896825607,0.0039027056097984264,0.0040440301876515095,-0.009371695099398489,-0.10429133190773426,-0.0068418944627046535,-0.0029429143620654796,0.008533070106059318,-0.008288090527057645
-0.0023334030807018458,0.06832886107265951,-0.003901892006397234,-0.021955968439578977,-0.008054842352867131,-0.0006336843967437722,-0.004085596203804054,-0.03871601998806001,-0.001954862596467155,0.012930610282346627,0.015328168421983701,0.0007434077560901642,-0.0007789146900176735,0.0,0.00013549119234085305,0.0008815123140811787,-0.004457275867462196,-0.0015066610276699421,-0.004012996852397921,0.0,0.0004634964466094793,-0.0016607451438904186,0.000353849232196779,5.3259432315877486e-05,-0.001321017146110548,-0.0005605888366699285,0.0,0.006350560914725106,0.0,0.0,-0.0015687328577040915,0.0020558071136474454,0.1756989500485361,0.0,-0.0009998482465743974,-0.006436420083045902,-0.0003926852345466636,-0.004185816273093224,0.0004460686445235673,0.09065251782536504,0.0036294314265251093,-0.008033959791064249,0.08194344724528493,-0.00532453596591953,-0.000497715901583401,0.005156714608892804,0.00031576424837115313
-0.0063144876062869865,-0.043420315235853185,-0.0026562464982270995,-0.046027107611298565,-0.01933557659387586,-0.0025465804338455356,0.019692347254604087,-0.03137555442750453,-7.871359586715532e-05,-0.002247950732707976,0.016083954107016324,0.0027447146084159796,0.017019225684925893,0.06201973646879194,-0.0018841616809368023,0.001819435730576524,-0.0070615403354168105,-0.0006736548990011193,-0.014497795291244994,0.0,-0.004959251582622531,-0.0072624745965004095,-0.002153148166835303,-0.0016657088696956507,-0.0013088606670498826,-0.001849705772474397,0.0,0.018429880421608688,0.0,-0.07281320422887802,-0.005280823484063141,-0.00015230923425407772,-0.010058382451534259,0.0,-0.000846139490604414,-0.01275308400392533,0.0005497918184846629,-0.003192815333604826,0.0013890789449214763,0.0033286067098379224,-0.006464863112196323,-0.004456114405766126,-0.05803913610056041,-0.0021657625399530006,0.000559889846481379,-0.008974815169349337,-0.005646150764077873
0.0001764076948165827,0.019078252613544455,0.005378630980849286,0.08563894897699359,0.08142115090508015,0.009843728747218838,0.012426364095881604,0.07635294284671548,0.00037168908864260164,-0.0008274137973785511,0.0019703027606010615,0.0038133174180984275,0.0002496111392975009,0.0,-0.0015694636106491078,0.0019140732288360773,-0.002958618253469464,0.0013512126915156686,-0.0006560793519020947,0.0,0.011382215097546555,0.015185956954956115,0.03163324356079095,0.001355019705370053,-0.0001730412244796975,-0.004405091255903215,0.0,-0.0014759480953216442,0.0,0.0,0.00014878183603284079,0.0032265503704547727,-0.0016868388652801491,0.0,0.006610204521566632,0.00951227439567448,0.00010486822109673222,-0.002732790261507051,7.172465324400967e-05,0.045045105526223816,-0.00496627122163773,-0.005287230759859041,0.043397297710180305,0.0015734327305107765,0.005837423875927894,0.003096494469791655,-0.0015439343452453569
0.00040394753217698476,-0.02553189587779342,0.0024309208989143904,0.1651249419059605,0.08597685057669874,0.005621428489685054,-0.010046601593494409,0.04750874306540934,-0.000357057452201881,-0.00394377976655963,-0.0021448975801467984,-0.006961207091808308,-0.00018546223640442117,0.0,-0.00011081844568250343,0.003456371799111402,0.00022596240043637472,-0.0009474214911461276,-0.013931668400764485,0.0,-0.00019167542457579345,-0.0005071428418159385,0.004819144159555422,-0.0011993297934531633,-0.004011935591697657,-0.00037011027336117386,0.0,0.009917448759079017,0.0,0.0,0.003466658294200897,0.0018464723229408286,-0.011097952425479896,0.0,-0.004733916521072412,0.003937451243400558,0.000970229804515832,-0.002693540528416638,-0.0009933996200561235,0.007396144387312231,0.0036639961600303805,-0.008221299350261668,0.044034815430641194,0.03045563653111455,-0.006555281281471315,0.06097491852939124,-0.0019828790426254517
-0.000399195477366443,-0.08277081690728663,0.004309010282158854,-0.016126175820827454,-0.013701335489749916,-0.0028988710045814436,-0.00041592717170715887,-0.01559356421232222,-0.0035478079319000155,0.0073041881993413105,0.007884479220956558,-0.0054700942337513325,0.038821713542565695,0.0,0.054035890270024534,-0.00019102379679677983,0.02325165286660197,0.0009204275906085635,0.004842227473855043,0.0,-0.00019558370113376133,-0.0031255412101746094,-0.001254980135709044,0.0022526197135448456,2.8418358415355227e-05,0.00019502192735670887,0.0,-0.0019430571794510076,0.0,0.0,-0.00455307871103286,0.003385766744613661,0.06873498007655143,0.0,-0.0017716458439826777,0.0015689209662377857,-0.003935390524566179,-0.002535916119813908,0.0006020501255988853,0.015784618556499513,0.0012981230020522871,0.02062533110380174,-0.001239424981176851,0.006704614311456664,-0.0007417914364486744,0.04181574860587717,-0.007680363953113556
-0.014080919176340106,0.043906451743096125,-0.0037748070061206784,-0.02947165668010715,-0.012440100908279433,-0.004834243655204767,0.010117266047745932,-0.0373394837975502,-0.00014120399951936258,-0.004728406369686133,-0.00047869624570009983,-0.013232824597507714,0.0337848638743162,0.0,0.009624787336215385,0.001975331753492321,-0.0012496327608823576,0.004715614169836069,-0.008773494958877553,0.0,-0.004054233431816101,-0.0026690053939819325,0.00020860739052294686,0.00046078920364381326,-0.002663823477923849,-0.0010064403712749248,0.0,0.0034178304485976696,0.0,0.0,-0.0038755336776375993,8.494850248097485e-05,-0.00854346185922622,0.0,-0.0033588624000549516,0.014926997143775267,0.0007029838860035109,-0.004044038578867898,0.017156378049403453,-0.06074480637907981,-0.014458930566906919,-0.0019511568080634034,0.09571077257394789,-0.002522831447422491,0.0033732413128018113,-0.0011592233180999778,-0.002256784141063728
-0.020696839876472944,0.05386566217988728,-0.003224350139498705,-0.044380512088537216,-0.009749726653099033,-0.003220063745975499,0.0007725466415285931,-0.03782384335994721,0.0015094137936830232,-0.005380894979462036,0.014942221771925696,0.003352132365107535,-0.004645215868949892,0.0,-0.0029897496104240306,0.0019694522954523397,-0.004461272768676278,0.004503905475139625,-0.011387972794473178,0.0,-0.003998197615146637,-0.006204943656921397,-0.0027926827967166834,-0.0024403518438339267,-0.002851379439234719,-0.0014544584229588542,0.0,0.020114133022725578,0.0,0.0,0.03605317592620849,0.0006387554481625535,-0.0080547860264778,0.0,-0.0017857863754034142,-0.00574581916444003,0.0003400124609470312,-0.0043982298672199105,-0.0038854286074638533,-0.05721782790496943,-0.025748844444751756,-0.028035299777984635,0.04208352554589512,-0.004859197940677379,0.00304156072437764,-0.007637747563421754,-0.0021665719896554747
0.0002239776193164178,0.030995992694515723,-0.0008188951015472568,0.09985555067658419,0.1100181047618389,-0.01878882586956021,-0.001913207620382329,0.012649628221988729,-0.0006652367115021485,-1.6108155250549316e-05,-0.0014368013292550552,0.0026780807971953924,0.008143167793750739,0.0,0.011111584603786473,0.0017297162301838365,-0.0020136404037475186,0.0025448966026305753,-0.0007808104157447371,0.0,0.012557898163795433,0.06701315925456586,-0.0002857783436775452,0.0004996559023856817,0.0003936612606048606,0.0008513282239436815,0.0,0.0010483567416668116,0.0,0.0,-0.0022110205888747902,-0.0008574575185775757,0.037959764599800105,0.0,0.0009993886947632369,-0.01728474020957943,0.00011758504435421813,0.00015368700027468263,0.0006683135032653775,0.09254474699497223,0.004118802556768053,0.037026846110820744,0.003082190826535214,0.0022175139188766457,0.0001024499256164213,0.025747814774513267,-0.003240153491497033
-0.006380276754498482,-0.0684598738886416,0.014389561470597986,-0.046277163177728634,-0.023017432987689962,-0.0051751852780580615,0.0072322075348347364,-0.056757929474115384,-0.003483346272259963,-0.005297927595675003,0.0016298454254865535,-0.004337140955030891,-0.0016946056485176025,0.0,-0.0038251213729381395,0.0007184317149221686,0.03732615050859747,-0.00018565222620962885,0.026531497268006188,0.0,-0.0034016886353492592,-0.006798344030976289,-0.002083104178309453,-0.001261345595121366,-0.0022749817185103716,-0.0008872826769947967,0.0,-0.01558417883235963,0.0,0.0,-0.007478169649839411,0.0016028504073619942,-0.008846100494265555,0.0,0.00746864696964622,0.03135669121518732,0.0006926732324063489,-0.006636752411723124,0.00017146721482277916,-0.04850556742399931,0.00763303246349098,0.005269716996699578,0.004012917745858421,0.010914140245877196,0.008292719256132827,0.0049211888015270044,-0.008285439759492863
-0.002125660534948115,-0.06277172830188649,-0.005233877822756777,-0.043397247921675444,-0.01348806459456682,-0.005367130339145668,-0.0005947304191067822,-0.0813264736533165,-0.00011064751073718015,-0.002468119803816088,0.001145002774428583,0.00339641570113601,-0.001408076621592022,0.0,-0.0011832806840539195,0.0015852778591215685,-0.0033369209803640696,-0.001799176577478634,-0.018594223447144044,0.0,-0.0012619096040725752,-0.0075862609595060415,-0.002206669691950075,-0.0013360326737165418,-0.0025051435083150997,0.004391311062499877,0.0,0.005628153383731828,0.0,0.0,-0.009014068804681311,0.00018978251144291525,-0.007883587535470728,0.0,-0.003796602226793771,-0.004932611230760803,0.00027892690617592475,-0.005406758561730382,0.0008693613857030796,-0.007291401820257309,-0.004102481938898554,0.007013897928409292,-0.07944747249595821,0.0010987648088485041,-0.003266122369095667,-0.005953943338245168,-0.005328886713832616
-0.0007146955933421822,-0.019110442353412513,0.0031992891966365483,-0.044668650012463326,-0.02451496163383124,-0.007567466497421252,-0.003400085773319003,-0.0793629632331431,6.287449970841796e-05,-0.0013489555381238638,0.0031643766723573035,-0.0029449736746028077,-0.000783631317317483,0.0,-0.003670354224741445,0.0008913909550756181,-0.006157365925610073,-0.010784502560272802,0.011052975622005759,0.0,-0.006369920577853922,-0.0008367425203323411,-0.00034919338300826164,0.000806116163730608,-0.0006543355714529568,-0.0005840921029448554,0.0,0.0022256330074742585,0.0,0.0,-0.017564588524401195,-0.0008037738036364185,-0.014615721181035046,0.0,-0.0018138814158737554,-0.0032700694352388524,0.00024422351270916853,-0.0032898692786693697,0.0024516508728265746,-0.04959754322189838,-0.0022898372379131643,-0.011688426858745521,-0.04248972270637752,-0.012991921938955792,-0.0020286743994802313,-0.016566769909113647,0.010597840230911981
-0.01734433542937039,-0.04046058371895925,-0.0006470919772982725,-0.03104563415050507,-0.018742511868476863,-0.002067964673042294,0.003134856950491663,-0.08549355721101164,-0.0013454628270119506,-0.00503592326305808,-0.0010632946179248426,-0.0012401365535333886,-0.0023550242930650833,0.0,-0.0021819894015789043,-0.00011413812637328657,-0.003028312567621483,0.00615649938583375,-0.013972066268324854,0.0,-0.00610200040042401,-0.0036789304018020608,-0.008973505422472952,-0.0036366350203752285,-0.0026256256736815198,-0.0017958110012114004,0.0,0.0038169070449657894,0.0,0.0,0.014662842531688508,-0.00013227416202424291,-0.008191196620464303,0.0,-0.00012770004570483717,-0.01859882211312651,0.0002968595549464187,-0.006901143267750751,-0.004386346638202671,-0.076157000567764,-0.0031737866438925344,-0.005019122678786528,0.054046227242797604,-0.006589789465069759,-0.00236238894751295,-0.0029159020166844296,-0.0022903981059789746
0.0023880229704082018,-0.06583708554506303,0.0006543239578604698,-0.03695934712886811,-0.02148441791534425,-0.006594693511724467,0.011051148893311637,-0.03397962402552365,4.5109018683417434e-05,-0.00495757151395082,-0.00039359837770462647,0.0017352231964468806,-0.0055023559182882376,0.0,-0.001980640329420552,0.0013266890123486558,-0.004135604947805405,0.0019807563722133714,-0.00488315463066101,0.0,-0.0036344939470291104,-0.004296815991401665,0.0013718788698315748,0.005868550688028343,-0.0024091017432510964,-0.0018966922163963437,0.0,0.01369176016189158,0.0,0.0,-0.0165174674242735,-0.010240789968520403,-0.008776518628001204,0.0,-0.0007245058566331675,0.0021269708126783055,0.0017331758234649802,-0.004522358812391755,0.0012247743457555749,0.006656542206183079,-0.015442931940779094,-0.002696217922493846,-0.09989536897279322,0.013181303832680014,-0.0003797317110002252,-0.01789465208537875,-0.006214536800980552
-0.00952177650295196,-0.036980080204084526,0.0005278330203145748,-0.047423603557981545,-0.015303896046243621,-0.007073727888055131,0.025407769763842226,-0.035275879111140974,-0.001426825337111963,-0.00018462318927048305,-0.003198342723771931,-0.00042889615986495266,-0.002700195647776129,0.0,-0.006678857952356367,0.0013925422169267891,-0.003158122580498468,0.003859031042084099,-0.006207023793831465,0.0,-0.0042647126317024026,-0.003833124637603741,-0.006121983937919129,0.00045959951356053935,-0.00018881910014897224,-0.0011373489955440186,0.0,-0.003249546303413821,0.0,0.0,-0.019606470912694914,0.0003348654881119833,-0.013195842206478126,0.0,-0.005403234371915457,-0.016066291751340042,0.00031439921353014835,-0.0051718668686226085,9.553512791173058e-05,-0.08645905149634929,-0.002433034272398816,-0.014545788941904919,-0.06430868385359645,0.006310247364453965,-0.0003626044047996338,-0.0038594772713258715,-0.004201826900243767
-0.003950512008741441,0.04513015300035475,-0.0013220501691103281,0.23127096919342877,-0.018514824509620692,0.05287905165459961,0.016921812631189803,-0.029261686503887163,-0.00019912671297789286,-0.0055054935812949846,-0.006232236176729217,6.533116102219738e-05,-0.0022248518280685026,0.0,-0.0027667504549026556,0.004045715630054486,-0.0038017951138317185,0.004567640572786358,8.703850209709763e-05,0.0,5.372762680089238e-06,-0.002647981345653555,-0.0045375811308622505,-0.001727889180183434,-0.0013382588513195792,-0.0013802996184676397,0.0,0.00738937935791914,0.0,0.0,-0.003626352623105039,0.005227424995973701,-0.00702503621578221,0.0,-0.006629031002521518,-0.03280705085024238,0.00022256553173063964,-0.010108643062412742,-0.01096745312213901,-0.13701929569244384,0.020884892353788043,0.006833580136299117,0.07079931826330724,-0.030841613183729355,-0.0008274371176958117,0.011302632093429577,-0.004159669801592797
0.011331324707716688,-0.026193897274788457,-0.014868675731122494,-0.05346584618091584,-0.022717875391244896,-0.010362218348309402,0.02847298230975868,-0.05582411700859667,0.002158978795632732,-0.005191403320059199,-0.00018772604875265386,0.004546293327584858,-0.005131083801388728,0.0,-0.0021700468659400923,0.001676121596246971,0.017866849256679404,0.0026770940748974473,0.0247573138680309,0.0,-0.007507509738206852,-0.004908802155405279,-0.0028241678606718557,-0.001856286651454854,-0.0014729621820151785,-0.0008084496203810063,0.0,-0.011739825126715002,0.0,0.0,-0.008490913733839978,0.00018288783729077107,-0.0125003231316805,0.0,-0.00247712140437217,-0.005544529836624887,-7.069559767841627e-05,-0.005131569448858508,0.0021723680710420135,-0.08329300478799269,-0.012372653968632238,-0.007825105325318882,-0.06087690293090417,0.000931704845279456,0.0019769347016699718,0.002183093782514342,0.0006514667952433398
0.008270199210383009,-0.03792099487036464,0.002387609183788303,-0.05761570803821085,-0.02548751860857011,-0.007629102766513823,0.029403592124581338,-0.02156386904418467,0.0031133951619267825,-0.0012408963218331348,-0.0009433723054826093,-0.0017883887700736872,-0.006305926740169526,0.0,-0.004975494742393505,0.001904504001140575,-0.0030031889677047674,0.005888221524655832,-0.009709495399147255,0.0,-0.00023009508848192972,-0.0069866301119327345,-0.00723910026252271,0.0030146460235118966,-0.0019044710323214836,-0.0005598684772848972,0.0,-0.010303628859110181,0.0,0.0,-0.012934359386563302,0.00032920530997215813,-0.01017376534640789,0.0,0.0002917725685983863,0.012511398186907163,-0.0005588635709136425,-0.005728599615395069,-0.005394031479954736,-0.04053670296445491,-0.01587380476295948,-0.026579973921179778,0.009329456649720694,-0.003965850239619623,-0.006661475650034845,0.0037462700065225285,-0.005369428009726118
0.0068483678624034205,0.06696213502436876,-0.00010589079000056234,-0.019964179992675773,-0.006811107993125898,-0.0032756730914115517,-0.0008365724049508583,0.07531424198299638,-0.007256810571998312,0.026902149915695173,-0.009799881055951087,0.00871953792870045,-7.580712437627035e-05,0.0,-0.0016217264533043285,0.0014968355931341826,-0.00284487903118133,-0.0032571897655725435,0.009874748839065445,0.0,-0.0010214489698410212,-3.1081438064628486e-05,-0.0023063820600509877,0.0011982192099094513,-0.005883438289165488,-0.0004360601305961054,0.0,0.003977664560079586,0.0,0.0,0.02929228355176744,-0.0012977886199951327,-0.005358020067214919,0.0,-0.0049531412124633745,0.010769052132964169,-0.0001819051988422582,-0.007017983049154297,0.008079458046704513,-0.0333593426458538,-0.0020927236694842644,-0.0020037049055099954,0.12583391735330224,0.025388637650758022,-0.0021006026118993992,0.004970982037484667,-0.0041687239706516555
-0.009371276153251534,-0.04561268555931747,-0.002502666041255,-0.05482188109308482,-0.011627128478139619,-0.004600658826529963,0.000594977494329213,-0.022493569217622272,-0.0006030914932489556,-0.005923623815178858,-0.0009668857418000665,8.550008293242706e-05,-0.001902114339172839,0.0,-0.004170557260513297,0.0011114544421434447,-0.006452697981148975,0.007738660201430325,-0.011752529554069045,0.0,-0.002110953927040096,-0.007835347801446915,-0.0039002344198524885,-0.000411880128085608,-0.0009704844653606465,-0.0010723135620355623,0.0,0.018523818599060167,0.0,0.0,-0.010011293590068832,-0.0076440768269822185,-0.007711928188800801,0.0092501148628071,-0.0019025027938187195,0.006589515581727032,0.0006372282281517927,-0.0015104638412594754,-0.002992997691035282,-0.07782262828201056,-0.016165910642594095,0.0031109009031206336,-0.05434611002448946,0.004131958959624163,0.00010762710124254116,0.004769696202129137,-0.011977754393592471
-0.0009776914678513715,-0.03415354129858311,-0.005774618089199074,0.2897413341514766,0.053574497280642425,-0.0029595708847045543,-0.008211421649903045,-0.010572389513254177,-1.5294668264720368e-05,-0.0024766431003808986,-0.004942590487189619,0.005870745470747368,-0.0005124359577894089,0.0,-0.002859889864921583,0.0015943225659430238,-0.002104543969035144,0.007346046417951557,-0.010108264386653909,0.0,0.0009760808944702104,-8.04671645164845e-05,0.0012575765140354633,-0.0033221411705017523,-0.0008723039366304863,0.007935890220105657,0.0,0.01609364153817297,0.0,0.0,0.0020614705234766606,-0.0012937821447849274,-0.011643035411834701,0.0,-0.003209141492843598,-0.003946075341664246,-0.00010158415883781968,-0.004837858192622668,-0.002463416755199427,0.059551735338754935,0.009816275008488445,0.005533113898709419,-0.04208376580849291,0.02377795454813164,-0.004518443029373875,0.0003879702091216519,-0.006936731487512587
-0.010408619903028007,0.06758950668852776,-0.0019142534863203914,-0.03945101115852595,-0.007953429408371453,-0.0017960636317730094,0.01650098626501858,-0.04950947687029838,0.001027207411825666,0.006530482457019385,-0.007498706327751278,-0.011657068617641916,-0.0025226172432303434,0.0,-0.0015442684292793357,0.002495082411915067,-0.00932414665818216,0.002954301573336121,-0.011907112244516599,0.0,-0.0059347110986709695,-0.0006057564914226515,-0.006835447773337361,-0.002655804650858018,-0.0020048907026648383,-9.74851287901396e-05,0.0,-0.015625442611053586,0.0,0.0,-0.03194363029673694,0.003976089293137183,-0.011798650473356237,0.0,-0.0021527260541915894,0.021229123780503872,-0.0005976943485438979,-0.004108183123171336,-0.0006187168508768048,-0.134793485654518,0.021494946712628013,-0.009311440829187612,-0.07779692460782826,-0.012492023990489542,0.0006129427999258183,-0.005192262995988128,0.010032176659442463
0.004452537447214133,-0.03206291071139276,0.005756773324683301,-0.051246373653411864,-0.006250864639878282,-0.005200899839401252,0.005119276503100997,-0.0631426084600389,-0.00018622957170010002,-0.00695727160200478,-0.0005121641140431177,-0.0012411236204207116,-0.004926746394485232,0.0,-0.0013039705157280035,0.0014146467484533742,-0.008493050634860992,-0.0009279143437743026,-0.015714024137705555,0.0,-0.004907649084925629,-0.006202447861433008,-0.0016119824536144564,0.0006741258502006506,-0.001388898789882645,-0.0009918649401515767,0.0,-0.012024740306660533,0.0,0.0,-0.018259900212287912,0.0006948186922818428,-0.013080396577715897,0.0,-0.0015124145895242802,-0.02089204899035394,0.0004659858904778949,-0.007166988654062151,-0.002967541981488464,-0.02555248526856302,0.001026778519153601,-0.011309696519747364,-0.04553751789964737,0.00016770065762103034,0.0012432771176099713,-0.018632101537659776,-0.003916329005733132
0.00013373833149674108,-0.07674267184920608,0.008687559552490731,-0.029731605648994464,-0.016024121120572082,-0.009548217952251414,0.01577507174573836,-0.08436400935053827,-0.0006606599595397611,-0.006115872729569677,0.002272166572511225,-0.0005911046266555975,-0.0028521408140659427,0.0,-0.002243294864892942,-0.0009452748298644786,0.034036169406026606,-0.0018813071399927106,0.024145986279472675,0.0,-0.003996140956878669,-0.004618686139583605,-0.0042560305446386615,0.0015342902764678007,-0.002105939537286744,-0.0010278649628162329,0.0,-0.030279798135161407,0.0,0.0,-0.02058612972497939,0.0008266797102987611,-0.010382630527019474,-0.01316798061132432,-0.004358082115650169,-0.017104735076427457,0.001097048595547656,-0.005061729922890668,-0.0004074718058109106,0.09981671323999763,-0.010382895227521671,-0.0043185975402593585,-0.016111902408301834,0.015895532267168166,-0.008069958416745071,0.0030453132838010877,-0.006981196850538274
0.007478539547882976,-0.037082597333937886,-0.00019404492340980087,-0.047526467749848984,-0.026029794886708257,-0.0026027135457843634,-0.00011651073582468092,-0.014175861077383178,-0.00020712831057607614,-0.0067355693597346555,0.001450380594469624,-0.007409383838530625,-0.003919534310698518,0.0,-0.00638215164653955,-2.2656817454821954e-05,-0.0026448915526270794,0.0013499439042061537,-0.008757284875027829,0.0,-0.009151513129472724,-0.012950665205717096,-0.005220813238993288,0.003115920973941661,0.0013665928877890227,2.2252625785645908e-06,-0.009018551090266554,0.00289661074988546,0.0,0.0,-0.0088505430566147,0.0010757711948826756,-0.007777484608814111,0.0,0.002723526516929267,0.0011311803292483116,0.0009880784433335052,-0.004108324861153964,-0.0027182045858353404,-0.06277897988911718,0.001125039835460473,-0.0029047804791480277,-0.1328257922991179,0.012244203705340614,-0.0024948790622875,0.006579705614130946,-0.00678995228372514
-0.0010376062244177031,0.028078197129070795,0.0015388658642768588,-0.015971118360757847,-0.019369623139500608,-0.004039852097630511,-0.013308058790862512,0.10661828157491984,-3.769170492887164e-05,-0.00517733529210089,-0.008365162643603985,0.007275302074849568,-0.001855576280504423,0.0,-0.00010905608534814148,0.0033952501416206343,-0.007096056602895251,0.0032934360951184793,-0.009519325196743048,0.0,-0.009020826816558844,-0.002935400009155306,-0.004694503992795945,0.0007275646924972679,-0.0016983125545084465,6.261412054305027e-05,0.0,-0.01977910396177321,0.0,0.0,-0.019305337071418766,-0.000903148017823735,-0.009938640296459161,0.0,-0.0054994222521782266,-0.016499860538169736,0.00036105386912824167,-0.004003615342080574,-7.22415000199983e-05,0.09366111403331161,-0.007699805190786724,-0.010976253338158118,-0.047846832228824465,-0.0024908439815044536,-0.002999399974942238,-0.006266340706497453,0.028344888333231177
0.0011407860275358134,-0.07129644249100239,5.517556332051976e-05,-0.04547846892848609,-0.0067841128632426355,-7.348084822297873e-05,0.025828374908305682,-0.05209254678338766,-0.0008443559519946409,-0.0015883638896048262,0.0019019547663628941,0.004116002290975293,-0.0003171057067811456,0.0,-0.0017869679443538213,0.0013611546903848516,-0.005865066349506374,-0.00010601389221845739,-0.008225372750312095,0.0,-0.003686403697356573,-0.0026554784178733637,-0.001903683245182062,-0.0033843093644827654,-0.0013345891423523493,-0.00036460716277359265,0.0,-0.02211928585311397,0.0,0.0,-0.011010337681509535,0.0009284922946244528,-0.008570581581443543,0.0,-0.0022964158281683876,-0.0039074663026258324,-0.0002455542050302101,-0.002986577022820708,-0.00023015471175312496,-0.06576713636517524,0.0007056327350437458,-0.0018564643571153255,-0.08353822802659125,0.010541199790313847,0.0004918580176308737,-0.0025799778942018625,-0.010630989312194302
-0.0016903384588658824,-0.030865406850352873,-0.0008311533555388495,-0.06255724009126426,-0.01558011688292027,-0.006583974771201626,0.009438713588751847,-0.047773448396474134,0.0004289758694358131,-0.0036326113156974482,0.0123154987860471,-0.004130785912275309,-0.0059809941053390395,0.0,-0.00419438302516939,0.0016423853300511562,-0.005335783977061512,0.0030779502913356044,0.0007633485086262215,0.0,-0.007180285826325412,-0.0038152676820755044,0.0014361239969730571,-0.0003727291896939433,-0.002900053486227988,-0.0026737378165125614,0.0,0.009780116789042951,0.0,0.0,-0.009089230112731453,-0.007344179032370446,-0.014459081813693056,0.0,-0.001545822024345389,-0.012687053568661205,0.0007419226039201005,-0.004606817495077839,-0.002353717535734167,-8.720301790161866e-05,-0.007769178766757243,-0.005008168728090831,-0.10986723855137825,-0.00320108613930643,-0.000632744985632594,0.003967174878343943,-0.0028345927689224365
0.013285586684942258,0.05753123703412713,0.0023037631623446797,-0.02914675664156674,-0.01672133818268773,-0.00624747246503829,0.013284355979412799,-0.05658376745879651,0.0010533837415277747,-0.00538917322643101,5.7796016335487366e-05,-0.029070157809182984,-0.0013666344434022926,0.0,-0.003071080893278122,0.0030291187204420367,-0.007064764872193319,0.011839335849508636,0.010882748495787381,0.0,-0.005565637648105637,3.817647695542048e-05,-0.005206221565604213,-0.0020200141519308157,-0.0005969770997762969,-0.0013551998976618074,0.0,0.017030288623645917,0.0,0.0,0.030822037449106582,-0.0013502047490328573,-0.006456596255302427,0.0,-0.003807623237371466,-0.0009426222741603929,-0.0008800529595464346,-0.004887930452823652,-0.0018653509020805648,-0.056046420736238334,-0.02465816834941506,-0.029785298425704237,0.03692199396900833,0.01149633917957546,-0.0019302365463226834,-0.006346000693738474,-0.007289772629737873
0.008942639920860515,0.03598581013269725,0.0016383176296949353,-0.05703210338950157,-0.009000633805990213,-0.003159087561070917,0.024984308746643397,-0.037436895146965965,-0.0009764391463250102,-0.0018520638160407776,0.0004504930693656345,-0.004979311190545538,-0.0036232386529445604,0.0,-0.0026451113820075978,0.0022872047685086883,-0.008209131658077268,0.002095246165990841,0.0035199128277599856,0.0,-0.0019606290757656075,-0.006997409164905544,-0.005854456722736337,0.0011898420006036525,-0.0022143498994409982,0.000903213918209092,0.0,-0.025145768169313673,0.0,0.0,-0.01942889221012592,0.000926692709326743,-0.01630693756043909,0.0,-0.00348510257899759,0.03206537881866098,-0.0031972018815577263,-0.00637182220816615,0.00020868420600890503,-0.007763426750898389,-0.0556769926007837,-0.010154380751773717,-0.11997028395999222,-0.0025476378574967734,0.0015722029656171643,0.00041229392401873066,-0.010329457307234419
0.004775177324190735,-0.050514823663979774,0.00013992086052894148,-0.04138910099864006,-0.020030034407973296,-0.007928531765937802,0.017141337376087903,-0.009275376200675964,0.0005518643930554207,-0.0027170028351247433,0.006879312805831428,-0.008316186405718323,-0.0017929975967854173,0.0,-0.0008127894997596863,0.0013527881074696657,-0.0019084894657135087,0.0009869170933962113,-0.0029428916424512758,0.0,-0.00883576884865761,-0.006051739454269428,-0.0032114481925964444,0.0005264340341091245,-0.0013542550243437201,-0.0012167795374989354,0.0,0.01064514863304794,0.0,0.0,-0.010197304114699351,-0.001891097957268384,-0.008892086446285224,0.0,-0.0021357887983322194,-0.007426443244330588,0.00044588148593902033,-0.005506850220263024,-0.002300924956798539,-0.0010836831433698457,-0.0025115094985812825,-0.013375350795686247,-0.005579759096726783,-0.012728158086538321,0.002359130745753668,-0.014035677760839457,0.005884284256026148
-0.00024920990224927553,-0.028721864274702975,-0.001640415033325543,-0.043500199783593416,-0.02260617494583128,-0.005518270283937435,0.023782430533319708,-0.06870146561414003,-0.0005451555550098491,0.0007669325638562235,0.002664491562172761,0.00013120738789438452,-0.0011891129612922463,0.0,-0.0035042542964220103,0.0005818556807935128,-0.004834478870034232,0.0018741730134934215,-0.01029000139795246,0.0,-0.0034548629820346927,-0.004865191578865044,-0.00216137235984204,-0.0015564291924238215,-8.620047941804154e-05,-0.0002798478258773801,0.0,0.0016431259294040663,0.0,0.0,-0.01876965127885344,0.0006895430106669403,-0.008066162560135134,0.0,-0.0023455279925838,0.020328172221779836,0.00023714393377304022,-0.004347503548488008,-7.146202027798199e-05,-0.04982511556707321,-0.0023298225179314448,0.005486150975339124,-0.14128640737384557,0.007554545626044282,-0.0002032460458576968,0.0029304882814176515,-0.006613673670217372
-0.008696135841310015,-0.04467930864542721,0.0012219406664371602,-0.027838388606905906,-0.01796204566955567,-0.009444760382175427,0.019823902430944118,-0.03698572985827922,-0.0005457828193902725,-0.0018979184702038743,-0.0021177737414836972,0.0012286512553691953,-0.0033673408254981108,0.0,-0.0022372728586196877,0.0031708946079015976,-0.006017584837973128,0.0040029414743184555,-0.008279147371649753,0.0,-0.0008625036478042691,-0.009199017286300654,-0.003154102414846427,0.001824878081679332,-0.0003508500009775095,-0.0010739444941282317,0.0,0.013574282657355052,0.0,0.0,0.056715809665620315,0.0005577411502599716,-0.004057887494564094,0.0,-0.0014874228090047403,0.008826636113226427,0.0006785075925290485,-0.004460988342762012,-0.003383648246526705,0.14089271089993416,0.0012601765245199015,-0.006903235530480695,-0.04009895075112582,0.002166166468523467,0.0013224965427071078,0.052413532435894,-0.01153967801481487
0.0024583803862333053,0.07281246863305568,-0.0024775245040655203,-0.024331986159086244,-0.011378618478774999,-0.0025783586502075018,0.018992050625383866,-0.03955143481492995,0.0067061024531722135,0.02563890241086486,0.006855894476175295,-0.00018177025020124637,-0.0015542731061577442,0.0,-0.0008155843615531844,-0.0008101728558540244,-0.0024619553983211695,0.0029515294730663166,-0.007986687272787063,0.0,-0.001029480695724505,-0.0012745434045791648,-0.0016032334417104832,-0.0010595527291298035,0.0001470638439059202,0.00014734148979184125,0.0,0.018432790264487298,0.0,0.0,-0.014645394384861038,0.0006687938887626199,0.20295632108114664,0.0,-0.004480374753475153,0.015807354645803573,-0.004971993071958392,-0.004100315272808103,-0.0010791099071502386,0.06571606715209782,-0.0018327028583735583,-0.0009890902414917968,-0.05072463657706977,0.008431059243157485,-0.00032167371362451513,0.011022166283801232,0.00958287589251991
0.0031676331162452387,-0.07486008949577808,0.0075816287100315405,-0.02147203370928763,-0.00689593017101281,-0.0012066540122032676,0.017983854031190266,-0.05369671009480956,0.004503481010906418,0.014174328036606287,0.015262142354622477,0.018094436158426097,-0.005100722201168556,0.0,0.0001953238248824929,0.0008855362236500075,0.044308617711067255,-0.003280252516269677,0.03299662724137303,0.0,-0.0006130361557006581,-0.003742973804473859,0.0002701574563980791,-0.0008011247217655226,-0.00013766949996352196,-0.0006277068331837776,0.0,0.006230022162199006,0.0,0.0,0.05101564954966309,0.0011336143687367128,-0.002844026684761025,0.0,0.013210752271115789,-0.007937564402818675,0.00031211376190182216,-0.004163028374314287,0.0007261472940444935,0.1571862949058413,0.0012532594054937285,-0.005186816593632099,0.07009641624987126,0.039901152998208955,0.00029434509575368417,-0.008285267492756265,-0.004755390882492078
-0.016877859095111497,-0.039416178502142435,0.003716711401939382,-0.047996279746294,-0.030225834548473385,-0.0018535086512565802,0.024202839788049435,-0.009831553697586093,0.00018990551121533805,-0.005676677031442506,0.0019438651949167107,0.005879053734242912,-0.0017355995625257803,0.0,-0.0011625501513480851,0.0014885842800140547,-0.0011935763806104893,0.0026656693220138417,-0.010293883234262446,0.0,-0.00046658307313920955,-0.0038579854369163447,-0.0029118603095412143,-0.0017515066266059753,-0.00402266623452302,-0.0005940531287342288,0.0,-0.01618923000991343,0.0,0.0,-0.013673299625515917,0.001187196671962737,-0.012380573451518995,0.0,-0.005158655792474737,0.016800306858494873,-0.0015112786367535713,-0.003993544075638067,-0.004670159369707133,-0.09438030380755663,0.01004165955819189,0.043653655322268614,0.11738895159214738,-0.014672975298017282,-0.0016735332924872615,0.0025777731556445582,-0.013308397233486174
-0.005339449299499371,-0.057517391755245645,-0.001345874853432183,-0.06804064281284808,-0.007537649245932715,0.0011917310208082038,-0.007692491626366992,-0.03370981652289627,-0.0010896989051252491,-0.00329640155658127,-8.805505931380742e-06,-0.005294590415433058,-0.005179241858422778,0.0,-0.0020380486175417684,0.0006320250779390246,-0.00948727043345568,0.00194617121480406,-0.00608115021139383,0.0,0.0002741646766662581,-0.006318405279889699,-0.005473306290805335,0.0008593535795807863,-0.0014876026473939347,-0.0005237730778753589,0.0,-0.013053426295518873,0.0,0.0,-0.007693084329366676,0.0013641320448368847,-0.010381036438047893,0.0,-0.0002761208079755523,0.007966945255175238,0.001978221405297499,-0.006871885387226925,-0.0011674358136951977,-0.0770954479277134,-0.011245888462290174,-0.010134888086468008,-0.01260418669786302,-0.009782509701326478,0.0019240690302103833,-0.002786002531647668,-0.004083767719566839
-0.003371632918715478,0.035299695590510966,-0.005227363109588601,-0.020392242074012773,-0.018716650903224913,-0.0027318406105041326,0.003471347782760842,-0.044473821669817004,0.0009875895455479788,-0.005588326677680028,-0.00011517077684403132,-0.0016476762294769243,-9.295850992199761e-05,0.0,-0.004830552786588671,0.0016765326634049504,0.0006719483435153883,0.00017403468489646245,-0.00831377282738685,0.0,0.058751755626872154,0.1130376137793064,0.0005960462987422699,-0.0006404444575310309,-0.00163554836064575,-0.00021129220724105946,0.0,-0.007000327669084039,0.0,0.0,-0.005682359337806697,8.922845125197698e-05,-0.009923890233039884,0.0,0.0004552558064460921,-0.003787268949672573,7.66162946820581e-05,-0.0003781457245350117,0.0003700304031371837,-0.05205067449249323,0.0010505110025406106,0.006060586702078569,0.0007872307300567372,0.01141734545119108,0.00501456417143345,0.0009400691557675811,-0.0044205711223185284
0.0016881165094673745,-0.07079364804551004,0.007934097507968557,-0.06598399840295315,-0.013119631782174117,-0.015753620918840153,-0.012566745486110448,-0.05192625939846039,-0.005788941206410526,0.015189834963530324,-0.007109079733490953,0.0011402426101267335,-0.004081121496856216,0.0,-0.0025832453928888027,0.0008478809706866722,0.03957025302574038,0.0022612609900534014,0.006115137459710235,0.0,-0.008714652061462436,-0.010281752645969394,-0.002521990612149222,-0.0029420381784439065,-0.003497447911649937,-0.0002715815044939396,0.0,-0.013859584033489233,0.0,0.0,-0.018741295784711842,0.0018247662484645877,-0.010514576733112346,0.0,-0.004332621693611122,0.008462350592017165,0.003045463562011727,-0.005881479550153057,-0.0010865660011768336,0.049981298418715576,0.020628229323774595,-0.006169487768784163,-0.09720189155079423,-0.0036412700358778166,-0.002586071304976942,-0.005334078008309012,0.007306169718503966
-0.004158935844898237,-0.026472876965999537,0.008210061788558987,0.13503038026392455,0.13420875273644925,-0.0017639178037643366,-0.018750574886798876,0.07044155065901578,0.005125208729878095,0.011437814533710455,0.016405247189104577,0.006933186054229767,-0.0007579299807548567,0.0,0.00017322301864619583,0.002362604141235347,-0.0008535963296890658,0.005135425925254844,0.019423140585422494,0.0,-0.00098205447196964,-0.0028681653738021895,0.0001989305019378662,0.0012984398007392928,-0.003796361982822405,0.0008867049217224365,0.0,0.01003098807763303,0.0,0.0,-0.0062005561590194325,0.003204368650913225,-0.001851794123649636,0.0,0.003082808530889436,0.007078940868377681,0.000380831658840175,-0.0013864743709564031,-0.000475471019744822,0.07490785509347914,0.006105727553367579,0.0034471180103719246,0.07872965373098856,-0.010292752385139436,-0.001766333868727099,-0.001870791539549832,-0.006190558671951285
0.007107582315802552,0.052509370855987086,-0.0023896439885720544,-0.019023967832326905,-0.014781033843755703,-0.0016941618919372459,-0.018280607610940885,0.07170034244656562,-0.004680257104337199,0.03272351525723932,0.0006559908203780662,0.006970444829203198,-0.0009323769807815796,0.0,-0.0016501651704311227,0.0026608259603380924,-0.007043243274092698,-0.0033234444260596963,0.02322402417659758,0.0,-0.0046073177456855685,-0.002214136719703663,-0.004225253015756575,-1.5707015991212048e-05,-0.002057884633541146,-0.002367521971464198,0.0,0.012771883551031371,0.0,0.0,0.03599611759185789,-0.0023207832872867706,-0.007094176709651928,0.0,-0.0014861324429512324,-0.00494680896401406,-0.00045360147953033003,-0.001164149791002267,0.0008970698714255709,0.010806332221254739,-0.012412058999761943,-0.002366989292204358,0.11299281627871097,0.027906731814146074,-0.004039358831942064,0.0012642887234687872,-0.0035300087928772095
0.005176406279206264,-0.042554988157935444,-0.00721005659317598,-0.03011180683039128,-0.00610976122319699,-0.009710079580545435,0.0015326643246225957,-0.026484431060962384,-0.0010845165699720494,-0.0017062588175758633,0.0007139976415783122,-0.015661664623767127,0.00010310815880075312,0.0,-0.0022456421144306654,-2.9675599653278262e-05,-0.004065740648657085,-0.002711835918016727,0.008019077195785942,0.0,0.0006926590204239004,-0.003679216727614406,-0.0009936851914971873,0.00043558508856221534,0.0003725330857559869,-0.0018794574216008109,0.01750533821061255,0.005201307074166813,0.0,0.0,-0.02637297015637159,-0.0012221753131598165,-0.004527835845947278,0.008799339248798804,-0.0017624604795128083,0.0028950598230585434,0.0011686370335519357,-0.0012942767515778525,-0.002696437258273357,-0.06494310684734957,-0.0019600940449163336,-0.010373174871783686,-0.12444188460009173,0.002728485446423297,-6.251405226068152e-05,0.0033872884232550894,-0.0076942161121405644
0.0007892623730003934,-0.03424500897061078,0.0037532553076744107,-0.04215555235743522,-0.030834688991308236,-0.004197023026645187,0.003634795378893621,-0.05713065732270479,-0.00021411564201118116,-0.005011490965262072,0.0014903624262660939,-0.002653420651331548,-0.003552694618701932,0.0,-0.0023866706341505173,0.0013657201733440344,-0.004052577652037134,-0.003956403089687227,0.013129958026111124,0.0,-0.003957960102707145,-0.0010047987103462275,-0.0020641337148844946,-0.0008537414297461604,-0.0007189740333706229,-0.0006636917404830578,0.0,-0.01913594148121775,0.0,0.0,-0.016664354801177977,2.9886607080670258e-06,-0.006874600071459999,0.0,-0.001086368784308428,-0.0023464940302073967,-0.00014732797630132022,-0.007602461390197268,-0.0003316569700837213,-0.0902823053486645,-0.0055555440578609755,-0.008752263863570989,-0.04682705445680768,0.016533997524529706,0.0050609363289549625,-0.005922900317236773,-0.00029780651442706807
-0.01588252283632756,-0.06100841014645994,0.0008422568812966463,-0.04236644800752401,-0.016713693961501103,-0.0014164113998413191,0.01423217315226791,-0.016009981897659602,-0.0006251202616840736,0.011541524811182188,-0.003139613913372155,0.00270443615736439,-0.0030104722082614672,0.0,-0.0009929633326828634,0.0037024161405861296,-0.0021162148192524974,0.00037684179842473534,-0.008698227517306794,0.0,-0.003028080090880382,-0.0030406861007213487,-0.0016372584179043803,0.0008388588577509133,-0.0023749169707298467,-0.0016807947680354124,0.0,0.008716327100992202,0.0,0.0057948787487112075,-0.009486250132322325,0.00041277334094047546,-0.009370237179100524,0.0,-0.0038293307740241075,0.013185894745402044,0.0013363869814202456,-0.0029363923147320975,0.00016820020973681502,-0.1049593049706891,0.006273163221776484,-0.008007485428825012,-0.09928718319628388,0.008190932516008595,0.0008311873045749735,0.0004986721929162961,-0.006388781405985373
0.002187018943950514,-0.06805181574076416,-4.056344740092921e-05,-0.028059938549995417,-0.02025880292057991,-0.010066853463649751,0.009988617617636926,-0.027071562111377692,-0.00023721955716611565,-0.003992708399891853,-0.0048028160631656686,-0.015028288327157493,0.0024258471839130047,0.0,-0.0009791276603937082,-0.025161782279610648,-0.0130379813723266,0.0018671387620270152,-0.0031957813166081962,0.0,-0.005358182117342965,-0.006349609615281228,0.0024075050186365826,-0.00041365083307026707,0.039415683196857565,-0.00010045036673546337,0.0,-0.01808530583046375,0.0,0.0,-0.017189658153802162,-0.00026473897509276395,-0.009869473688304438,0.0,-0.0072778757661580845,0.00020144412294031966,0.0004051776789128908,-0.0038321846723556457,0.0028391602262854525,-0.040608151005581024,-0.003139340281486533,-0.006695076553151012,-0.09261295337229969,-0.0032386732287705,0.0014494690392166457,0.0008712372928858098,-0.003947471696883432
-0.006360262520611296,-0.03410230209119617,-0.0012133044097572595,-0.024661145899444816,-0.0060639828536659425,-0.008129642009735108,0.012610441520810135,-0.05363785518333314,-0.0006478926632553349,-0.000673156958073377,0.0014298296626657336,0.007040390213951454,-0.00277770280838013,0.0,-0.0028501171246170937,0.0018876671604812316,-0.009067441150546092,0.0020026843249797838,0.0013988408632576582,0.0,-0.0048192438483238426,-0.011368900090456005,-0.002545762248337276,0.0005860114097595015,-0.0016124145127832737,-0.0014277659356594294,0.0,-0.013321861270815118,0.0,0.0,-0.007271334845572724,0.0005596938915550746,-0.01526351854205131,0.0,0.00045596312731504933,-0.006500761322677136,0.0003209351655095883,-0.006184383174404506,-0.002205825671553625,-0.010136970635503534,-0.0009572358522564328,-0.0029503842070698737,-0.1466878608078696,-0.0060641081375069905,0.002510514375753725,-0.0107368144672364,-0.01170612410642205
-0.004809181401506046,-0.06649145575240255,-0.00234405100345611,-0.041246772296726686,-0.01806693017482755,-0.010343721508979775,0.01999566644430159,-0.08692342918366193,-0.001151398718357094,-0.0046140832640231,-0.0008147195726632972,-0.007038856856524972,-0.003013706952333439,0.0,-0.0029812359064817495,0.0005188832245766883,-0.007449781298637381,0.003752927333116496,-0.00919338084757329,0.0,0.0005523788928985668,-0.011464991420507442,-0.001387400357052676,-0.00038836851716042564,-0.0025902219768613732,-0.002161853630095731,0.0,0.008091570418328087,0.0,0.0,0.018431028248742237,0.00015182402916252835,-0.00872229099273683,0.0,-0.00021837227046488106,-0.006346862805075931,-2.9375189915303856e-05,-0.007945740893483128,-0.005821827501058585,0.011504177758470152,-0.00035021046176553217,-0.004662764556705945,0.04214704676531256,-0.0033488482888787696,-0.001554411076940626,-0.010066214473918075,-0.0023908384889364254
0.007395321484655132,0.019713125675916654,0.013873393954709157,-0.01811099335551261,-0.01002033546566966,-0.004443944692611668,-0.0056993931625038685,0.11826890060678119,0.0004849125444889024,-0.0038348466157913097,0.0033035328984260814,-0.012429407313466034,-0.000760606974363337,0.0,-0.0017512033879756583,0.0024087181128562007,-0.007418477386236189,0.007821644954383367,0.013744398020207882,0.0,-0.0020650684833526667,-0.0037317341566086015,-0.003803589791059492,0.00013119012117385198,-0.000590181760489944,-3.481708467009681e-05,0.0,0.009507404565811173,0.0,0.0,0.03212870433926579,-0.001981592802330845,-0.004431824684143049,0.0,-0.002082940638065356,-0.002584101445972903,-0.0003418741468340092,-0.0034128891304135156,-0.0002944627404212752,-0.04757607976906,-0.01815353702753783,-0.018481957335025084,0.11259254244156183,0.013225711956620229,-0.001675228849053384,-0.009259597621858073,-0.004515931904316012
-0.014357817117124805,0.0346785391587764,0.002610001955181355,-0.045673099961131794,-0.01905966877937315,-0.009059610813856131,0.01473857290111483,-0.06351143354550004,-0.0011897704470902881,-0.0022062060516327697,-0.0035713876970112374,0.007086323704570546,-0.0026012431830167715,0.0,-0.003911123573780066,0.0012506543286144901,-0.0040483135357499075,-0.009870517542585736,0.016196040725335495,0.0,-0.006099742222577321,-0.006571971774101251,-0.0024457235075533573,0.0038107270747423094,-0.0019746179878711856,-0.0007854851987212919,0.0,-0.029977269526571024,0.0,0.0,-0.010287942746654136,-0.00011752327904107629,-0.009943557903170594,0.0,-0.002421068307012327,-0.010152858635410655,0.00019738902337847544,-0.0028378826752305138,0.00038064290769399337,-0.05421359250321983,-0.037122327620163556,-0.029179158583283446,-0.07456973819993437,0.0160123531613499,-0.0009326839540153842,-0.008818476479500528,-0.006964653031900511
0.0060095910448580425,0.07037447126116603,-0.005940321907401097,-0.014250488728284827,-0.02106062307953835,-0.0009362557530403215,-0.028067887108772976,0.13079322632402185,-0.002907486073672777,0.02441473063081498,-0.016966253388673053,0.0177314109960571,0.00019783362746239597,0.0,-0.0005786117911338318,0.002206602580845346,-0.004170242324471468,0.0022497922182083407,-0.008270286172628372,0.0,-0.0013455033302307573,-0.004600195884704533,-0.0030998244136572206,-0.0012123471498489136,-0.005184348709881298,-5.211383104325451e-05,0.0,-0.009536617305129752,0.0,0.0,-0.02363091468811032,-0.0021533266454935307,-0.00788492321968079,0.0,-0.006752499639987947,-0.01154729793779552,0.00012875161133707458,-0.0026623827219009744,-0.0014328515529632435,0.10653586996719241,0.006793212601914983,0.004814621536061131,0.009594561886042324,-0.002248057313263413,-0.004968918059021249,-0.012075574276968815,0.04211628012359142
0.012847264762967853,0.02637871645390985,0.00016776150092479014,0.26662502665072674,-0.004383523464202815,0.02760466814041139,-0.011940061524510437,-0.02465072453022002,0.00038888923823832133,-0.001443855538964256,0.0027853116206824347,-0.0016753363795578569,-0.004041505977511434,0.0,-0.0019044247269630749,0.0004519687592983712,0.0004455451667308985,0.00450624480843545,-0.005197720024734731,0.0,-0.00023778796195986218,8.763670921324573e-05,0.0016591047495603806,0.0024171042442321655,0.00036438141949474145,-0.00026333332061762027,0.0,-0.010375444628298314,0.0,0.0,0.011245060535147816,0.0051056297868490585,-0.002832677960395824,0.0,-0.0029860199615359267,-0.019173229634761813,0.0006690998747945209,-0.002902252562344082,-0.0003853477910160663,-0.05519361159764234,-0.004548223298043053,-0.001804581303149505,0.09061530516482891,-0.0024370333086698726,-0.011113269329071057,0.0006218225322663917,0.006671894285827817
0.0012307813297957187,-0.044300015093758686,0.0053735132236033545,-0.04554046219214795,-0.018822754509747006,-0.007233081534504901,0.0031682234816253277,-0.03678446035832165,-0.0025736293010413455,0.016141485972329964,0.00013862089021133422,0.004219907484948653,0.000968622453510759,0.0,-0.0008970549330115374,0.0008605177793651608,-0.004461862733587625,0.005014211945235721,-0.0055062812566757414,0.0,-0.016728499084711093,-0.0013831941038370196,-0.0016077814437449045,-0.0011430469155311596,-0.002142317797988673,-0.00019740025512873793,0.000979281261097642,0.008470744462683803,0.0,0.0,-0.01140519917011263,0.0013981829211115668,-0.0214070977270603,0.06386413619853558,-0.0011406918615102513,0.0076101021352223824,0.0011828944645822098,-0.0020619699545204734,0.0018238621391356014,-0.012272508200258013,0.002331968108192084,-0.0019313221937045447,-0.18037946157157422,0.0014079061546362973,-0.0028347797505557486,-0.0039229848515242305,-0.0029380268417298835
-0.001836735680699364,-0.051751910746097585,-0.0040766750648617706,-0.04301876947283745,-0.028550434261560453,-0.005407794415950767,0.017332860305905334,-0.07090382866561415,-0.0005683876201510174,-0.004527518153190635,-0.004249742804095152,-0.005255085900425921,-0.0031189337372779513,0.0,-0.0021024258434772236,0.0003346173651516404,0.031001684553921216,0.00033256515860558,0.019907859824597807,0.0,-0.006396573185920712,-0.007653705179691328,0.0002811642736196551,-0.0035610347986221313,-0.003443807754665601,-0.0016796353086828975,0.0,0.004112316481769074,0.0,0.0,-0.01334042377769945,-0.011600528843700914,-0.0037437966465949934,0.0019921741075813737,-0.0014976470917463375,0.0017309700511395631,0.0004450074583292052,-0.004451679810881626,0.0013303965330123957,0.04540249649900943,-0.0038045610859989976,-0.012596368100494165,-0.11206767661031333,-0.006877915952354652,0.00545605603605509,0.008373110648244642,0.039531375840306304
-0.004557578563690212,0.035290588438510906,0.0009751731157303101,0.11428463206626474,0.13958112299442293,-0.004948808923363718,0.01863100022077563,-0.008325036764144922,-0.00033977955579755914,-0.002194268703460678,-0.003849656879901908,-0.02163015827536585,-0.0014164122939110402,0.0,-0.0016741755604744446,-0.0005912071466445679,-0.0034842449426650823,-0.0034915019571781225,-0.00495038479566573,0.0,-0.0003760462999343739,-0.0029042440652847223,-0.000989368259906781,0.0006034857034683538,-0.0023414593935012773,-0.0026295150816440516,0.0,-0.01777270792052149,0.0,0.0,-0.0159195828810334,0.0009231590479612528,-0.008249886035919224,0.0,-0.004519670605659554,-0.003324826657772062,-0.00029152065515519743,0.003668797314167027,-2.0924806594824208e-05,-0.06772707343101503,-0.00020632117986679743,-0.0046151472628116474,0.11611427986063066,0.0019601511955261164,0.0003209605626761647,0.003929494321346316,-0.0028676825761794755
-0.0016496339906006824,-0.061331993858329936,0.006951705897226934,-0.04516983330249785,-0.022204578220844276,0.0010672578215599055,-0.022131048520095675,0.0971286606416106,0.0016426441818475634,-0.002954787258058783,0.005580372130498265,-0.00965069483965636,0.0011325239203870408,0.0,-0.001070473492145535,7.582560181618181e-05,-0.0017273480724543377,0.012022311836481087,0.008331341398879893,0.0,-0.008468028157949448,-0.0033991375565528836,-0.0025648336485028095,-0.000670121163129811,-0.00156703988090158,-0.0006650964543223059,0.0,0.00410902643576265,0.0,0.0,-0.026504898034036162,-0.0026019904762506207,-0.01086408376693726,0.0,0.027810091869905587,0.0023286959901452076,-0.0008738222718238653,-0.002745287045836431,-4.565522074700956e-05,-0.04889895314350723,0.005338899469934405,-0.021830363697372374,-0.013322995658963943,0.004611424375325426,0.002792899124324316,0.0009788509830832293,-0.009921797364950205
-0.018632377721369248,0.06713884688913822,-0.007545301243662844,-0.04104743212461473,-0.018482051789760576,-0.008993043899536132,0.006881098710000505,-0.04412873908877374,-0.0007181721180677392,-0.004791204929351811,-0.0026070843636989416,-0.0021871046861633714,-0.002019884139299377,0.0,-0.001913541406393049,0.00017482832074164345,-0.007175410836935042,-0.000753606855869296,-0.007830685004591942,0.0,-0.0053630381822586115,-0.008031440824270208,-0.0029831702262163307,-0.0016438594460487371,-0.003993424624204642,-0.002158047929406187,0.0,0.018665585806593304,0.0,0.0,0.03490487601608039,0.0008643468469381327,-0.0081028024852276,0.0,0.0008557552844285776,-0.004140127552673234,-0.0004921932518482108,-0.007585001885890924,-0.002128113210201288,-0.05326740683987735,-0.01308754436671733,-0.008797556320205319,0.04049579069018361,-0.006576318480074422,0.0013371273130178413,-0.003278165175579467,-0.003917443081736555
0.0005382452905178248,0.03217654032632711,0.002157322168350184,0.14096485828049485,0.0786216361820698,-0.0008651369810104559,-0.006001195553690192,0.03454273399896923,-1.2425780296365652e-05,-0.00494356691837311,-0.00045270554721360545,0.006548473909497254,0.001276520378887619,0.0,-0.0010521481931209664,0.005132386386394461,-0.0020809677243233127,0.0017039301991462752,-0.003901301920413991,0.0,-0.004165697991847961,-0.004576783776283289,-0.0038334964588284115,0.0007021838426589933,-0.0018184195458889052,-0.00033547312021253717,0.0,0.00748899601399905,0.0,0.0,0.02429119631648069,-0.0008444866538048212,-0.005559354424476637,0.0,-0.00396468251943588,-0.013922176063060843,0.0010623855888843847,0.0005929338932036954,0.00031121492385860483,0.007542148977518093,0.0071630696952343365,-0.003937384933233257,0.04433406874537471,0.005755852311849552,-0.001347749531269038,0.0029255213588476603,-0.00473690643906588
0.0010167997051030442,-0.02545729495584967,-0.00045394293963904597,0.19095448952168226,0.06661968890577558,-0.0014076417684555365,0.013581278026103982,-0.00016263216733930497,0.0005188792943954523,0.0002922564744949341,0.0031252243462950025,0.0024528319388628095,0.019054083600640315,0.0,0.013298139944672577,0.0018921207450330324,-0.00250026732683184,0.0031080031394958574,-0.005130180492997183,0.0,-0.003111336827278155,-0.0014942944049835538,-0.001218863688409344,0.0016089679300784754,0.005698475949466264,-0.000647687837481481,0.0,-0.0007889371365308595,0.0,0.0,-0.004747805893421164,0.00651140362024305,-0.00330580651760104,0.0,-0.005459704585373398,0.00037113234400745765,0.0004223348200321497,-0.002608885467052402,0.0006245523691177368,0.0856808145996183,-0.003534878101199873,0.011615334302186975,0.009221071833744654,0.007085349261760687,0.0021517307311296197,0.006103986799716937,-0.014371994361281365
0.015549024641513809,0.056761799026280674,0.0037813376635312534,-0.017469007223844563,-0.011959953606128726,-0.00225735902786256,-0.03041761525906625,0.09252643863670529,6.399188190700511e-05,-0.002330481838434928,0.00026842236518859197,-0.003765430450439422,-0.001688581854104948,0.0,-0.0006415459513664235,0.002174555249512211,-0.005401555672287922,0.013508833004161697,0.010892477585002808,0.0,-0.0014210355281829568,-0.0037713003158569847,-0.0011694929003715493,-0.0019524133205413574,-0.0013802276924252677,-0.0006496877782046773,0.0,0.005450704116374244,0.0,0.0,0.03343736834824085,-0.0034769231081008545,-0.0032719498872757213,0.0,-0.0022530715167522752,0.0014476959221065011,0.0013621074147522616,-0.0022186657786369413,-0.0032790833711623946,0.006185737829655424,-0.0162561685219407,-0.002757665067911197,0.08266929358243941,0.06502245303243406,0.0006648654304444723,-0.00019869836047289868,-0.003477140665054307
